fecha,region,canal,categoria,producto,vendedor,unidades,precio_unitario,descuento,total_venta,satisfaccion
2026-01-19,Eje Cafetero,Tienda física,Snacks,Barra de cereal,A. Rojas,21,8900.0,0.0,186900.0,3.3
2025-09-20,Bogotá,E-commerce,Cuidado,Crema corporal,C. Ramírez,17,24100.0,0.05,389215.0,4.6
2025-10-09,Eje Cafetero,Tienda física,Snacks,Chips de plátano,A. Rojas,7,10300.0,0.0,72100.0,4.7
2026-01-02,Santander,Tienda física,Cuidado,Jabón artesanal,D. Mejía,10,19800.0,0.1,178200.0,4.3
2025-09-28,Bogotá,Tienda física,Snacks,Barra de cereal,L. Gómez,5,11500.0,0.1,51750.0,4.5
2026-04-02,Valle del Cauca,E-commerce,Cuidado,Crema corporal,D. Mejía,10,23000.0,0.15,195500.0,3.3
2026-05-28,Atlántico,Distribuidor,Bebidas,Agua saborizada,A. Rojas,13,7400.0,0.0,96200.0,3.7
2026-01-29,Atlántico,Tienda física,Snacks,Barra de cereal,D. Mejía,8,10300.0,0.0,82400.0,4.0
2026-01-14,Valle del Cauca,Marketplace,Bebidas,Agua saborizada,L. Gómez,7,7200.0,0.0,50400.0,4.3
2025-09-09,Eje Cafetero,Distribuidor,Café,Cápsulas x20,D. Mejía,10,29700.0,0.15,252450.0,3.8
2026-02-20,Atlántico,Distribuidor,Bebidas,Té frío 500ml,M. Torres,15,5900.0,0.0,88500.0,4.4
2026-02-26,Bogotá,E-commerce,Cuidado,Crema corporal,J. Peña,17,26400.0,0.1,403920.0,4.7
2026-03-15,Atlántico,Distribuidor,Bebidas,Agua saborizada,M. Torres,11,6200.0,0.0,68200.0,3.1
2026-07-10,Atlántico,E-commerce,Snacks,Mix de frutos secos,M. Torres,7,9600.0,0.0,67200.0,3.7
2026-02-12,Eje Cafetero,Tienda física,Bebidas,Té frío 500ml,D. Mejía,1,7400.0,0.15,6290.0,4.0
2026-02-26,Bogotá,Marketplace,Cuidado,Crema corporal,M. Torres,17,25100.0,0.0,426700.0,2.9
2025-11-21,Bogotá,Distribuidor,Cuidado,Jabón artesanal,C. Ramírez,11,33400.0,0.1,330660.0,4.9
2026-06-17,Antioquia,Marketplace,Café,Café molido 500g,J. Peña,12,26200.0,0.0,314400.0,
2026-04-06,Atlántico,Marketplace,Café,Café molido 500g,J. Peña,7,26200.0,0.15,155890.0,4.4
2026-04-09,Bogotá,E-commerce,Snacks,Chips de plátano,J. Peña,14,14100.0,0.1,177660.0,3.1
2026-05-12,Valle del Cauca,Tienda física,Café,Cápsulas x20,J. Peña,12,27800.0,0.0,333600.0,4.5
2026-05-06,Antioquia,E-commerce,Bebidas,Agua saborizada,,8,7900.0,0.05,60040.0,
2025-11-17,Eje Cafetero,Tienda física,Cuidado,Crema corporal,S. Vargas,26,26100.0,0.0,678600.0,4.1
2026-01-30,Valle del Cauca,Distribuidor,Cuidado,Shampoo sólido,M. Torres,13,17500.0,0.0,227500.0,3.8
2026-01-26,Santander,Tienda física,Snacks,Barra de cereal,D. Mejía,3,9900.0,0.0,29700.0,
2026-02-21,Antioquia,Marketplace,Snacks,Barra de cereal,,15,9900.0,0.0,148500.0,4.6
2026-02-25,Eje Cafetero,Tienda física,Cuidado,Crema corporal,A. Rojas,13,17700.0,0.0,230100.0,
2026-07-08,Santander,Marketplace,Snacks,Chips de plátano,M. Torres,9,9600.0,0.0,86400.0,4.0
2025-10-13,Eje Cafetero,Tienda física,Café,Café molido 500g,D. Mejía,1,28200.0,0.0,28200.0,4.7
2025-08-21,Valle del Cauca,E-commerce,Bebidas,Té frío 500ml,J. Peña,11,7800.0,0.0,85800.0,4.0
2025-10-13,Valle del Cauca,Marketplace,Café,Cápsulas x20,,7,28800.0,0.1,181440.0,4.0
2026-05-02,Antioquia,Tienda física,Café,Café en grano 1kg,M. Torres,3,30600.0,0.0,91800.0,3.1
2026-06-19,Bogotá,Distribuidor,Café,Cápsulas x20,A. Rojas,10,35700.0,0.0,357000.0,2.9
2025-11-12,Bogotá,Marketplace,Bebidas,Té frío 500ml,L. Gómez,6,11400.0,0.0,68400.0,
2026-04-22,Valle del Cauca,Marketplace,Snacks,Chips de plátano,,1,9200.0,0.0,9200.0,4.0
2025-12-17,Antioquia,Marketplace,Snacks,Barra de cereal,J. Peña,13,11300.0,0.05,139555.0,3.0
2025-12-08,Antioquia,Distribuidor,Cuidado,Jabón artesanal,S. Vargas,17,24100.0,0.15,348245.0,
2025-10-19,Atlántico,E-commerce,Bebidas,Té frío 500ml,L. Gómez,1,7800.0,0.0,7800.0,4.7
2025-10-29,Eje Cafetero,Marketplace,Snacks,Mix de frutos secos,J. Peña,21,9000.0,0.0,189000.0,3.0
2026-02-10,Santander,Marketplace,Café,Café en grano 1kg,L. Gómez,13,28300.0,0.0,367900.0,3.5
2026-06-22,Bogotá,Tienda física,Bebidas,Agua saborizada,C. Ramírez,26,9300.0,0.0,241800.0,3.4
2025-08-27,Antioquia,Marketplace,Snacks,Barra de cereal,D. Mejía,12,10000.0,0.15,102000.0,4.9
2026-03-02,Santander,Marketplace,Snacks,Chips de plátano,M. Torres,13,8200.0,0.15,90610.0,3.7
2025-09-13,Eje Cafetero,Tienda física,Bebidas,Té frío 500ml,A. Rojas,11,7200.0,0.0,79200.0,4.7
2025-09-10,Atlántico,Tienda física,Bebidas,Té frío 500ml,A. Rojas,9,7400.0,0.0,66600.0,3.1
2026-05-03,Antioquia,Distribuidor,Snacks,Mix de frutos secos,J. Peña,21,8200.0,0.0,172200.0,4.2
2026-05-05,Atlántico,E-commerce,Snacks,Barra de cereal,C. Ramírez,12,11400.0,0.0,136800.0,2.8
2026-04-22,Atlántico,E-commerce,Snacks,Chips de plátano,S. Vargas,26,11200.0,0.0,291200.0,4.6
2026-03-16,Atlántico,Distribuidor,Cuidado,Shampoo sólido,S. Vargas,6,18700.0,0.15,95370.0,4.2
2026-03-02,Antioquia,Tienda física,Bebidas,Té frío 500ml,J. Peña,1,6000.0,0.15,5100.0,3.7
2025-09-04,Atlántico,Distribuidor,Café,Cápsulas x20,M. Torres,5,25500.0,0.0,127500.0,3.4
2025-08-08,Valle del Cauca,Distribuidor,Bebidas,Jugo natural 1L,M. Torres,7,6200.0,0.0,43400.0,3.6
2025-08-07,Bogotá,Marketplace,Bebidas,Jugo natural 1L,C. Ramírez,12,7800.0,0.0,93600.0,3.4
2025-09-21,Santander,Tienda física,Snacks,Barra de cereal,J. Peña,24,9000.0,0.0,216000.0,4.2
2025-09-19,Eje Cafetero,Marketplace,Snacks,Chips de plátano,S. Vargas,15,9200.0,0.0,138000.0,4.2
2025-10-20,Santander,Marketplace,Café,Cápsulas x20,M. Torres,2,30300.0,0.1,54540.0,4.8
2026-04-22,Santander,E-commerce,Café,Cápsulas x20,L. Gómez,15,32600.0,0.0,489000.0,4.6
2026-05-19,Bogotá,E-commerce,Café,Cápsulas x20,L. Gómez,15,39400.0,0.0,591000.0,
2026-04-21,Santander,Tienda física,Café,Cápsulas x20,M. Torres,13,30900.0,0.0,401700.0,4.4
2025-11-20,Eje Cafetero,Marketplace,Snacks,Chips de plátano,C. Ramírez,6,12400.0,0.05,70680.0,3.9
2026-07-23,Santander,E-commerce,Bebidas,Té frío 500ml,S. Vargas,17,6900.0,0.15,99705.0,3.5
2026-05-24,Atlántico,Tienda física,Snacks,Mix de frutos secos,C. Ramírez,15,9200.0,0.15,117300.0,4.3
2026-07-18,Eje Cafetero,Distribuidor,Cuidado,Crema corporal,M. Torres,6,17700.0,0.1,95580.0,
2025-09-19,Valle del Cauca,Marketplace,Cuidado,Jabón artesanal,L. Gómez,15,17500.0,0.1,236250.0,5.0
2026-02-21,Bogotá,Tienda física,Snacks,Mix de frutos secos,A. Rojas,19,12800.0,0.0,243200.0,4.6
2026-04-24,Eje Cafetero,Distribuidor,Bebidas,Té frío 500ml,L. Gómez,20,6200.0,0.05,117800.0,2.9
2025-08-08,Atlántico,Marketplace,Cuidado,Shampoo sólido,C. Ramírez,12,18700.0,0.0,224400.0,4.6
2025-08-07,Atlántico,Tienda física,Bebidas,Jugo natural 1L,S. Vargas,17,7400.0,0.0,125800.0,2.8
2026-01-02,Bogotá,Marketplace,Bebidas,Jugo natural 1L,D. Mejía,3,7500.0,0.05,21375.0,3.4
2025-08-31,Bogotá,Distribuidor,Bebidas,Té frío 500ml,M. Torres,23,8600.0,0.0,197800.0,4.9
2026-03-18,Valle del Cauca,Marketplace,Bebidas,Té frío 500ml,A. Rojas,23,6900.0,0.1,142830.0,3.2
2025-09-17,Atlántico,Marketplace,Café,Cápsulas x20,S. Vargas,5,29500.0,0.0,147500.0,4.7
2026-04-12,Antioquia,E-commerce,Café,Cápsulas x20,S. Vargas,7,30000.0,0.15,178500.0,4.9
2025-12-18,Antioquia,Distribuidor,Cuidado,Shampoo sólido,L. Gómez,15,26200.0,0.15,334050.0,3.1
2026-07-02,Antioquia,Marketplace,Snacks,Mix de frutos secos,L. Gómez,6,8800.0,0.05,50160.0,3.1
2025-11-13,Antioquia,Distribuidor,Snacks,Mix de frutos secos,M. Torres,11,12600.0,0.0,138600.0,3.6
2026-05-25,Eje Cafetero,Marketplace,Snacks,Mix de frutos secos,J. Peña,5,8600.0,0.0,43000.0,4.5
2026-04-19,Valle del Cauca,E-commerce,Bebidas,Agua saborizada,S. Vargas,21,7700.0,0.1,145530.0,4.5
2025-11-25,Antioquia,Marketplace,Café,Café en grano 1kg,M. Torres,7,43000.0,0.0,301000.0,2.9
2026-08-05,Atlántico,Tienda física,Cuidado,Shampoo sólido,D. Mejía,18,17400.0,0.1,281880.0,3.8
2026-03-24,Antioquia,E-commerce,Snacks,Mix de frutos secos,S. Vargas,24,9200.0,0.15,187680.0,4.2
2026-03-29,Bogotá,Tienda física,Café,Cápsulas x20,A. Rojas,29,38300.0,0.0,1110700.0,4.8
2026-07-03,Eje Cafetero,Distribuidor,Bebidas,Té frío 500ml,C. Ramírez,6,7100.0,0.0,42600.0,3.5
2026-06-01,Valle del Cauca,E-commerce,Snacks,Barra de cereal,C. Ramírez,12,10900.0,0.0,130800.0,4.0
2026-03-30,Eje Cafetero,E-commerce,Bebidas,Jugo natural 1L,S. Vargas,8,6900.0,0.05,52440.0,4.2
2025-09-04,Atlántico,Marketplace,Café,Café molido 500g,S. Vargas,14,25800.0,0.0,361200.0,3.7
2026-02-12,Bogotá,Distribuidor,Snacks,Barra de cereal,D. Mejía,12,11200.0,0.0,134400.0,3.4
2026-04-22,Atlántico,E-commerce,Café,Café molido 500g,,7,30100.0,0.0,210700.0,
2025-12-20,Santander,Marketplace,Bebidas,Té frío 500ml,C. Ramírez,2,9000.0,0.15,15300.0,4.9
2025-10-20,Antioquia,Tienda física,Cuidado,Jabón artesanal,L. Gómez,4,21700.0,0.0,86800.0,2.9
2025-09-06,Atlántico,Distribuidor,Snacks,Barra de cereal,M. Torres,11,10200.0,0.0,112200.0,3.2
2026-05-02,Valle del Cauca,Marketplace,Cuidado,Jabón artesanal,L. Gómez,1,21100.0,0.0,21100.0,3.2
2025-08-08,Bogotá,Distribuidor,Café,Café en grano 1kg,L. Gómez,1,36400.0,0.0,36400.0,3.6
2026-01-12,Bogotá,Marketplace,Cuidado,Jabón artesanal,L. Gómez,21,22500.0,0.1,425250.0,3.2
2026-02-09,Eje Cafetero,Marketplace,Cuidado,Jabón artesanal,C. Ramírez,14,19000.0,0.05,252700.0,3.8
2025-09-07,Eje Cafetero,Tienda física,Bebidas,Té frío 500ml,J. Peña,23,7300.0,0.0,167900.0,3.4
2026-06-18,Eje Cafetero,Distribuidor,Café,Café en grano 1kg,D. Mejía,19,30300.0,0.1,518130.0,4.2
2025-09-09,Bogotá,Marketplace,Café,Café molido 500g,D. Mejía,11,37800.0,0.05,395010.0,3.7
2025-12-13,Antioquia,Marketplace,Cuidado,Crema corporal,D. Mejía,19,27800.0,0.15,448970.0,3.1
2025-12-05,Atlántico,Distribuidor,Bebidas,Jugo natural 1L,C. Ramírez,25,9600.0,0.1,216000.0,3.9
2026-02-23,Atlántico,Tienda física,Snacks,Mix de frutos secos,L. Gómez,9,9300.0,0.0,83700.0,4.7
2025-09-12,Bogotá,E-commerce,Bebidas,Agua saborizada,S. Vargas,7,8300.0,0.05,55195.0,4.9
2025-11-03,Atlántico,Marketplace,Snacks,Mix de frutos secos,D. Mejía,6,13200.0,0.15,67320.0,3.1
2026-01-04,Santander,Distribuidor,Bebidas,Jugo natural 1L,J. Peña,6,6500.0,0.15,33150.0,3.2
2025-12-11,Antioquia,E-commerce,Snacks,Mix de frutos secos,L. Gómez,11,12700.0,0.0,139700.0,3.4
2025-12-10,Bogotá,Marketplace,Snacks,Chips de plátano,C. Ramírez,28,17400.0,0.0,487200.0,3.8
2025-12-03,Bogotá,Distribuidor,Cuidado,Crema corporal,M. Torres,14,33700.0,0.1,424620.0,4.8
2026-02-13,Santander,Distribuidor,Snacks,Barra de cereal,C. Ramírez,16,9800.0,0.15,133280.0,3.0
2026-06-08,Bogotá,Distribuidor,Bebidas,Té frío 500ml,A. Rojas,12,9300.0,0.0,111600.0,4.4
2025-11-19,Atlántico,Distribuidor,Café,Café en grano 1kg,C. Ramírez,15,35800.0,0.0,537000.0,3.2
2026-04-17,Atlántico,Tienda física,Cuidado,Jabón artesanal,C. Ramírez,16,17800.0,0.1,256320.0,4.2
2026-02-26,Valle del Cauca,Distribuidor,Bebidas,Jugo natural 1L,J. Peña,4,6500.0,0.0,26000.0,4.4
2026-02-05,Bogotá,Distribuidor,Cuidado,Crema corporal,L. Gómez,9,23800.0,0.0,214200.0,4.8
2026-03-11,Atlántico,Distribuidor,Café,Café molido 500g,M. Torres,8,28400.0,0.0,227200.0,2.8
2026-05-16,Atlántico,Tienda física,Snacks,Chips de plátano,M. Torres,1,9800.0,0.0,9800.0,3.6
2025-10-28,Bogotá,Marketplace,Snacks,Mix de frutos secos,J. Peña,6,11500.0,0.0,69000.0,
2025-08-29,Bogotá,Marketplace,Cuidado,Crema corporal,S. Vargas,23,25500.0,0.0,586500.0,4.5
2025-11-28,Antioquia,Marketplace,Cuidado,Shampoo sólido,C. Ramírez,19,24300.0,0.0,461700.0,3.7
2026-04-29,Valle del Cauca,Tienda física,Snacks,Barra de cereal,C. Ramírez,24,9900.0,0.0,237600.0,4.7
2026-07-17,Valle del Cauca,Tienda física,Café,Cápsulas x20,,29,27900.0,0.05,768645.0,4.7
2026-01-10,Santander,E-commerce,Cuidado,Crema corporal,M. Torres,4,21100.0,0.05,80180.0,2.9
2026-06-19,Antioquia,Marketplace,Cuidado,Crema corporal,D. Mejía,18,20700.0,0.05,353970.0,3.2
2026-04-06,Bogotá,E-commerce,Cuidado,Jabón artesanal,A. Rojas,9,28800.0,0.1,233280.0,4.2
2025-08-27,Eje Cafetero,Distribuidor,Snacks,Mix de frutos secos,C. Ramírez,19,9800.0,0.1,167580.0,2.9
2026-04-22,Antioquia,Tienda física,Cuidado,Shampoo sólido,M. Torres,28,20600.0,0.0,576800.0,3.1
2026-04-15,Eje Cafetero,E-commerce,Bebidas,Té frío 500ml,A. Rojas,1,6600.0,0.0,6600.0,4.5
2025-10-27,Valle del Cauca,Marketplace,Bebidas,Agua saborizada,A. Rojas,19,7300.0,0.0,138700.0,3.4
2026-04-23,Valle del Cauca,Tienda física,Snacks,Barra de cereal,M. Torres,20,8500.0,0.05,161500.0,4.2
2025-12-27,Antioquia,Distribuidor,Bebidas,Jugo natural 1L,D. Mejía,20,9300.0,0.0,186000.0,3.8
2026-04-30,Santander,Marketplace,Café,Café en grano 1kg,J. Peña,19,30400.0,0.0,577600.0,3.6
2026-02-11,Valle del Cauca,Tienda física,Snacks,Barra de cereal,J. Peña,9,9800.0,0.0,88200.0,4.6
2025-12-14,Santander,Distribuidor,Bebidas,Agua saborizada,C. Ramírez,15,9500.0,0.15,121125.0,3.3
2026-01-02,Santander,Distribuidor,Cuidado,Crema corporal,C. Ramírez,16,18200.0,0.15,247520.0,2.8
2025-08-08,Bogotá,Distribuidor,Bebidas,Jugo natural 1L,A. Rojas,11,8400.0,0.05,87780.0,3.5
2025-10-14,Santander,Marketplace,Snacks,Barra de cereal,M. Torres,14,9900.0,0.15,117810.0,3.8
2025-09-08,Valle del Cauca,Marketplace,Snacks,Chips de plátano,C. Ramírez,14,9900.0,0.0,138600.0,4.2
2026-05-21,Eje Cafetero,Marketplace,Bebidas,Agua saborizada,C. Ramírez,7,6700.0,0.0,46900.0,2.9
2026-05-06,Antioquia,E-commerce,Café,Café en grano 1kg,C. Ramírez,8,28900.0,0.0,231200.0,4.1
2026-07-09,Atlántico,E-commerce,Snacks,Mix de frutos secos,D. Mejía,4,10500.0,0.05,39900.0,4.1
2026-04-24,Valle del Cauca,Tienda física,Bebidas,Té frío 500ml,D. Mejía,12,7500.0,0.15,76500.0,3.9
2026-05-09,Atlántico,Marketplace,Café,Café en grano 1kg,J. Peña,22,26400.0,0.0,580800.0,3.3
2025-08-26,Eje Cafetero,Distribuidor,Café,Café en grano 1kg,S. Vargas,18,30200.0,0.0,543600.0,4.0
2026-03-18,Eje Cafetero,E-commerce,Bebidas,Jugo natural 1L,D. Mejía,21,6700.0,0.0,140700.0,4.4
2025-10-27,Atlántico,Distribuidor,Bebidas,Té frío 500ml,D. Mejía,18,6800.0,0.05,116280.0,4.2
2026-07-27,Santander,Tienda física,Cuidado,Crema corporal,J. Peña,18,20500.0,0.1,332100.0,4.5
2026-02-23,Antioquia,E-commerce,Café,Cápsulas x20,C. Ramírez,8,28000.0,0.0,224000.0,4.2
2025-10-28,Eje Cafetero,Tienda física,Bebidas,Té frío 500ml,S. Vargas,17,6900.0,0.0,117300.0,2.9
2025-08-30,Valle del Cauca,E-commerce,Café,Cápsulas x20,S. Vargas,14,34000.0,0.1,428400.0,2.9
2026-08-06,Antioquia,E-commerce,Cuidado,Jabón artesanal,C. Ramírez,14,23800.0,0.15,283220.0,4.6
2026-06-26,Bogotá,E-commerce,Bebidas,Jugo natural 1L,M. Torres,15,8300.0,0.15,105825.0,3.4
2026-01-26,Bogotá,Distribuidor,Cuidado,Crema corporal,J. Peña,13,25600.0,0.0,332800.0,4.5
2026-06-11,Santander,Tienda física,Cuidado,Crema corporal,L. Gómez,19,20800.0,0.0,395200.0,3.9
2025-09-26,Eje Cafetero,Tienda física,Bebidas,Jugo natural 1L,A. Rojas,9,7300.0,0.0,65700.0,4.6
2025-11-02,Santander,E-commerce,Cuidado,Jabón artesanal,C. Ramírez,12,27400.0,0.0,328800.0,3.6
2025-09-24,Antioquia,Marketplace,Cuidado,Shampoo sólido,M. Torres,1,19500.0,0.1,17550.0,3.4
2025-11-24,Antioquia,Tienda física,Snacks,Barra de cereal,L. Gómez,4,13800.0,0.0,55200.0,4.5
2026-07-29,Valle del Cauca,Distribuidor,Café,Cápsulas x20,C. Ramírez,27,31400.0,0.15,720630.0,3.7
2026-07-03,Antioquia,Distribuidor,Café,Café en grano 1kg,A. Rojas,23,27000.0,0.1,558900.0,3.2
2026-06-25,Antioquia,Tienda física,Snacks,Barra de cereal,S. Vargas,10,8400.0,0.05,79800.0,4.0
2026-01-19,Atlántico,Distribuidor,Snacks,Barra de cereal,J. Peña,19,9400.0,0.0,178600.0,3.8
2026-07-29,Antioquia,Distribuidor,Snacks,Chips de plátano,S. Vargas,10,10000.0,0.0,100000.0,3.1
2025-12-11,Santander,Distribuidor,Bebidas,Agua saborizada,M. Torres,24,8300.0,0.0,199200.0,3.4
2025-09-28,Bogotá,E-commerce,Snacks,Chips de plátano,J. Peña,1,13600.0,0.15,11560.0,3.8
2025-11-15,Bogotá,Distribuidor,Café,Cápsulas x20,L. Gómez,27,45000.0,0.05,1154250.0,2.9
2026-02-27,Antioquia,Distribuidor,Cuidado,Shampoo sólido,C. Ramírez,10,20000.0,0.05,190000.0,4.4
2026-03-15,Eje Cafetero,E-commerce,Cuidado,Jabón artesanal,C. Ramírez,14,22400.0,0.15,266560.0,3.8
2026-01-14,Eje Cafetero,Tienda física,Bebidas,Agua saborizada,S. Vargas,18,6500.0,0.15,99450.0,3.1
2026-03-11,Bogotá,Marketplace,Cuidado,Crema corporal,D. Mejía,10,24500.0,0.15,208250.0,3.2
2026-07-08,Atlántico,Marketplace,Bebidas,Té frío 500ml,M. Torres,16,6300.0,0.0,100800.0,4.4
2025-11-17,Santander,Marketplace,Bebidas,Té frío 500ml,L. Gómez,12,9100.0,0.15,92820.0,3.9
2026-06-30,Valle del Cauca,Marketplace,Bebidas,Agua saborizada,L. Gómez,13,7500.0,0.0,97500.0,3.9
2025-10-08,Bogotá,Distribuidor,Bebidas,Agua saborizada,,6,7900.0,0.05,45030.0,2.8
2026-03-09,Eje Cafetero,Distribuidor,Cuidado,Shampoo sólido,A. Rojas,11,18500.0,0.05,193325.0,4.9
2026-02-23,Antioquia,E-commerce,Cuidado,Jabón artesanal,D. Mejía,12,23700.0,0.0,284400.0,4.6
2025-11-13,Santander,E-commerce,Cuidado,Shampoo sólido,L. Gómez,15,30100.0,0.05,428925.0,5.0
2026-05-14,Valle del Cauca,E-commerce,Snacks,Barra de cereal,S. Vargas,10,9600.0,0.05,91200.0,3.4
2026-03-13,Bogotá,Distribuidor,Snacks,Barra de cereal,L. Gómez,7,11000.0,0.05,73150.0,4.2
2025-09-19,Valle del Cauca,Marketplace,Bebidas,Té frío 500ml,J. Peña,21,5900.0,0.1,111510.0,4.5
2025-10-17,Santander,Tienda física,Bebidas,Agua saborizada,J. Peña,11,6000.0,0.0,66000.0,4.1
2026-05-30,Antioquia,Marketplace,Snacks,Mix de frutos secos,M. Torres,9,8900.0,0.0,80100.0,4.8
2026-05-07,Eje Cafetero,Tienda física,Snacks,Chips de plátano,M. Torres,6,9900.0,0.0,59400.0,3.9
2025-11-24,Atlántico,Tienda física,Café,Cápsulas x20,L. Gómez,1,39300.0,0.0,39300.0,3.3
2025-10-17,Santander,Tienda física,Cuidado,Crema corporal,L. Gómez,1,20400.0,0.0,20400.0,3.2
2026-06-09,Valle del Cauca,Marketplace,Café,Café molido 500g,S. Vargas,15,30100.0,0.05,428925.0,3.5
2026-04-02,Atlántico,Tienda física,Bebidas,Jugo natural 1L,A. Rojas,16,6900.0,0.0,110400.0,2.9
2026-01-23,Atlántico,Marketplace,Café,Cápsulas x20,C. Ramírez,19,30500.0,0.0,579500.0,3.3
2026-03-07,Bogotá,Distribuidor,Snacks,Barra de cereal,J. Peña,7,11700.0,0.0,81900.0,3.8
2026-03-11,Bogotá,Distribuidor,Bebidas,Agua saborizada,L. Gómez,24,7900.0,0.05,180120.0,3.5
2025-12-24,Eje Cafetero,Marketplace,Bebidas,Té frío 500ml,M. Torres,15,8600.0,0.0,129000.0,4.1
2026-06-28,Atlántico,Marketplace,Café,Café molido 500g,L. Gómez,7,29000.0,0.0,203000.0,3.5
2025-08-10,Atlántico,Tienda física,Café,Café molido 500g,M. Torres,17,29500.0,0.1,451350.0,4.2
2026-07-29,Bogotá,Marketplace,Café,Café molido 500g,,1,37000.0,0.0,37000.0,4.3
2025-08-25,Eje Cafetero,Tienda física,Cuidado,Jabón artesanal,S. Vargas,5,20800.0,0.1,93600.0,3.4
2026-01-08,Bogotá,Distribuidor,Snacks,Barra de cereal,S. Vargas,23,10200.0,0.1,211140.0,4.1
2025-09-03,Santander,Tienda física,Cuidado,Shampoo sólido,L. Gómez,19,19100.0,0.15,308465.0,3.8
2025-08-14,Santander,E-commerce,Cuidado,Shampoo sólido,A. Rojas,3,21300.0,0.05,60705.0,3.0
2026-07-02,Antioquia,Tienda física,Cuidado,Jabón artesanal,M. Torres,13,20300.0,0.0,263900.0,4.7
2025-10-12,Valle del Cauca,E-commerce,Cuidado,Jabón artesanal,M. Torres,14,21200.0,0.15,252280.0,4.8
2026-02-10,Bogotá,Distribuidor,Snacks,Chips de plátano,C. Ramírez,6,11400.0,0.0,68400.0,4.4
2025-08-12,Eje Cafetero,Tienda física,Café,Café molido 500g,S. Vargas,6,27900.0,0.0,167400.0,
2026-04-13,Valle del Cauca,Marketplace,Café,Café en grano 1kg,J. Peña,9,32000.0,0.0,288000.0,4.9
2025-10-29,Atlántico,Marketplace,Cuidado,Crema corporal,J. Peña,14,21600.0,0.1,272160.0,3.4
2025-09-07,Eje Cafetero,Tienda física,Bebidas,Agua saborizada,M. Torres,18,6400.0,0.05,109440.0,3.6
2026-07-23,Antioquia,Marketplace,Cuidado,Shampoo sólido,J. Peña,5,18400.0,0.0,92000.0,
2026-03-11,Bogotá,Distribuidor,Snacks,Chips de plátano,M. Torres,20,12600.0,0.1,226800.0,3.4
2026-05-14,Santander,Tienda física,Cuidado,Crema corporal,D. Mejía,2,19700.0,0.05,37430.0,3.6
2025-12-04,Bogotá,Marketplace,Bebidas,Agua saborizada,D. Mejía,9,10600.0,0.0,95400.0,3.6
2026-05-10,Valle del Cauca,Tienda física,Café,Cápsulas x20,A. Rojas,15,26800.0,0.1,361800.0,4.8
2026-05-01,Santander,E-commerce,Bebidas,Jugo natural 1L,J. Peña,15,6800.0,0.15,86700.0,3.6
2026-05-22,Santander,E-commerce,Bebidas,Jugo natural 1L,J. Peña,18,6900.0,0.05,117990.0,4.7
2026-02-13,Antioquia,Distribuidor,Cuidado,Jabón artesanal,C. Ramírez,8,19600.0,0.0,156800.0,2.9
2026-05-23,Santander,E-commerce,Cuidado,Shampoo sólido,L. Gómez,10,20200.0,0.0,202000.0,3.0
2026-03-23,Bogotá,Distribuidor,Snacks,Barra de cereal,C. Ramírez,15,10400.0,0.0,156000.0,4.0
2026-08-03,Bogotá,Marketplace,Cuidado,Crema corporal,C. Ramírez,18,26900.0,0.15,411570.0,3.4
2026-05-23,Bogotá,Marketplace,Snacks,Chips de plátano,S. Vargas,19,11200.0,0.0,212800.0,3.3
2025-08-26,Bogotá,Tienda física,Bebidas,Jugo natural 1L,J. Peña,26,9000.0,0.0,234000.0,4.5
2026-08-05,Bogotá,E-commerce,Cuidado,Jabón artesanal,J. Peña,13,24800.0,0.15,274040.0,4.1
2026-03-20,Valle del Cauca,Distribuidor,Café,Café en grano 1kg,,14,27000.0,0.0,378000.0,3.9
2025-11-01,Antioquia,Tienda física,Cuidado,Jabón artesanal,D. Mejía,1,28200.0,0.0,28200.0,3.3
2026-06-19,Antioquia,Marketplace,Bebidas,Agua saborizada,D. Mejía,17,7400.0,0.05,119510.0,2.8
2025-09-14,Valle del Cauca,E-commerce,Cuidado,Crema corporal,S. Vargas,4,19600.0,0.0,78400.0,2.9
2026-03-26,Antioquia,Distribuidor,Snacks,Barra de cereal,M. Torres,15,9000.0,0.0,135000.0,2.9
2026-05-26,Antioquia,Distribuidor,Bebidas,Jugo natural 1L,M. Torres,7,7300.0,0.0,51100.0,5.0
2025-09-05,Atlántico,Distribuidor,Snacks,Chips de plátano,J. Peña,14,8400.0,0.0,117600.0,3.8
2025-12-18,Bogotá,Marketplace,Snacks,Mix de frutos secos,J. Peña,10,13900.0,0.15,118150.0,3.1
2026-06-30,Santander,Distribuidor,Café,Café en grano 1kg,C. Ramírez,28,28800.0,0.05,766080.0,4.5
2026-05-03,Valle del Cauca,Marketplace,Bebidas,Té frío 500ml,M. Torres,20,6300.0,0.0,126000.0,4.7
2026-05-01,Antioquia,E-commerce,Snacks,Chips de plátano,A. Rojas,15,10400.0,0.0,156000.0,4.4
2025-12-25,Antioquia,E-commerce,Snacks,Mix de frutos secos,A. Rojas,9,12200.0,0.15,93330.0,3.7
2025-09-04,Valle del Cauca,Marketplace,Bebidas,Jugo natural 1L,D. Mejía,11,6000.0,0.05,62700.0,3.8
2026-07-13,Antioquia,Distribuidor,Bebidas,Té frío 500ml,J. Peña,24,6800.0,0.0,163200.0,3.9
2026-03-23,Valle del Cauca,E-commerce,Café,Café molido 500g,D. Mejía,16,34000.0,0.0,544000.0,4.4
2026-02-18,Bogotá,Marketplace,Café,Café en grano 1kg,C. Ramírez,12,38500.0,0.0,462000.0,
2025-09-21,Antioquia,E-commerce,Snacks,Chips de plátano,A. Rojas,14,9200.0,0.0,128800.0,4.6
2025-08-22,Eje Cafetero,E-commerce,Café,Café molido 500g,A. Rojas,13,32600.0,0.05,402610.0,3.3
2026-03-22,Bogotá,E-commerce,Café,Café en grano 1kg,L. Gómez,27,35100.0,0.0,947700.0,3.9
2026-04-20,Bogotá,Tienda física,Bebidas,Té frío 500ml,M. Torres,10,8500.0,0.0,85000.0,4.3
2026-03-31,Bogotá,Marketplace,Cuidado,Jabón artesanal,D. Mejía,16,25500.0,0.1,367200.0,4.1
2025-08-25,Valle del Cauca,Distribuidor,Cuidado,Jabón artesanal,D. Mejía,3,20500.0,0.1,55350.0,5.0
2026-01-18,Bogotá,Distribuidor,Cuidado,Shampoo sólido,J. Peña,21,24400.0,0.15,435540.0,3.3
2026-03-11,Bogotá,E-commerce,Café,Café en grano 1kg,M. Torres,20,39500.0,0.0,790000.0,3.1
2026-02-26,Bogotá,Tienda física,Cuidado,Shampoo sólido,A. Rojas,17,21600.0,0.15,312120.0,3.4
2026-07-20,Santander,Tienda física,Bebidas,Agua saborizada,M. Torres,10,6700.0,0.05,63650.0,4.9
2026-01-01,Valle del Cauca,E-commerce,Café,Café en grano 1kg,A. Rojas,10,28600.0,0.1,257400.0,4.8
2025-09-19,Santander,E-commerce,Cuidado,Shampoo sólido,A. Rojas,6,23400.0,0.05,133380.0,3.4
2025-12-09,Santander,Distribuidor,Café,Cápsulas x20,S. Vargas,17,42000.0,0.1,642600.0,4.1
2026-07-05,Santander,Distribuidor,Cuidado,Jabón artesanal,D. Mejía,5,20000.0,0.05,95000.0,3.5
2025-12-09,Antioquia,Marketplace,Bebidas,Té frío 500ml,C. Ramírez,16,10000.0,0.05,152000.0,4.8
2025-10-29,Santander,Distribuidor,Snacks,Barra de cereal,C. Ramírez,8,10300.0,0.0,82400.0,4.5
2025-10-27,Valle del Cauca,Marketplace,Café,Cápsulas x20,L. Gómez,14,29800.0,0.1,375480.0,4.6
2026-02-04,Antioquia,E-commerce,Café,Cápsulas x20,A. Rojas,4,28800.0,0.0,115200.0,4.1
2025-12-26,Eje Cafetero,Marketplace,Café,Cápsulas x20,S. Vargas,19,36600.0,0.15,591090.0,4.2
2026-08-02,Bogotá,Tienda física,Snacks,Barra de cereal,,6,10500.0,0.05,59850.0,3.1
2025-12-28,Atlántico,Marketplace,Café,Café en grano 1kg,J. Peña,18,36700.0,0.0,660600.0,3.6
2026-05-03,Valle del Cauca,Tienda física,Cuidado,Shampoo sólido,J. Peña,17,19500.0,0.05,314925.0,3.2
2026-01-09,Santander,Marketplace,Snacks,Barra de cereal,D. Mejía,1,9400.0,0.0,9400.0,4.8
2026-01-19,Antioquia,Marketplace,Snacks,Barra de cereal,A. Rojas,27,8200.0,0.0,221400.0,4.8
2026-01-07,Santander,Marketplace,Bebidas,Agua saborizada,S. Vargas,2,6700.0,0.1,12060.0,4.3
2026-02-22,Bogotá,Distribuidor,Cuidado,Crema corporal,C. Ramírez,13,21800.0,0.0,283400.0,3.7
2026-04-20,Santander,E-commerce,Cuidado,Shampoo sólido,L. Gómez,14,23400.0,0.05,311220.0,3.7
2026-06-22,Santander,Tienda física,Bebidas,Agua saborizada,A. Rojas,16,7400.0,0.0,118400.0,3.2
2026-07-08,Valle del Cauca,Marketplace,Bebidas,Agua saborizada,J. Peña,19,6900.0,0.1,117990.0,4.6
2025-11-21,Antioquia,Tienda física,Snacks,Barra de cereal,S. Vargas,7,12000.0,0.15,71400.0,4.4
2026-07-27,Bogotá,Distribuidor,Cuidado,Jabón artesanal,C. Ramírez,7,25600.0,0.1,161280.0,4.8
2026-02-26,Bogotá,Tienda física,Café,Cápsulas x20,D. Mejía,16,36300.0,0.0,580800.0,4.2
2026-05-06,Antioquia,Marketplace,Snacks,Chips de plátano,M. Torres,21,9500.0,0.0,199500.0,3.9
2026-04-24,Bogotá,Tienda física,Café,Café molido 500g,L. Gómez,18,38700.0,0.1,626940.0,4.6
2025-09-07,Santander,Distribuidor,Café,Cápsulas x20,J. Peña,21,26200.0,0.0,550200.0,3.4
2025-08-23,Bogotá,Tienda física,Bebidas,Agua saborizada,M. Torres,9,8100.0,0.0,72900.0,4.8
2026-06-01,Bogotá,E-commerce,Café,Café en grano 1kg,M. Torres,20,37000.0,0.0,740000.0,
2025-11-03,Atlántico,Distribuidor,Bebidas,Té frío 500ml,M. Torres,9,9800.0,0.0,88200.0,4.3
2026-07-18,Valle del Cauca,Marketplace,Snacks,Barra de cereal,C. Ramírez,16,10100.0,0.05,153520.0,4.5
2025-12-09,Antioquia,Distribuidor,Café,Café molido 500g,A. Rojas,13,42400.0,0.05,523640.0,3.6
2026-01-25,Atlántico,Tienda física,Cuidado,Crema corporal,D. Mejía,14,21700.0,0.05,288610.0,
2026-05-17,Antioquia,Marketplace,Snacks,Barra de cereal,C. Ramírez,12,8200.0,0.15,83640.0,3.6
2025-10-25,Antioquia,Tienda física,Snacks,Chips de plátano,D. Mejía,19,8500.0,0.1,145350.0,4.5
2026-05-18,Antioquia,E-commerce,Cuidado,Crema corporal,A. Rojas,10,20900.0,0.15,177650.0,3.3
2026-04-07,Atlántico,E-commerce,Snacks,Mix de frutos secos,A. Rojas,17,11200.0,0.0,190400.0,4.8
2026-06-03,Antioquia,Marketplace,Bebidas,Agua saborizada,S. Vargas,10,7300.0,0.0,73000.0,3.9
2026-05-11,Atlántico,Tienda física,Bebidas,Agua saborizada,,10,6900.0,0.1,62100.0,3.5
2026-02-22,Antioquia,E-commerce,Café,Cápsulas x20,J. Peña,9,28600.0,0.1,231660.0,4.6
2026-01-06,Eje Cafetero,Distribuidor,Snacks,Mix de frutos secos,M. Torres,23,8300.0,0.0,190900.0,
2026-02-27,Atlántico,Marketplace,Bebidas,Jugo natural 1L,J. Peña,16,7200.0,0.0,115200.0,3.2
2026-02-10,Bogotá,Marketplace,Bebidas,Jugo natural 1L,J. Peña,1,7800.0,0.05,7410.0,4.8
2025-09-26,Bogotá,Distribuidor,Snacks,Barra de cereal,L. Gómez,23,12100.0,0.0,278300.0,2.9
2025-10-28,Valle del Cauca,E-commerce,Cuidado,Jabón artesanal,A. Rojas,8,20800.0,0.0,166400.0,3.5
2026-06-29,Antioquia,Marketplace,Snacks,Chips de plátano,A. Rojas,12,9100.0,0.15,92820.0,3.6
2025-08-07,Valle del Cauca,Tienda física,Café,Cápsulas x20,A. Rojas,8,31300.0,0.1,225360.0,4.3
2025-12-10,Valle del Cauca,E-commerce,Café,Café molido 500g,S. Vargas,15,46900.0,0.05,668325.0,4.4
2026-06-18,Santander,Tienda física,Snacks,Barra de cereal,L. Gómez,7,8900.0,0.05,59185.0,4.8
2026-07-27,Bogotá,E-commerce,Cuidado,Shampoo sólido,L. Gómez,6,29600.0,0.0,177600.0,4.5
2025-08-29,Santander,E-commerce,Bebidas,Té frío 500ml,M. Torres,17,8200.0,0.15,118490.0,4.0
2025-12-12,Valle del Cauca,Distribuidor,Café,Café molido 500g,S. Vargas,10,37000.0,0.0,370000.0,4.4
2026-07-16,Eje Cafetero,E-commerce,Cuidado,Jabón artesanal,L. Gómez,16,18800.0,0.15,255680.0,3.1
2026-07-01,Valle del Cauca,E-commerce,Bebidas,Agua saborizada,S. Vargas,16,7400.0,0.0,118400.0,4.6
2026-05-14,Eje Cafetero,E-commerce,Cuidado,Jabón artesanal,D. Mejía,11,21900.0,0.05,228855.0,4.5
2025-11-20,Valle del Cauca,Tienda física,Café,Cápsulas x20,J. Peña,10,34600.0,0.0,346000.0,3.2
2026-08-01,Bogotá,E-commerce,Bebidas,Jugo natural 1L,A. Rojas,17,8800.0,0.05,142120.0,3.6
2025-11-01,Bogotá,Marketplace,Café,Café molido 500g,J. Peña,25,43500.0,0.15,924375.0,5.0
2026-05-22,Eje Cafetero,Marketplace,Bebidas,Té frío 500ml,M. Torres,13,7400.0,0.05,91390.0,4.5
2026-01-18,Bogotá,Distribuidor,Café,Café en grano 1kg,S. Vargas,2,37200.0,0.0,74400.0,3.3
2025-10-16,Atlántico,E-commerce,Café,Café molido 500g,S. Vargas,2,30000.0,0.0,60000.0,4.0
2026-07-22,Eje Cafetero,Distribuidor,Snacks,Mix de frutos secos,J. Peña,13,8500.0,0.0,110500.0,3.3
2025-10-15,Antioquia,Tienda física,Bebidas,Jugo natural 1L,D. Mejía,7,5900.0,0.1,37170.0,4.2
2026-08-03,Antioquia,Marketplace,Cuidado,Jabón artesanal,A. Rojas,3,21800.0,0.1,58860.0,4.2
2025-10-18,Antioquia,Marketplace,Snacks,Mix de frutos secos,C. Ramírez,19,9500.0,0.05,171475.0,5.0
2026-03-20,Antioquia,Distribuidor,Cuidado,Jabón artesanal,L. Gómez,27,21200.0,0.1,515160.0,3.1
2025-09-12,Eje Cafetero,Marketplace,Café,Cápsulas x20,L. Gómez,14,31400.0,0.0,439600.0,2.8
2025-11-05,Valle del Cauca,Tienda física,Snacks,Barra de cereal,L. Gómez,5,12000.0,0.0,60000.0,3.0
2026-01-19,Santander,E-commerce,Cuidado,Crema corporal,A. Rojas,17,23900.0,0.1,365670.0,3.0
2025-09-06,Eje Cafetero,Distribuidor,Bebidas,Agua saborizada,S. Vargas,7,6400.0,0.15,38080.0,3.1
2026-01-29,Antioquia,Marketplace,Café,Café molido 500g,S. Vargas,11,30000.0,0.0,330000.0,4.1
2026-05-18,Santander,E-commerce,Cuidado,Crema corporal,M. Torres,7,19400.0,0.0,135800.0,4.0
2025-10-03,Eje Cafetero,Tienda física,Snacks,Barra de cereal,J. Peña,11,8500.0,0.15,79475.0,4.4
2025-12-01,Santander,Tienda física,Cuidado,Jabón artesanal,S. Vargas,12,26700.0,0.05,304380.0,3.0
2026-03-20,Santander,Tienda física,Snacks,Chips de plátano,A. Rojas,1,9500.0,0.15,8075.0,3.0
2026-07-24,Antioquia,E-commerce,Cuidado,Shampoo sólido,C. Ramírez,2,19500.0,0.1,35100.0,3.7
2025-08-31,Bogotá,E-commerce,Bebidas,Té frío 500ml,S. Vargas,9,9100.0,0.0,81900.0,
2025-09-20,Bogotá,Distribuidor,Snacks,Chips de plátano,S. Vargas,19,11100.0,0.15,179265.0,2.8
2025-12-15,Valle del Cauca,Distribuidor,Café,Café molido 500g,D. Mejía,24,40800.0,0.0,979200.0,4.1
2025-09-27,Valle del Cauca,Tienda física,Bebidas,Agua saborizada,M. Torres,29,6200.0,0.0,179800.0,4.3
2025-08-17,Bogotá,Marketplace,Cuidado,Jabón artesanal,M. Torres,17,22000.0,0.0,374000.0,3.1
2026-01-02,Santander,Distribuidor,Cuidado,Jabón artesanal,C. Ramírez,3,20900.0,0.05,59565.0,2.9
2025-10-23,Atlántico,Tienda física,Cuidado,Shampoo sólido,C. Ramírez,11,20900.0,0.0,229900.0,3.2
2026-07-03,Antioquia,Marketplace,Cuidado,Crema corporal,J. Peña,2,20000.0,0.0,40000.0,3.5
2025-11-25,Santander,Tienda física,Bebidas,Té frío 500ml,S. Vargas,22,8400.0,0.0,184800.0,3.8
2026-05-29,Valle del Cauca,Distribuidor,Cuidado,Crema corporal,,23,18700.0,0.0,430100.0,3.8
2026-06-14,Antioquia,E-commerce,Café,Cápsulas x20,C. Ramírez,14,29800.0,0.0,417200.0,3.9
2025-12-19,Santander,E-commerce,Bebidas,Agua saborizada,D. Mejía,15,10000.0,0.0,150000.0,3.2
2026-03-13,Valle del Cauca,E-commerce,Café,Café en grano 1kg,S. Vargas,13,34400.0,0.0,447200.0,3.0
2026-01-28,Eje Cafetero,E-commerce,Bebidas,Agua saborizada,S. Vargas,8,7200.0,0.0,57600.0,3.5
2026-01-19,Valle del Cauca,E-commerce,Cuidado,Shampoo sólido,M. Torres,21,23000.0,0.0,483000.0,3.1
2025-08-10,Atlántico,Marketplace,Cuidado,Crema corporal,M. Torres,8,17900.0,0.0,143200.0,3.5
2026-01-11,Santander,Distribuidor,Bebidas,Agua saborizada,A. Rojas,11,6000.0,0.0,66000.0,4.8
2026-06-02,Santander,Distribuidor,Snacks,Barra de cereal,S. Vargas,20,9800.0,0.05,186200.0,4.7
2025-09-10,Antioquia,Distribuidor,Cuidado,Crema corporal,C. Ramírez,13,21400.0,0.1,250380.0,4.5
2026-06-23,Eje Cafetero,Tienda física,Bebidas,Té frío 500ml,J. Peña,15,6200.0,0.1,83700.0,4.7
2026-07-04,Antioquia,Tienda física,Café,Café molido 500g,C. Ramírez,20,31900.0,0.1,574200.0,3.0
2026-05-28,Antioquia,Tienda física,Bebidas,Agua saborizada,J. Peña,17,7300.0,0.15,105485.0,4.8
2025-11-23,Eje Cafetero,Tienda física,Bebidas,Jugo natural 1L,A. Rojas,22,9300.0,0.05,194370.0,4.3
2026-01-26,Atlántico,Tienda física,Snacks,Mix de frutos secos,L. Gómez,22,9800.0,0.1,194040.0,3.4
2026-04-01,Valle del Cauca,Distribuidor,Café,Café molido 500g,S. Vargas,19,25600.0,0.1,437760.0,4.4
2026-01-22,Bogotá,E-commerce,Snacks,Mix de frutos secos,D. Mejía,16,13700.0,0.0,219200.0,3.6
2026-01-30,Santander,Distribuidor,Snacks,Chips de plátano,J. Peña,22,8600.0,0.1,170280.0,4.6
2026-04-08,Valle del Cauca,Marketplace,Café,Cápsulas x20,M. Torres,7,28900.0,0.0,202300.0,3.4
2026-05-19,Eje Cafetero,Distribuidor,Cuidado,Jabón artesanal,M. Torres,11,17800.0,0.15,166430.0,3.7
2025-09-22,Antioquia,Tienda física,Café,Cápsulas x20,J. Peña,21,29100.0,0.0,611100.0,4.9
2026-02-10,Eje Cafetero,E-commerce,Snacks,Mix de frutos secos,D. Mejía,17,10200.0,0.0,173400.0,4.4
2026-03-21,Eje Cafetero,Distribuidor,Cuidado,Jabón artesanal,C. Ramírez,19,18100.0,0.0,343900.0,4.3
2025-08-14,Atlántico,Distribuidor,Café,Cápsulas x20,L. Gómez,9,25600.0,0.1,207360.0,
2026-02-15,Valle del Cauca,Tienda física,Snacks,Mix de frutos secos,J. Peña,13,8600.0,0.0,111800.0,
2026-07-02,Atlántico,E-commerce,Bebidas,Jugo natural 1L,L. Gómez,21,8200.0,0.0,172200.0,4.7
2025-12-21,Valle del Cauca,Tienda física,Snacks,Barra de cereal,J. Peña,10,13600.0,0.0,136000.0,4.3
2026-06-08,Santander,Tienda física,Cuidado,Jabón artesanal,D. Mejía,21,21300.0,0.0,447300.0,4.7
2026-02-07,Antioquia,Marketplace,Café,Café en grano 1kg,D. Mejía,28,27300.0,0.0,764400.0,3.0
2025-08-11,Antioquia,Distribuidor,Snacks,Barra de cereal,L. Gómez,1,8300.0,0.0,8300.0,4.3
2025-09-22,Eje Cafetero,Marketplace,Cuidado,Crema corporal,M. Torres,28,17300.0,0.0,484400.0,4.5
2026-07-26,Antioquia,E-commerce,Café,Café molido 500g,C. Ramírez,1,32100.0,0.15,27285.0,4.4
2025-08-31,Bogotá,Tienda física,Bebidas,Té frío 500ml,M. Torres,31,8400.0,0.0,260400.0,3.3
2026-05-10,Eje Cafetero,Tienda física,Snacks,Chips de plátano,C. Ramírez,9,9300.0,0.05,79515.0,3.6
2025-11-25,Bogotá,Distribuidor,Snacks,Chips de plátano,M. Torres,13,14700.0,0.0,191100.0,3.9
2026-03-03,Bogotá,Distribuidor,Bebidas,Jugo natural 1L,L. Gómez,12,8700.0,0.15,88740.0,4.0
2026-05-14,Atlántico,Distribuidor,Bebidas,Agua saborizada,L. Gómez,9,6500.0,0.0,58500.0,4.5
2026-03-04,Bogotá,E-commerce,Snacks,Chips de plátano,S. Vargas,17,13000.0,0.0,221000.0,4.1
2026-02-16,Eje Cafetero,Tienda física,Snacks,Mix de frutos secos,C. Ramírez,22,8200.0,0.15,153340.0,3.7
2026-05-19,Eje Cafetero,Marketplace,Bebidas,Agua saborizada,L. Gómez,19,6700.0,0.0,127300.0,4.9
2025-08-07,Eje Cafetero,Marketplace,Cuidado,Shampoo sólido,D. Mejía,4,21800.0,0.0,87200.0,4.2
2026-02-16,Bogotá,Marketplace,Bebidas,Agua saborizada,A. Rojas,13,9300.0,0.0,120900.0,4.3
2026-01-18,Santander,E-commerce,Café,Cápsulas x20,D. Mejía,24,29700.0,0.05,677160.0,
2026-05-01,Antioquia,E-commerce,Cuidado,Shampoo sólido,J. Peña,8,19200.0,0.1,138240.0,4.0
2026-05-04,Antioquia,E-commerce,Snacks,Barra de cereal,D. Mejía,19,9300.0,0.15,150195.0,4.8
2026-01-18,Atlántico,Tienda física,Cuidado,Crema corporal,J. Peña,22,19000.0,0.15,355300.0,3.6
2026-02-09,Santander,Distribuidor,Bebidas,Agua saborizada,,11,6500.0,0.05,67925.0,3.0
2026-06-27,Antioquia,E-commerce,Cuidado,Shampoo sólido,J. Peña,14,18800.0,0.0,263200.0,3.9
2026-07-11,Valle del Cauca,Distribuidor,Snacks,Chips de plátano,A. Rojas,15,9400.0,0.0,141000.0,3.4
2026-06-05,Eje Cafetero,Distribuidor,Snacks,Barra de cereal,M. Torres,8,10200.0,0.0,81600.0,
2026-03-19,Eje Cafetero,Marketplace,Café,Cápsulas x20,A. Rojas,16,28200.0,0.0,451200.0,4.5
2025-08-29,Valle del Cauca,Tienda física,Cuidado,Crema corporal,L. Gómez,10,20500.0,0.0,205000.0,3.7
2026-06-14,Antioquia,Marketplace,Bebidas,Jugo natural 1L,A. Rojas,16,6900.0,0.15,93840.0,3.6
2026-07-13,Bogotá,Tienda física,Snacks,Barra de cereal,L. Gómez,11,12300.0,0.05,128535.0,4.0
2026-04-18,Santander,Marketplace,Café,Café molido 500g,M. Torres,23,28300.0,0.05,618355.0,4.8
2026-03-20,Antioquia,Tienda física,Cuidado,Crema corporal,M. Torres,9,20300.0,0.15,155295.0,3.7
2025-08-27,Valle del Cauca,Marketplace,Bebidas,Agua saborizada,A. Rojas,14,6200.0,0.0,86800.0,4.6
2025-09-28,Antioquia,Marketplace,Cuidado,Jabón artesanal,M. Torres,10,17400.0,0.15,147900.0,4.4
2026-04-11,Eje Cafetero,Marketplace,Café,Cápsulas x20,D. Mejía,16,28000.0,0.0,448000.0,4.2
2026-01-18,Santander,Tienda física,Bebidas,Té frío 500ml,J. Peña,10,6200.0,0.1,55800.0,3.9
2025-09-20,Valle del Cauca,Distribuidor,Bebidas,Jugo natural 1L,J. Peña,6,6500.0,0.0,39000.0,3.5
2026-02-17,Valle del Cauca,Distribuidor,Cuidado,Shampoo sólido,M. Torres,11,18100.0,0.0,199100.0,4.0
2026-02-14,Atlántico,E-commerce,Cuidado,Shampoo sólido,A. Rojas,5,19900.0,0.15,84575.0,4.3
2026-01-14,Bogotá,Marketplace,Café,Cápsulas x20,C. Ramírez,23,39800.0,0.0,915400.0,3.4
2026-03-19,Eje Cafetero,E-commerce,Bebidas,Té frío 500ml,L. Gómez,17,7200.0,0.15,104040.0,3.2
2025-11-19,Atlántico,Tienda física,Café,Café molido 500g,D. Mejía,5,34500.0,0.0,172500.0,4.1
2025-11-07,Santander,E-commerce,Café,Cápsulas x20,D. Mejía,3,44400.0,0.0,133200.0,3.3
2025-10-27,Antioquia,Tienda física,Snacks,Chips de plátano,D. Mejía,14,9100.0,0.0,127400.0,3.0
2025-09-01,Eje Cafetero,Distribuidor,Cuidado,Jabón artesanal,S. Vargas,11,19100.0,0.0,210100.0,3.1
2025-10-27,Antioquia,Distribuidor,Cuidado,Crema corporal,M. Torres,6,20500.0,0.15,104550.0,3.5
2025-12-17,Antioquia,E-commerce,Bebidas,Agua saborizada,J. Peña,23,9200.0,0.0,211600.0,3.6
2026-07-01,Eje Cafetero,Tienda física,Bebidas,Té frío 500ml,S. Vargas,10,6200.0,0.0,62000.0,3.2
2026-01-24,Bogotá,Distribuidor,Cuidado,Jabón artesanal,A. Rojas,25,27300.0,0.1,614250.0,3.0
2026-04-14,Atlántico,Tienda física,Bebidas,Té frío 500ml,D. Mejía,25,6200.0,0.0,155000.0,3.5
2026-06-01,Antioquia,Marketplace,Café,Café molido 500g,A. Rojas,12,31100.0,0.0,373200.0,4.8
2025-08-23,Valle del Cauca,E-commerce,Café,Café molido 500g,J. Peña,28,35000.0,0.15,833000.0,2.9
2026-01-24,Atlántico,E-commerce,Bebidas,Jugo natural 1L,D. Mejía,10,6600.0,0.0,66000.0,3.0
2026-05-20,Eje Cafetero,Tienda física,Cuidado,Jabón artesanal,L. Gómez,19,20800.0,0.1,355680.0,3.8
2025-08-24,Santander,Tienda física,Café,Cápsulas x20,C. Ramírez,4,28100.0,0.0,112400.0,3.6
2026-07-12,Antioquia,Tienda física,Snacks,Barra de cereal,D. Mejía,19,8800.0,0.15,142120.0,4.6
2026-01-09,Bogotá,Tienda física,Snacks,Barra de cereal,A. Rojas,16,11500.0,0.1,165600.0,3.1
2026-04-03,Santander,Tienda física,Snacks,Mix de frutos secos,M. Torres,11,9200.0,0.0,101200.0,3.4
2026-05-18,Antioquia,E-commerce,Snacks,Mix de frutos secos,D. Mejía,14,11200.0,0.05,148960.0,4.5
2026-05-26,Eje Cafetero,E-commerce,Snacks,Chips de plátano,M. Torres,13,9100.0,0.0,118300.0,4.7
2025-08-22,Santander,Tienda física,Cuidado,Crema corporal,M. Torres,10,17500.0,0.1,157500.0,3.3
2026-06-07,Bogotá,Distribuidor,Café,Café molido 500g,M. Torres,28,40100.0,0.0,1122800.0,4.2
2026-07-27,Valle del Cauca,Tienda física,Snacks,Barra de cereal,J. Peña,16,10200.0,0.0,163200.0,4.9
2026-03-05,Bogotá,E-commerce,Cuidado,Jabón artesanal,S. Vargas,6,24500.0,0.1,132300.0,3.2
2026-01-30,Antioquia,E-commerce,Snacks,Mix de frutos secos,D. Mejía,9,9100.0,0.0,81900.0,4.7
2025-08-26,Valle del Cauca,Tienda física,Cuidado,Shampoo sólido,C. Ramírez,3,20700.0,0.15,52785.0,3.2
2026-06-23,Atlántico,Tienda física,Café,Café en grano 1kg,S. Vargas,3,29300.0,0.05,83505.0,4.5
2026-04-18,Eje Cafetero,Distribuidor,Snacks,Barra de cereal,L. Gómez,1,10100.0,0.15,8585.0,4.6
2026-07-21,Atlántico,Distribuidor,Snacks,Barra de cereal,C. Ramírez,13,9600.0,0.15,106080.0,2.9
2025-12-14,Antioquia,Marketplace,Snacks,Mix de frutos secos,A. Rojas,4,12600.0,0.05,47880.0,4.8
2026-07-23,Eje Cafetero,Marketplace,Café,Café en grano 1kg,L. Gómez,16,31800.0,0.05,483360.0,4.9
2025-12-01,Santander,Marketplace,Bebidas,Agua saborizada,J. Peña,3,9600.0,0.0,28800.0,3.9
2025-08-15,Atlántico,Marketplace,Café,Café en grano 1kg,C. Ramírez,7,27500.0,0.0,192500.0,3.6
2026-04-02,Valle del Cauca,Tienda física,Café,Café en grano 1kg,S. Vargas,9,32100.0,0.0,288900.0,4.8
2026-03-03,Antioquia,Tienda física,Snacks,Mix de frutos secos,M. Torres,3,9000.0,0.0,27000.0,3.6
2025-11-29,Atlántico,Distribuidor,Bebidas,Agua saborizada,D. Mejía,24,9000.0,0.1,194400.0,5.0
2025-11-11,Santander,Tienda física,Snacks,Barra de cereal,A. Rojas,18,13800.0,0.05,235980.0,4.6
2025-12-13,Bogotá,Marketplace,Bebidas,Agua saborizada,S. Vargas,14,10200.0,0.0,142800.0,3.7
2026-04-27,Valle del Cauca,Distribuidor,Bebidas,Jugo natural 1L,A. Rojas,7,6900.0,0.05,45885.0,4.6
2025-09-06,Valle del Cauca,Tienda física,Cuidado,Crema corporal,C. Ramírez,21,17400.0,0.15,310590.0,4.0
2026-03-24,Antioquia,Marketplace,Bebidas,Agua saborizada,M. Torres,20,6100.0,0.0,122000.0,3.2
2026-05-29,Antioquia,Distribuidor,Café,Café en grano 1kg,J. Peña,15,29600.0,0.0,444000.0,4.5
2025-08-20,Atlántico,Tienda física,Cuidado,Shampoo sólido,J. Peña,17,18900.0,0.15,273105.0,4.3
2025-12-27,Santander,Marketplace,Bebidas,Té frío 500ml,J. Peña,4,9700.0,0.1,34920.0,4.8
2025-11-17,Valle del Cauca,E-commerce,Café,Café molido 500g,D. Mejía,7,43500.0,0.05,289275.0,4.9
2026-07-28,Valle del Cauca,Marketplace,Snacks,Barra de cereal,L. Gómez,1,8500.0,0.0,8500.0,3.7
2026-07-21,Atlántico,Distribuidor,Bebidas,Jugo natural 1L,A. Rojas,1,6300.0,0.0,6300.0,3.8
2026-03-04,Bogotá,E-commerce,Snacks,Barra de cereal,L. Gómez,25,12000.0,0.1,270000.0,4.3
2026-07-16,Valle del Cauca,Marketplace,Cuidado,Jabón artesanal,D. Mejía,3,19600.0,0.0,58800.0,4.2
2025-12-17,Bogotá,Distribuidor,Cuidado,Jabón artesanal,J. Peña,25,31700.0,0.0,792500.0,5.0
2025-09-11,Eje Cafetero,Marketplace,Café,Cápsulas x20,,19,31700.0,0.0,602300.0,3.2
2026-06-27,Atlántico,Distribuidor,Café,Café en grano 1kg,D. Mejía,4,28000.0,0.05,106400.0,3.5
2025-11-10,Eje Cafetero,Marketplace,Snacks,Chips de plátano,S. Vargas,6,11300.0,0.0,67800.0,2.9
2026-03-06,Bogotá,E-commerce,Café,Cápsulas x20,M. Torres,1,40200.0,0.05,38190.0,4.1
2025-12-25,Antioquia,E-commerce,Snacks,Mix de frutos secos,D. Mejía,1,15000.0,0.15,12750.0,4.8
2026-02-18,Eje Cafetero,Marketplace,Bebidas,Té frío 500ml,S. Vargas,13,6800.0,0.0,88400.0,2.9
2026-06-11,Antioquia,E-commerce,Bebidas,Agua saborizada,J. Peña,11,7500.0,0.0,82500.0,2.9
2026-04-28,Valle del Cauca,E-commerce,Café,Café molido 500g,D. Mejía,20,27700.0,0.15,470900.0,3.1
2025-12-25,Santander,Tienda física,Café,Café en grano 1kg,J. Peña,26,35100.0,0.0,912600.0,4.2
2026-01-28,Santander,E-commerce,Bebidas,Agua saborizada,J. Peña,17,6800.0,0.0,115600.0,4.6
2026-05-29,Antioquia,Tienda física,Café,Café molido 500g,J. Peña,16,27800.0,0.15,378080.0,4.4
2026-06-02,Atlántico,Marketplace,Café,Café en grano 1kg,D. Mejía,8,26800.0,0.0,214400.0,3.6
2026-05-06,Valle del Cauca,Tienda física,Bebidas,Agua saborizada,S. Vargas,8,6600.0,0.15,44880.0,4.2
2025-11-12,Antioquia,Tienda física,Bebidas,Agua saborizada,D. Mejía,6,8800.0,0.0,52800.0,3.2
2026-04-28,Antioquia,E-commerce,Café,Café en grano 1kg,S. Vargas,14,33500.0,0.0,469000.0,
2025-08-18,Valle del Cauca,E-commerce,Café,Café molido 500g,S. Vargas,9,30900.0,0.15,236385.0,4.4
2026-05-09,Valle del Cauca,E-commerce,Bebidas,Agua saborizada,C. Ramírez,8,7100.0,0.0,56800.0,
2026-07-26,Bogotá,Marketplace,Bebidas,Jugo natural 1L,C. Ramírez,11,8900.0,0.0,97900.0,4.7
2026-02-09,Bogotá,Distribuidor,Cuidado,Crema corporal,D. Mejía,16,26300.0,0.0,420800.0,3.0
2026-05-22,Atlántico,E-commerce,Bebidas,Agua saborizada,C. Ramírez,6,7100.0,0.15,36210.0,4.9
2025-11-13,Atlántico,Marketplace,Bebidas,Agua saborizada,C. Ramírez,21,8900.0,0.0,186900.0,3.0
2026-06-02,Bogotá,Tienda física,Cuidado,Jabón artesanal,M. Torres,26,24100.0,0.0,626600.0,4.8
2026-05-07,Valle del Cauca,Marketplace,Café,Café en grano 1kg,M. Torres,4,26600.0,0.0,106400.0,4.8
2026-02-18,Santander,E-commerce,Café,Café molido 500g,L. Gómez,14,35000.0,0.05,465500.0,4.1
2026-06-28,Santander,Tienda física,Cuidado,Jabón artesanal,M. Torres,16,20200.0,0.15,274720.0,4.4
2026-04-04,Antioquia,Tienda física,Cuidado,Shampoo sólido,L. Gómez,10,21400.0,0.1,192600.0,2.9
2025-12-07,Atlántico,E-commerce,Snacks,Mix de frutos secos,M. Torres,6,12200.0,0.0,73200.0,4.6
2025-08-26,Atlántico,E-commerce,Cuidado,Jabón artesanal,D. Mejía,5,23700.0,0.0,118500.0,4.3
2026-05-18,Bogotá,E-commerce,Cuidado,Crema corporal,C. Ramírez,6,29800.0,0.15,151980.0,3.2
2026-05-04,Santander,Distribuidor,Snacks,Chips de plátano,C. Ramírez,15,8300.0,0.05,118275.0,3.0
2025-08-22,Santander,Tienda física,Café,Cápsulas x20,L. Gómez,11,29500.0,0.05,308275.0,4.3
2026-05-20,Antioquia,Marketplace,Snacks,Mix de frutos secos,S. Vargas,4,8600.0,0.15,29240.0,4.4
2026-07-16,Santander,Tienda física,Cuidado,Jabón artesanal,M. Torres,7,17500.0,0.15,104125.0,4.7
2025-09-27,Valle del Cauca,Distribuidor,Café,Café en grano 1kg,M. Torres,12,27400.0,0.0,328800.0,3.9
2026-05-29,Bogotá,Tienda física,Bebidas,Té frío 500ml,M. Torres,17,8700.0,0.1,133110.0,3.9
2026-03-28,Santander,E-commerce,Cuidado,Shampoo sólido,D. Mejía,15,23600.0,0.15,300900.0,4.6
2025-08-18,Eje Cafetero,Tienda física,Café,Cápsulas x20,M. Torres,12,31600.0,0.0,379200.0,4.2
2026-01-04,Eje Cafetero,E-commerce,Cuidado,Crema corporal,,10,20100.0,0.0,201000.0,3.6
2026-01-20,Antioquia,Marketplace,Cuidado,Jabón artesanal,D. Mejía,22,20200.0,0.05,422180.0,4.2
2026-01-20,Bogotá,Marketplace,Bebidas,Té frío 500ml,M. Torres,28,8400.0,0.0,235200.0,4.0
2026-02-05,Antioquia,Distribuidor,Bebidas,Té frío 500ml,L. Gómez,16,6000.0,0.0,96000.0,4.2
2026-02-10,Bogotá,Marketplace,Café,Cápsulas x20,C. Ramírez,5,32900.0,0.1,148050.0,4.2
2026-05-09,Santander,Tienda física,Snacks,Barra de cereal,S. Vargas,11,9800.0,0.0,107800.0,3.4
2025-10-06,Atlántico,E-commerce,Snacks,Chips de plátano,J. Peña,10,10600.0,0.15,90100.0,4.5
2025-12-12,Bogotá,Tienda física,Bebidas,Jugo natural 1L,S. Vargas,12,10600.0,0.15,108120.0,4.4
2025-10-18,Bogotá,Marketplace,Café,Cápsulas x20,S. Vargas,9,34200.0,0.0,307800.0,2.9
2025-08-14,Bogotá,E-commerce,Café,Café en grano 1kg,S. Vargas,3,40900.0,0.1,110430.0,4.7
2026-03-25,Valle del Cauca,Distribuidor,Snacks,Mix de frutos secos,S. Vargas,10,9000.0,0.15,76500.0,3.2
2025-09-24,Valle del Cauca,E-commerce,Cuidado,Crema corporal,D. Mejía,26,20000.0,0.0,520000.0,3.6
2026-01-25,Bogotá,E-commerce,Bebidas,Agua saborizada,M. Torres,16,8200.0,0.0,131200.0,4.5
2026-07-11,Valle del Cauca,E-commerce,Bebidas,Agua saborizada,L. Gómez,21,7900.0,0.0,165900.0,3.4
2025-09-21,Bogotá,Distribuidor,Snacks,Mix de frutos secos,J. Peña,16,10200.0,0.0,163200.0,3.6
2025-11-05,Eje Cafetero,Distribuidor,Snacks,Barra de cereal,D. Mejía,11,12900.0,0.0,141900.0,
2026-02-17,Eje Cafetero,E-commerce,Café,Café molido 500g,D. Mejía,17,34500.0,0.05,557175.0,3.6
2026-07-01,Bogotá,Tienda física,Cuidado,Crema corporal,C. Ramírez,19,23600.0,0.0,448400.0,3.8
2026-04-13,Atlántico,Marketplace,Café,Café molido 500g,L. Gómez,17,25900.0,0.0,440300.0,3.9
2025-11-03,Atlántico,Tienda física,Snacks,Barra de cereal,M. Torres,15,12000.0,0.05,171000.0,4.9
2026-05-18,Santander,E-commerce,Café,Café molido 500g,A. Rojas,15,31400.0,0.0,471000.0,4.1
2026-02-15,Atlántico,Tienda física,Café,Café molido 500g,C. Ramírez,14,31300.0,0.0,438200.0,3.0
2025-12-20,Eje Cafetero,E-commerce,Cuidado,Crema corporal,S. Vargas,18,25900.0,0.05,442890.0,3.5
2025-11-20,Valle del Cauca,Tienda física,Bebidas,Agua saborizada,A. Rojas,28,9000.0,0.0,252000.0,2.8
2026-07-07,Atlántico,Tienda física,Café,Cápsulas x20,D. Mejía,27,29000.0,0.0,783000.0,3.9
2026-06-12,Valle del Cauca,E-commerce,Snacks,Chips de plátano,D. Mejía,2,9700.0,0.0,19400.0,4.7
2026-07-09,Antioquia,Tienda física,Snacks,Chips de plátano,,23,9400.0,0.15,183770.0,3.8
2025-08-25,Antioquia,E-commerce,Bebidas,Jugo natural 1L,L. Gómez,11,6800.0,0.0,74800.0,2.9
2025-10-30,Atlántico,E-commerce,Café,Café en grano 1kg,A. Rojas,19,28200.0,0.0,535800.0,4.7
2026-04-15,Antioquia,E-commerce,Snacks,Chips de plátano,J. Peña,16,11400.0,0.05,173280.0,3.3
2026-01-18,Antioquia,Distribuidor,Café,Café en grano 1kg,C. Ramírez,9,28100.0,0.15,214965.0,4.1
2025-10-28,Antioquia,Distribuidor,Snacks,Mix de frutos secos,M. Torres,7,9300.0,0.05,61845.0,3.4
2026-05-21,Atlántico,E-commerce,Café,Café en grano 1kg,M. Torres,9,34700.0,0.1,281070.0,4.1
2025-09-05,Atlántico,E-commerce,Snacks,Mix de frutos secos,A. Rojas,25,10900.0,0.0,272500.0,4.3
2025-10-23,Atlántico,Tienda física,Bebidas,Agua saborizada,C. Ramírez,20,5900.0,0.0,118000.0,4.8
2025-09-12,Antioquia,Marketplace,Bebidas,Té frío 500ml,S. Vargas,20,6300.0,0.15,107100.0,4.4
2026-06-01,Antioquia,Marketplace,Café,Café en grano 1kg,S. Vargas,17,29800.0,0.1,455940.0,4.6
2026-05-01,Bogotá,Distribuidor,Snacks,Barra de cereal,S. Vargas,9,12100.0,0.0,108900.0,3.3
2026-02-10,Bogotá,Tienda física,Bebidas,Agua saborizada,M. Torres,12,8600.0,0.05,98040.0,4.3
2025-08-11,Valle del Cauca,E-commerce,Cuidado,Crema corporal,C. Ramírez,7,23900.0,0.05,158935.0,4.9
2025-11-21,Antioquia,E-commerce,Cuidado,Crema corporal,J. Peña,15,28000.0,0.15,357000.0,3.6
2026-04-17,Antioquia,E-commerce,Bebidas,Té frío 500ml,A. Rojas,16,7300.0,0.05,110960.0,3.7
2025-09-15,Atlántico,Distribuidor,Cuidado,Shampoo sólido,J. Peña,11,19800.0,0.0,217800.0,4.3
2026-03-18,Atlántico,Tienda física,Bebidas,Té frío 500ml,S. Vargas,8,6500.0,0.0,52000.0,4.5
2026-05-15,Antioquia,E-commerce,Snacks,Chips de plátano,S. Vargas,3,9800.0,0.0,29400.0,3.4
2025-09-09,Santander,Tienda física,Cuidado,Shampoo sólido,A. Rojas,14,19600.0,0.15,233240.0,3.4
2025-09-11,Bogotá,E-commerce,Café,Café molido 500g,M. Torres,15,34700.0,0.0,520500.0,3.4
2026-08-06,Bogotá,Tienda física,Snacks,Mix de frutos secos,J. Peña,16,10700.0,0.05,162640.0,3.0
2026-02-01,Atlántico,Marketplace,Bebidas,Jugo natural 1L,C. Ramírez,15,7300.0,0.0,109500.0,4.8
2025-12-20,Bogotá,Tienda física,Snacks,Barra de cereal,J. Peña,6,14700.0,0.15,74970.0,3.6
2026-04-15,Santander,Tienda física,Snacks,Mix de frutos secos,L. Gómez,6,9800.0,0.15,49980.0,3.6
2025-08-15,Bogotá,Marketplace,Snacks,Barra de cereal,L. Gómez,21,10700.0,0.15,190995.0,4.6
2025-12-03,Atlántico,Marketplace,Café,Cápsulas x20,A. Rojas,19,35300.0,0.0,670700.0,3.3
2026-06-27,Valle del Cauca,Marketplace,Cuidado,Jabón artesanal,S. Vargas,7,17400.0,0.0,121800.0,2.9
2026-04-26,Eje Cafetero,Marketplace,Bebidas,Té frío 500ml,M. Torres,13,6800.0,0.0,88400.0,5.0
2026-07-12,Antioquia,Tienda física,Bebidas,Té frío 500ml,S. Vargas,15,7200.0,0.15,91800.0,
2026-01-12,Santander,Distribuidor,Cuidado,Crema corporal,J. Peña,25,17400.0,0.1,391500.0,3.0
2025-09-01,Antioquia,E-commerce,Bebidas,Agua saborizada,M. Torres,18,6900.0,0.0,124200.0,3.5
2026-04-23,Eje Cafetero,Marketplace,Bebidas,Agua saborizada,C. Ramírez,22,6700.0,0.0,147400.0,4.2
2026-06-22,Atlántico,Tienda física,Cuidado,Crema corporal,D. Mejía,13,18200.0,0.0,236600.0,3.8
2026-08-06,Valle del Cauca,Marketplace,Cuidado,Shampoo sólido,J. Peña,24,20800.0,0.15,424320.0,4.2
2025-09-29,Eje Cafetero,Distribuidor,Cuidado,Jabón artesanal,M. Torres,23,21600.0,0.1,447120.0,2.9
2026-07-23,Eje Cafetero,Tienda física,Café,Café en grano 1kg,D. Mejía,24,31200.0,0.15,636480.0,3.5
2026-04-30,Atlántico,Tienda física,Café,Café molido 500g,M. Torres,11,25400.0,0.15,237490.0,4.0
2026-07-31,Antioquia,Marketplace,Café,Café en grano 1kg,L. Gómez,2,26400.0,0.0,52800.0,4.5
2026-03-13,Bogotá,E-commerce,Bebidas,Jugo natural 1L,S. Vargas,5,8200.0,0.15,34850.0,4.8
2026-04-06,Santander,Distribuidor,Snacks,Mix de frutos secos,S. Vargas,16,9800.0,0.05,148960.0,3.2
2025-10-12,Bogotá,Distribuidor,Snacks,Barra de cereal,M. Torres,14,11600.0,0.15,138040.0,
2026-06-18,Antioquia,Distribuidor,Bebidas,Jugo natural 1L,L. Gómez,12,7000.0,0.15,71400.0,2.9
2025-08-07,Valle del Cauca,Tienda física,Snacks,Chips de plátano,J. Peña,15,8200.0,0.0,123000.0,3.3
2026-01-16,Valle del Cauca,Distribuidor,Bebidas,Jugo natural 1L,L. Gómez,8,6900.0,0.05,52440.0,3.4
2025-12-01,Atlántico,E-commerce,Café,Cápsulas x20,M. Torres,18,38000.0,0.15,581400.0,4.5
2026-01-11,Eje Cafetero,Distribuidor,Bebidas,Agua saborizada,M. Torres,4,6500.0,0.0,26000.0,3.3
2026-01-26,Antioquia,Distribuidor,Café,Café en grano 1kg,D. Mejía,16,31800.0,0.15,432480.0,4.3
2026-07-07,Atlántico,Distribuidor,Café,Cápsulas x20,D. Mejía,11,28500.0,0.05,297825.0,4.4
2025-11-24,Antioquia,Tienda física,Bebidas,Jugo natural 1L,M. Torres,19,8000.0,0.0,152000.0,3.6
2026-06-17,Eje Cafetero,Tienda física,Café,Café en grano 1kg,S. Vargas,17,26600.0,0.05,429590.0,3.7
2026-04-08,Eje Cafetero,Marketplace,Cuidado,Crema corporal,D. Mejía,11,21100.0,0.15,197285.0,3.6
2025-09-30,Atlántico,Marketplace,Café,Café en grano 1kg,M. Torres,19,25300.0,0.15,408595.0,3.3
2026-02-08,Eje Cafetero,Tienda física,Bebidas,Agua saborizada,L. Gómez,8,6600.0,0.1,47520.0,2.9
2025-10-13,Antioquia,Distribuidor,Cuidado,Jabón artesanal,J. Peña,6,21000.0,0.15,107100.0,3.0
2026-06-12,Valle del Cauca,Marketplace,Café,Café molido 500g,M. Torres,19,25700.0,0.05,463885.0,3.5
2026-01-22,Santander,Tienda física,Snacks,Barra de cereal,A. Rojas,22,9600.0,0.0,211200.0,4.9
2026-05-21,Bogotá,Tienda física,Snacks,Mix de frutos secos,A. Rojas,18,12700.0,0.0,228600.0,2.9
2026-04-21,Atlántico,E-commerce,Snacks,Chips de plátano,M. Torres,9,10300.0,0.0,92700.0,4.2
2025-08-22,Santander,Distribuidor,Cuidado,Jabón artesanal,L. Gómez,9,18100.0,0.15,138465.0,2.9
2025-08-09,Antioquia,E-commerce,Bebidas,Agua saborizada,A. Rojas,10,7400.0,0.0,74000.0,
2025-12-03,Santander,Tienda física,Snacks,Mix de frutos secos,D. Mejía,13,13100.0,0.0,170300.0,4.6
2026-04-25,Bogotá,Marketplace,Café,Café en grano 1kg,D. Mejía,2,39100.0,0.0,78200.0,4.0
2026-03-07,Atlántico,E-commerce,Snacks,Barra de cereal,M. Torres,1,9700.0,0.15,8245.0,5.0
2025-12-01,Valle del Cauca,Marketplace,Snacks,Barra de cereal,S. Vargas,1,11900.0,0.0,11900.0,3.3
2025-09-19,Santander,Distribuidor,Snacks,Mix de frutos secos,D. Mejía,18,9000.0,0.05,153900.0,4.9
2026-04-12,Atlántico,E-commerce,Cuidado,Crema corporal,M. Torres,18,21300.0,0.1,345060.0,3.9
2025-12-04,Eje Cafetero,Marketplace,Café,Café en grano 1kg,J. Peña,20,37400.0,0.05,710600.0,3.6
2026-07-26,Antioquia,Marketplace,Cuidado,Shampoo sólido,A. Rojas,12,21200.0,0.1,228960.0,2.8
2026-04-08,Eje Cafetero,Marketplace,Bebidas,Agua saborizada,S. Vargas,23,6100.0,0.15,119255.0,4.4
2025-08-09,Valle del Cauca,Marketplace,Snacks,Chips de plátano,A. Rojas,11,9900.0,0.1,98010.0,4.3
2026-01-28,Santander,Marketplace,Snacks,Chips de plátano,A. Rojas,10,8400.0,0.0,84000.0,3.5
2026-04-09,Valle del Cauca,Distribuidor,Cuidado,Crema corporal,J. Peña,9,19600.0,0.0,176400.0,4.0
2026-01-20,Valle del Cauca,Distribuidor,Cuidado,Jabón artesanal,C. Ramírez,6,20800.0,0.0,124800.0,3.6
2026-02-21,Eje Cafetero,Tienda física,Café,Café en grano 1kg,J. Peña,20,27100.0,0.0,542000.0,4.6
2025-10-28,Bogotá,E-commerce,Cuidado,Jabón artesanal,M. Torres,16,24400.0,0.0,390400.0,3.3
2026-03-18,Eje Cafetero,Tienda física,Bebidas,Té frío 500ml,A. Rojas,25,7400.0,0.1,166500.0,4.8
2025-09-21,Antioquia,Tienda física,Snacks,Barra de cereal,S. Vargas,13,9000.0,0.0,117000.0,4.7
2025-11-06,Bogotá,Tienda física,Snacks,Barra de cereal,C. Ramírez,1,13900.0,0.0,13900.0,2.8
2026-08-04,Atlántico,E-commerce,Snacks,Mix de frutos secos,J. Peña,17,9800.0,0.0,166600.0,3.1
2026-03-17,Atlántico,Distribuidor,Bebidas,Jugo natural 1L,C. Ramírez,16,6600.0,0.05,100320.0,5.0
2026-08-03,Antioquia,E-commerce,Snacks,Mix de frutos secos,A. Rojas,16,10500.0,0.05,159600.0,4.2
2025-08-24,Santander,Tienda física,Cuidado,Shampoo sólido,A. Rojas,4,19200.0,0.0,76800.0,4.2
2026-07-11,Antioquia,Tienda física,Cuidado,Shampoo sólido,S. Vargas,21,17800.0,0.0,373800.0,3.6
2026-07-26,Eje Cafetero,Tienda física,Café,Cápsulas x20,L. Gómez,9,31100.0,0.0,279900.0,4.4
2025-11-11,Eje Cafetero,Marketplace,Cuidado,Shampoo sólido,M. Torres,9,26800.0,0.1,217080.0,3.5
2026-02-15,Antioquia,Tienda física,Snacks,Barra de cereal,J. Peña,20,10300.0,0.15,175100.0,3.5
2026-05-20,Valle del Cauca,E-commerce,Bebidas,Agua saborizada,L. Gómez,6,8100.0,0.0,48600.0,
2025-08-30,Bogotá,Marketplace,Snacks,Barra de cereal,A. Rojas,10,12700.0,0.1,114300.0,3.7
2025-08-09,Antioquia,Tienda física,Café,Cápsulas x20,L. Gómez,3,29400.0,0.05,83790.0,4.7
2025-12-16,Atlántico,Distribuidor,Café,Cápsulas x20,D. Mejía,24,34900.0,0.05,795720.0,4.4
2025-11-24,Valle del Cauca,Distribuidor,Café,Cápsulas x20,A. Rojas,14,38800.0,0.1,488880.0,3.7
2026-05-26,Eje Cafetero,Distribuidor,Bebidas,Jugo natural 1L,L. Gómez,9,6500.0,0.15,49725.0,4.9
2025-08-30,Valle del Cauca,Tienda física,Snacks,Chips de plátano,J. Peña,2,9800.0,0.0,19600.0,4.2
2026-02-15,Santander,Tienda física,Snacks,Barra de cereal,C. Ramírez,5,9100.0,0.0,45500.0,3.0
2025-08-24,Santander,Marketplace,Snacks,Barra de cereal,M. Torres,16,8800.0,0.1,126720.0,4.9
2026-07-03,Antioquia,Distribuidor,Café,Cápsulas x20,M. Torres,11,27600.0,0.0,303600.0,3.8
2025-11-29,Bogotá,E-commerce,Bebidas,Jugo natural 1L,S. Vargas,26,11800.0,0.0,306800.0,3.6
2026-06-22,Bogotá,Marketplace,Cuidado,Jabón artesanal,S. Vargas,34,26800.0,0.0,911200.0,2.9
2026-02-19,Atlántico,Marketplace,Snacks,Chips de plátano,A. Rojas,21,10200.0,0.0,214200.0,4.3
2026-05-17,Antioquia,E-commerce,Bebidas,Jugo natural 1L,L. Gómez,1,8000.0,0.05,7600.0,4.9
2026-05-22,Santander,Marketplace,Bebidas,Té frío 500ml,J. Peña,14,6100.0,0.0,85400.0,3.6
2025-10-03,Santander,Distribuidor,Snacks,Barra de cereal,A. Rojas,4,10300.0,0.05,39140.0,4.0
2026-01-14,Antioquia,Marketplace,Café,Café en grano 1kg,D. Mejía,18,29600.0,0.1,479520.0,4.9
2026-07-23,Eje Cafetero,E-commerce,Bebidas,Jugo natural 1L,S. Vargas,18,7400.0,0.15,113220.0,3.2
2025-11-11,Valle del Cauca,E-commerce,Snacks,Barra de cereal,A. Rojas,11,13400.0,0.0,147400.0,3.0
2026-04-27,Eje Cafetero,Tienda física,Café,Café molido 500g,M. Torres,4,30000.0,0.0,120000.0,4.3
2026-07-14,Bogotá,Marketplace,Café,Café en grano 1kg,C. Ramírez,18,39300.0,0.15,601290.0,3.9
2026-02-02,Santander,E-commerce,Snacks,Mix de frutos secos,C. Ramírez,16,11400.0,0.0,182400.0,3.3
2025-10-08,Eje Cafetero,Distribuidor,Bebidas,Agua saborizada,C. Ramírez,10,7500.0,0.0,75000.0,4.1
2026-07-30,Eje Cafetero,Distribuidor,Cuidado,Jabón artesanal,J. Peña,7,19500.0,0.05,129675.0,4.7
2025-08-18,Atlántico,Marketplace,Café,Café molido 500g,J. Peña,19,29100.0,0.0,552900.0,3.4
2025-10-18,Antioquia,E-commerce,Snacks,Mix de frutos secos,M. Torres,23,9200.0,0.0,211600.0,3.5
2026-05-24,Atlántico,Marketplace,Café,Cápsulas x20,L. Gómez,2,30300.0,0.0,60600.0,3.1
2025-08-09,Antioquia,Tienda física,Snacks,Barra de cereal,L. Gómez,16,10000.0,0.1,144000.0,3.7
2026-04-07,Eje Cafetero,Tienda física,Café,Café molido 500g,M. Torres,6,31700.0,0.1,171180.0,3.2
2025-12-18,Bogotá,Distribuidor,Café,Café en grano 1kg,D. Mejía,16,50200.0,0.05,763040.0,3.5
2026-04-26,Eje Cafetero,E-commerce,Cuidado,Jabón artesanal,S. Vargas,17,23700.0,0.0,402900.0,3.9
2025-10-30,Bogotá,E-commerce,Café,Café en grano 1kg,J. Peña,20,42500.0,0.0,850000.0,3.9
2026-01-25,Santander,E-commerce,Café,Café molido 500g,J. Peña,9,32900.0,0.05,281295.0,4.3
2025-09-22,Bogotá,E-commerce,Snacks,Barra de cereal,M. Torres,13,13200.0,0.0,171600.0,3.7
2026-05-08,Valle del Cauca,E-commerce,Bebidas,Jugo natural 1L,L. Gómez,12,6800.0,0.05,77520.0,4.3
2026-03-15,Bogotá,Tienda física,Café,Café molido 500g,J. Peña,24,32000.0,0.0,768000.0,4.8
2025-09-27,Eje Cafetero,Marketplace,Cuidado,Shampoo sólido,D. Mejía,13,21500.0,0.1,251550.0,
2025-09-08,Antioquia,Tienda física,Cuidado,Jabón artesanal,S. Vargas,17,19400.0,0.0,329800.0,4.3
2026-07-30,Eje Cafetero,Tienda física,Snacks,Chips de plátano,M. Torres,17,8300.0,0.0,141100.0,2.9
2026-06-01,Antioquia,Distribuidor,Bebidas,Jugo natural 1L,M. Torres,2,6500.0,0.0,13000.0,5.0
2026-03-19,Antioquia,Tienda física,Snacks,Mix de frutos secos,S. Vargas,6,8600.0,0.0,51600.0,4.7
2025-10-05,Bogotá,E-commerce,Café,Café en grano 1kg,D. Mejía,11,34700.0,0.0,381700.0,3.6
2026-01-10,Santander,Marketplace,Bebidas,Agua saborizada,A. Rojas,23,7400.0,0.1,153180.0,3.2
2026-04-29,Eje Cafetero,Distribuidor,Snacks,Barra de cereal,A. Rojas,12,8400.0,0.0,100800.0,4.0
2025-11-28,Santander,E-commerce,Bebidas,Agua saborizada,C. Ramírez,6,10300.0,0.0,61800.0,4.0
2025-12-26,Eje Cafetero,Marketplace,Café,Cápsulas x20,L. Gómez,13,41400.0,0.1,484380.0,3.3
2026-04-25,Valle del Cauca,Distribuidor,Cuidado,Shampoo sólido,J. Peña,5,21000.0,0.05,99750.0,4.4
2025-11-24,Eje Cafetero,Distribuidor,Cuidado,Crema corporal,D. Mejía,20,26000.0,0.0,520000.0,3.6
2026-07-07,Atlántico,Distribuidor,Snacks,Mix de frutos secos,J. Peña,6,8700.0,0.0,52200.0,3.6
2025-08-23,Santander,Distribuidor,Cuidado,Shampoo sólido,J. Peña,5,20900.0,0.0,104500.0,3.5
2025-10-01,Bogotá,Distribuidor,Snacks,Barra de cereal,J. Peña,18,10200.0,0.0,183600.0,
2026-03-19,Antioquia,Distribuidor,Bebidas,Jugo natural 1L,M. Torres,28,6100.0,0.15,145180.0,4.4
2026-02-03,Eje Cafetero,E-commerce,Bebidas,Té frío 500ml,L. Gómez,7,8000.0,0.05,53200.0,3.2
2026-02-14,Valle del Cauca,Marketplace,Café,Café molido 500g,J. Peña,25,28800.0,0.1,648000.0,5.0
2026-02-23,Atlántico,Tienda física,Cuidado,Jabón artesanal,S. Vargas,13,18600.0,0.0,241800.0,2.9
2025-11-11,Santander,E-commerce,Snacks,Mix de frutos secos,S. Vargas,10,13000.0,0.0,130000.0,4.7
2025-12-08,Santander,Distribuidor,Snacks,Barra de cereal,C. Ramírez,20,12500.0,0.1,225000.0,3.9
2025-10-08,Atlántico,Distribuidor,Snacks,Mix de frutos secos,C. Ramírez,20,10300.0,0.0,206000.0,4.8
2025-10-05,Antioquia,Marketplace,Bebidas,Jugo natural 1L,A. Rojas,14,6500.0,0.0,91000.0,4.6
2026-01-09,Eje Cafetero,Marketplace,Bebidas,Jugo natural 1L,C. Ramírez,23,6600.0,0.0,151800.0,4.3
2026-03-31,Santander,E-commerce,Snacks,Chips de plátano,M. Torres,16,10300.0,0.05,156560.0,4.6
2025-09-29,Atlántico,Tienda física,Bebidas,Agua saborizada,S. Vargas,1,6400.0,0.0,6400.0,2.8
2025-09-23,Valle del Cauca,Tienda física,Café,Café molido 500g,J. Peña,6,27200.0,0.15,138720.0,3.9
2025-11-01,Santander,Marketplace,Café,Cápsulas x20,D. Mejía,17,35100.0,0.0,596700.0,4.0
2025-11-27,Valle del Cauca,Distribuidor,Cuidado,Crema corporal,D. Mejía,13,29200.0,0.0,379600.0,3.1
2026-07-09,Valle del Cauca,Tienda física,Bebidas,Té frío 500ml,C. Ramírez,16,6400.0,0.05,97280.0,4.9
2026-02-07,Bogotá,E-commerce,Snacks,Barra de cereal,L. Gómez,18,12800.0,0.0,230400.0,3.4
2025-11-03,Valle del Cauca,Tienda física,Cuidado,Jabón artesanal,J. Peña,13,23300.0,0.0,302900.0,4.3
2026-07-18,Santander,Marketplace,Café,Café en grano 1kg,S. Vargas,16,25700.0,0.0,411200.0,3.2
2026-07-03,Santander,E-commerce,Snacks,Chips de plátano,J. Peña,5,10500.0,0.0,52500.0,4.0
2025-10-14,Santander,Tienda física,Cuidado,Shampoo sólido,A. Rojas,17,20300.0,0.1,310590.0,4.5
2026-05-26,Atlántico,Distribuidor,Snacks,Chips de plátano,L. Gómez,18,9400.0,0.0,169200.0,3.8
2025-10-30,Bogotá,Tienda física,Café,Cápsulas x20,S. Vargas,12,39700.0,0.1,428760.0,3.1
2025-09-11,Bogotá,Tienda física,Snacks,Chips de plátano,L. Gómez,12,11900.0,0.0,142800.0,3.0
2026-07-25,Antioquia,E-commerce,Cuidado,Shampoo sólido,M. Torres,18,20600.0,0.0,370800.0,3.5
2025-09-09,Santander,Tienda física,Café,Café molido 500g,J. Peña,28,25600.0,0.15,609280.0,4.3
2026-01-07,Atlántico,Distribuidor,Café,Café molido 500g,M. Torres,13,25600.0,0.0,332800.0,3.5
2026-07-11,Santander,E-commerce,Cuidado,Shampoo sólido,L. Gómez,13,20800.0,0.1,243360.0,
2026-03-28,Valle del Cauca,Distribuidor,Snacks,Mix de frutos secos,J. Peña,13,8700.0,0.15,96135.0,3.7
2025-11-29,Atlántico,Distribuidor,Café,Café molido 500g,A. Rojas,1,38400.0,0.0,38400.0,3.9
2026-06-22,Antioquia,E-commerce,Bebidas,Jugo natural 1L,M. Torres,7,7600.0,0.05,50540.0,4.0
2025-10-24,Atlántico,E-commerce,Cuidado,Jabón artesanal,S. Vargas,23,22900.0,0.0,526700.0,4.4
2026-02-03,Valle del Cauca,Distribuidor,Café,Café en grano 1kg,D. Mejía,8,27800.0,0.1,200160.0,3.3
2026-03-18,Valle del Cauca,E-commerce,Café,Café en grano 1kg,A. Rojas,7,32000.0,0.1,201600.0,4.2
2025-10-10,Eje Cafetero,Tienda física,Snacks,Barra de cereal,D. Mejía,16,9900.0,0.05,150480.0,4.3
2026-03-18,Antioquia,Marketplace,Snacks,Mix de frutos secos,J. Peña,3,8500.0,0.0,25500.0,3.3
2026-03-17,Antioquia,Tienda física,Cuidado,Crema corporal,A. Rojas,17,18000.0,0.05,290700.0,4.0
2026-03-20,Bogotá,E-commerce,Cuidado,Jabón artesanal,A. Rojas,22,26400.0,0.15,493680.0,3.0
2026-03-17,Eje Cafetero,E-commerce,Snacks,Barra de cereal,L. Gómez,17,9800.0,0.0,166600.0,4.6
2026-07-02,Valle del Cauca,E-commerce,Snacks,Chips de plátano,D. Mejía,12,9500.0,0.15,96900.0,3.0
2026-05-27,Antioquia,E-commerce,Café,Café molido 500g,M. Torres,18,28400.0,0.05,485640.0,3.4
2026-01-07,Valle del Cauca,E-commerce,Cuidado,Jabón artesanal,L. Gómez,16,22900.0,0.15,311440.0,3.1
2025-11-29,Valle del Cauca,Tienda física,Café,Café molido 500g,M. Torres,6,34200.0,0.0,205200.0,3.6
2026-01-14,Eje Cafetero,Marketplace,Cuidado,Crema corporal,C. Ramírez,16,18200.0,0.05,276640.0,4.2
2026-04-26,Atlántico,Marketplace,Cuidado,Shampoo sólido,M. Torres,11,21400.0,0.05,223630.0,4.3
2026-05-20,Santander,E-commerce,Snacks,Barra de cereal,D. Mejía,26,11400.0,0.1,266760.0,3.1
2026-07-23,Bogotá,Tienda física,Bebidas,Jugo natural 1L,L. Gómez,13,7600.0,0.0,98800.0,
2026-01-07,Eje Cafetero,E-commerce,Cuidado,Shampoo sólido,S. Vargas,22,19600.0,0.05,409640.0,2.8
2026-01-05,Atlántico,Distribuidor,Café,Café en grano 1kg,S. Vargas,8,25700.0,0.0,205600.0,3.0
2025-08-29,Santander,E-commerce,Bebidas,Jugo natural 1L,S. Vargas,13,6600.0,0.15,72930.0,2.9
2026-01-07,Valle del Cauca,E-commerce,Café,Cápsulas x20,C. Ramírez,6,33400.0,0.0,200400.0,4.0
2026-01-07,Atlántico,Tienda física,Cuidado,Crema corporal,L. Gómez,7,19200.0,0.0,134400.0,4.9
2026-01-18,Eje Cafetero,Marketplace,Cuidado,Shampoo sólido,A. Rojas,4,18400.0,0.0,73600.0,2.9
2026-03-24,Antioquia,Marketplace,Bebidas,Té frío 500ml,J. Peña,21,6500.0,0.1,122850.0,3.6
2026-06-11,Antioquia,Distribuidor,Snacks,Barra de cereal,C. Ramírez,18,9400.0,0.05,160740.0,2.9
2026-03-22,Atlántico,Tienda física,Bebidas,Agua saborizada,L. Gómez,10,6000.0,0.0,60000.0,3.5
2025-08-16,Antioquia,Marketplace,Cuidado,Crema corporal,C. Ramírez,15,19500.0,0.15,248625.0,4.6
2026-05-17,Santander,Tienda física,Snacks,Chips de plátano,L. Gómez,14,8400.0,0.05,111720.0,3.4
2025-12-08,Santander,Tienda física,Bebidas,Té frío 500ml,D. Mejía,4,8600.0,0.0,34400.0,3.0
2026-03-14,Eje Cafetero,E-commerce,Café,Cápsulas x20,D. Mejía,11,32200.0,0.15,301070.0,3.4
2026-04-18,Santander,Marketplace,Bebidas,Té frío 500ml,J. Peña,21,6400.0,0.1,120960.0,4.2
2026-04-24,Santander,Marketplace,Café,Café molido 500g,C. Ramírez,15,27600.0,0.0,414000.0,3.5
2026-04-21,Valle del Cauca,Distribuidor,Bebidas,Agua saborizada,A. Rojas,14,6700.0,0.1,84420.0,4.8
2026-03-17,Santander,E-commerce,Cuidado,Crema corporal,S. Vargas,29,19500.0,0.1,508950.0,3.1
2026-05-19,Valle del Cauca,E-commerce,Café,Café molido 500g,L. Gómez,7,34900.0,0.05,232085.0,3.2
2026-07-06,Eje Cafetero,Tienda física,Café,Café en grano 1kg,S. Vargas,22,26500.0,0.15,495550.0,4.0
2026-03-09,Atlántico,Marketplace,Café,Café molido 500g,S. Vargas,12,29900.0,0.1,322920.0,4.9
2025-12-31,Santander,Marketplace,Cuidado,Shampoo sólido,L. Gómez,9,26400.0,0.0,237600.0,4.9
2026-04-26,Atlántico,Tienda física,Bebidas,Agua saborizada,A. Rojas,16,7100.0,0.15,96560.0,4.9
2026-02-07,Atlántico,Distribuidor,Bebidas,Jugo natural 1L,D. Mejía,9,6400.0,0.0,57600.0,4.8
2025-11-09,Bogotá,E-commerce,Snacks,Mix de frutos secos,A. Rojas,20,17000.0,0.0,340000.0,3.1
2026-05-16,Valle del Cauca,Distribuidor,Snacks,Barra de cereal,L. Gómez,8,8300.0,0.0,66400.0,4.8
2026-03-17,Atlántico,Tienda física,Snacks,Barra de cereal,M. Torres,4,9900.0,0.0,39600.0,3.7
2025-12-08,Bogotá,Marketplace,Café,Cápsulas x20,S. Vargas,17,50900.0,0.1,778770.0,3.9
2025-12-11,Antioquia,Tienda física,Cuidado,Crema corporal,D. Mejía,1,28800.0,0.0,28800.0,4.7
2025-08-17,Antioquia,Marketplace,Cuidado,Shampoo sólido,L. Gómez,29,17800.0,0.1,464580.0,3.4
2026-02-27,Bogotá,Distribuidor,Snacks,Mix de frutos secos,S. Vargas,1,12400.0,0.1,11160.0,3.5
2026-04-20,Bogotá,Tienda física,Bebidas,Agua saborizada,S. Vargas,4,8000.0,0.15,27200.0,4.8
2026-07-03,Valle del Cauca,Marketplace,Bebidas,Agua saborizada,J. Peña,15,6600.0,0.1,89100.0,4.8
2026-07-25,Antioquia,E-commerce,Snacks,Mix de frutos secos,L. Gómez,6,9400.0,0.0,56400.0,4.3
2025-11-11,Atlántico,Marketplace,Bebidas,Agua saborizada,M. Torres,16,8300.0,0.0,132800.0,3.8
2025-09-10,Bogotá,Marketplace,Cuidado,Jabón artesanal,C. Ramírez,4,25800.0,0.1,92880.0,3.7
2025-10-16,Atlántico,E-commerce,Café,Cápsulas x20,S. Vargas,8,30900.0,0.0,247200.0,4.7
2025-08-11,Santander,Marketplace,Bebidas,Té frío 500ml,C. Ramírez,22,6200.0,0.0,136400.0,2.9
2025-09-04,Eje Cafetero,Marketplace,Cuidado,Crema corporal,J. Peña,27,19900.0,0.1,483570.0,2.8
2026-02-19,Santander,Tienda física,Bebidas,Jugo natural 1L,L. Gómez,11,6700.0,0.1,66330.0,3.0
2025-09-26,Bogotá,Marketplace,Cuidado,Shampoo sólido,S. Vargas,12,24900.0,0.0,298800.0,4.1
2026-01-09,Atlántico,Distribuidor,Café,Cápsulas x20,D. Mejía,1,29900.0,0.0,29900.0,3.8
2025-12-11,Atlántico,Marketplace,Bebidas,Agua saborizada,J. Peña,21,9200.0,0.0,193200.0,3.5
2025-12-05,Eje Cafetero,Tienda física,Cuidado,Shampoo sólido,S. Vargas,19,25800.0,0.1,441180.0,4.4
2025-10-20,Eje Cafetero,Tienda física,Cuidado,Crema corporal,S. Vargas,9,17200.0,0.0,154800.0,4.7
2025-09-06,Eje Cafetero,E-commerce,Snacks,Mix de frutos secos,S. Vargas,1,10900.0,0.0,10900.0,3.6
2025-11-30,Santander,E-commerce,Bebidas,Agua saborizada,L. Gómez,25,11000.0,0.0,275000.0,3.9
2026-02-20,Atlántico,E-commerce,Bebidas,Té frío 500ml,J. Peña,10,7900.0,0.0,79000.0,2.8
2025-12-23,Bogotá,E-commerce,Cuidado,Jabón artesanal,S. Vargas,14,39100.0,0.15,465290.0,2.9
2026-01-22,Atlántico,E-commerce,Café,Café molido 500g,S. Vargas,13,34900.0,0.1,408330.0,2.9
2025-10-08,Antioquia,Marketplace,Cuidado,Shampoo sólido,D. Mejía,19,18100.0,0.0,343900.0,3.5
2025-08-07,Bogotá,E-commerce,Café,Café en grano 1kg,A. Rojas,2,42100.0,0.15,71570.0,4.6
2026-01-21,Valle del Cauca,Marketplace,Snacks,Mix de frutos secos,D. Mejía,8,9400.0,0.0,75200.0,3.4
2026-05-11,Santander,Distribuidor,Snacks,Mix de frutos secos,S. Vargas,1,10100.0,0.0,10100.0,4.3
2026-07-17,Valle del Cauca,Tienda física,Café,Café molido 500g,L. Gómez,12,27200.0,0.15,277440.0,4.6
2026-05-10,Bogotá,Tienda física,Snacks,Barra de cereal,,16,11100.0,0.0,177600.0,3.3
2025-08-10,Atlántico,Tienda física,Café,Cápsulas x20,S. Vargas,19,25600.0,0.05,462080.0,3.8
2025-08-22,Antioquia,E-commerce,Cuidado,Crema corporal,S. Vargas,19,21900.0,0.05,395295.0,
2026-03-27,Antioquia,Marketplace,Bebidas,Agua saborizada,M. Torres,20,6300.0,0.0,126000.0,3.8
2026-03-22,Eje Cafetero,Marketplace,Bebidas,Té frío 500ml,C. Ramírez,16,6300.0,0.1,90720.0,4.9
2026-03-25,Atlántico,Marketplace,Café,Cápsulas x20,S. Vargas,13,25900.0,0.1,303030.0,4.5
2025-10-26,Bogotá,Marketplace,Cuidado,Jabón artesanal,L. Gómez,19,26600.0,0.0,505400.0,4.2
2026-05-19,Eje Cafetero,E-commerce,Café,Café en grano 1kg,D. Mejía,11,29900.0,0.05,312455.0,3.8
2026-06-04,Santander,E-commerce,Cuidado,Shampoo sólido,S. Vargas,21,19700.0,0.0,413700.0,
2025-08-15,Bogotá,Distribuidor,Cuidado,Shampoo sólido,L. Gómez,21,23600.0,0.0,495600.0,4.5
2026-04-03,Antioquia,Tienda física,Cuidado,Shampoo sólido,J. Peña,3,17500.0,0.0,52500.0,3.6
2026-03-07,Eje Cafetero,Marketplace,Bebidas,Agua saborizada,J. Peña,9,6000.0,0.0,54000.0,3.9
2026-06-01,Eje Cafetero,Distribuidor,Cuidado,Crema corporal,M. Torres,9,19800.0,0.15,151470.0,3.3
2026-06-23,Valle del Cauca,Marketplace,Cuidado,Crema corporal,A. Rojas,10,19200.0,0.05,182400.0,3.9
2026-07-11,Bogotá,Distribuidor,Café,Café molido 500g,M. Torres,21,34100.0,0.0,716100.0,3.3
2026-01-06,Atlántico,Tienda física,Cuidado,Shampoo sólido,C. Ramírez,16,20300.0,0.15,276080.0,3.6
2026-05-04,Bogotá,E-commerce,Bebidas,Jugo natural 1L,L. Gómez,14,9300.0,0.15,110670.0,3.3
2025-08-29,Valle del Cauca,Tienda física,Café,Café en grano 1kg,L. Gómez,18,30300.0,0.0,545400.0,5.0
2025-12-21,Antioquia,E-commerce,Snacks,Barra de cereal,S. Vargas,8,14800.0,0.05,112480.0,4.8
2025-10-14,Bogotá,E-commerce,Cuidado,Shampoo sólido,S. Vargas,11,25300.0,0.0,278300.0,4.6
2026-05-18,Antioquia,Distribuidor,Bebidas,Jugo natural 1L,,20,5900.0,0.05,112100.0,4.7
2026-06-26,Atlántico,E-commerce,Bebidas,Jugo natural 1L,J. Peña,9,6800.0,0.15,52020.0,4.0
2026-04-08,Atlántico,Tienda física,Bebidas,Agua saborizada,A. Rojas,11,7500.0,0.0,82500.0,4.7
2025-08-22,Eje Cafetero,Distribuidor,Cuidado,Shampoo sólido,D. Mejía,6,20200.0,0.1,109080.0,3.3
2025-08-25,Valle del Cauca,Marketplace,Cuidado,Jabón artesanal,J. Peña,14,20800.0,0.15,247520.0,3.4
2026-07-25,Atlántico,E-commerce,Snacks,Chips de plátano,J. Peña,12,9400.0,0.0,112800.0,3.7
2025-08-18,Valle del Cauca,E-commerce,Café,Café en grano 1kg,L. Gómez,21,32200.0,0.0,676200.0,4.4
2025-10-05,Antioquia,Tienda física,Bebidas,Agua saborizada,L. Gómez,10,6500.0,0.15,55250.0,4.9
2025-12-30,Eje Cafetero,Tienda física,Bebidas,Jugo natural 1L,J. Peña,25,8400.0,0.0,210000.0,4.5
2026-03-15,Bogotá,Distribuidor,Bebidas,Jugo natural 1L,M. Torres,12,9300.0,0.0,111600.0,3.6
2026-06-29,Bogotá,E-commerce,Bebidas,Jugo natural 1L,A. Rojas,22,9000.0,0.0,198000.0,4.8
2026-04-19,Santander,Tienda física,Bebidas,Jugo natural 1L,M. Torres,5,7100.0,0.1,31950.0,3.8
2026-01-22,Valle del Cauca,Tienda física,Snacks,Mix de frutos secos,M. Torres,27,8600.0,0.0,232200.0,2.9
2026-07-31,Santander,Marketplace,Snacks,Mix de frutos secos,S. Vargas,9,9600.0,0.0,86400.0,4.2
2026-03-12,Bogotá,Distribuidor,Cuidado,Jabón artesanal,J. Peña,20,21600.0,0.0,432000.0,3.1
2025-10-22,Bogotá,E-commerce,Snacks,Chips de plátano,L. Gómez,16,11800.0,0.0,188800.0,3.0
2026-04-09,Antioquia,Distribuidor,Bebidas,Jugo natural 1L,L. Gómez,11,5900.0,0.05,61655.0,3.2
2026-05-13,Atlántico,E-commerce,Café,Cápsulas x20,M. Torres,11,35100.0,0.0,386100.0,4.5
2026-07-01,Eje Cafetero,Tienda física,Bebidas,Jugo natural 1L,C. Ramírez,12,6500.0,0.1,70200.0,3.5
2026-06-23,Atlántico,Distribuidor,Cuidado,Crema corporal,M. Torres,16,19700.0,0.0,315200.0,3.9
2025-09-16,Eje Cafetero,Marketplace,Snacks,Barra de cereal,C. Ramírez,8,8500.0,0.15,57800.0,4.9
2025-09-18,Antioquia,Tienda física,Café,Cápsulas x20,D. Mejía,6,31800.0,0.15,162180.0,3.4
2025-08-21,Valle del Cauca,Tienda física,Cuidado,Shampoo sólido,M. Torres,12,18400.0,0.05,209760.0,4.4
2025-11-22,Bogotá,Distribuidor,Snacks,Mix de frutos secos,L. Gómez,18,17300.0,0.0,311400.0,3.7
2025-09-05,Santander,Tienda física,Café,Café en grano 1kg,L. Gómez,19,28000.0,0.0,532000.0,4.5
2025-11-04,Atlántico,E-commerce,Snacks,Chips de plátano,M. Torres,1,13000.0,0.0,13000.0,3.1
2026-07-04,Bogotá,E-commerce,Bebidas,Agua saborizada,M. Torres,13,10300.0,0.0,133900.0,2.8
2026-01-22,Antioquia,Tienda física,Snacks,Barra de cereal,L. Gómez,18,8300.0,0.05,141930.0,4.7
2026-07-09,Valle del Cauca,E-commerce,Snacks,Barra de cereal,A. Rojas,15,9300.0,0.15,118575.0,3.8
2026-04-04,Valle del Cauca,E-commerce,Snacks,Mix de frutos secos,L. Gómez,20,9200.0,0.0,184000.0,3.0
2026-01-25,Eje Cafetero,Tienda física,Snacks,Chips de plátano,C. Ramírez,1,9600.0,0.1,8640.0,3.9
2026-03-10,Valle del Cauca,Marketplace,Café,Café molido 500g,J. Peña,12,26900.0,0.1,290520.0,3.9
2025-10-21,Valle del Cauca,Distribuidor,Cuidado,Crema corporal,L. Gómez,12,21700.0,0.0,260400.0,2.8
2025-10-04,Atlántico,E-commerce,Cuidado,Crema corporal,M. Torres,8,20100.0,0.0,160800.0,4.7
2026-08-05,Eje Cafetero,Distribuidor,Bebidas,Jugo natural 1L,D. Mejía,10,7300.0,0.0,73000.0,4.3
2026-03-24,Atlántico,Marketplace,Bebidas,Agua saborizada,C. Ramírez,10,7100.0,0.0,71000.0,3.6
2026-08-03,Bogotá,Marketplace,Cuidado,Jabón artesanal,S. Vargas,17,25700.0,0.0,436900.0,4.6
2026-07-13,Antioquia,Tienda física,Cuidado,Shampoo sólido,S. Vargas,13,19000.0,0.1,222300.0,4.4
2025-10-08,Valle del Cauca,E-commerce,Snacks,Barra de cereal,C. Ramírez,13,10300.0,0.0,133900.0,3.8
2025-11-08,Bogotá,Distribuidor,Bebidas,Agua saborizada,M. Torres,14,10600.0,0.1,133560.0,4.2
2026-01-29,Bogotá,Distribuidor,Café,Café en grano 1kg,D. Mejía,13,36400.0,0.0,473200.0,3.5
2026-06-19,Valle del Cauca,Distribuidor,Snacks,Chips de plátano,M. Torres,23,9100.0,0.15,177905.0,3.4
2026-08-01,Santander,E-commerce,Cuidado,Jabón artesanal,M. Torres,8,21900.0,0.05,166440.0,4.7
2026-01-24,Valle del Cauca,Marketplace,Snacks,Barra de cereal,C. Ramírez,25,8400.0,0.0,210000.0,3.7
2026-07-03,Santander,Distribuidor,Bebidas,Té frío 500ml,J. Peña,1,7000.0,0.05,6650.0,4.6
2025-10-11,Atlántico,E-commerce,Bebidas,Agua saborizada,J. Peña,20,8200.0,0.1,147600.0,2.8
2026-08-05,Bogotá,Distribuidor,Cuidado,Jabón artesanal,D. Mejía,21,21900.0,0.0,459900.0,3.5
2026-04-19,Antioquia,Distribuidor,Bebidas,Agua saborizada,D. Mejía,19,7000.0,0.15,113050.0,2.9
2026-05-23,Bogotá,Tienda física,Café,Cápsulas x20,D. Mejía,3,32900.0,0.0,98700.0,4.0
2026-06-25,Antioquia,Marketplace,Cuidado,Jabón artesanal,D. Mejía,25,18700.0,0.0,467500.0,5.0
2025-12-16,Eje Cafetero,Distribuidor,Café,Café en grano 1kg,J. Peña,12,41400.0,0.1,447120.0,4.4
2025-11-16,Valle del Cauca,Distribuidor,Bebidas,Jugo natural 1L,A. Rojas,10,9600.0,0.0,96000.0,3.6
2026-05-28,Atlántico,Distribuidor,Snacks,Chips de plátano,S. Vargas,10,10200.0,0.0,102000.0,3.2
2026-06-25,Santander,Tienda física,Bebidas,Té frío 500ml,L. Gómez,12,6400.0,0.1,69120.0,3.1
2026-03-09,Bogotá,Distribuidor,Cuidado,Jabón artesanal,S. Vargas,13,26300.0,0.0,341900.0,3.5
2025-10-19,Bogotá,E-commerce,Café,Cápsulas x20,C. Ramírez,18,42800.0,0.15,654840.0,3.9
2025-10-26,Antioquia,Distribuidor,Cuidado,Shampoo sólido,L. Gómez,18,18600.0,0.0,334800.0,3.2
2026-03-01,Valle del Cauca,Marketplace,Snacks,Mix de frutos secos,D. Mejía,18,8600.0,0.0,154800.0,4.5
2026-05-04,Atlántico,Tienda física,Bebidas,Agua saborizada,A. Rojas,18,7100.0,0.1,115020.0,4.5
2026-05-27,Valle del Cauca,Tienda física,Café,Cápsulas x20,A. Rojas,17,31200.0,0.0,530400.0,
2025-11-07,Valle del Cauca,Tienda física,Cuidado,Crema corporal,S. Vargas,19,24000.0,0.0,456000.0,3.1
2026-01-31,Antioquia,Marketplace,Bebidas,Agua saborizada,S. Vargas,1,6400.0,0.0,6400.0,3.9
2026-01-15,Eje Cafetero,Marketplace,Café,Café en grano 1kg,D. Mejía,17,30000.0,0.0,510000.0,4.0
2026-06-05,Valle del Cauca,E-commerce,Bebidas,Jugo natural 1L,S. Vargas,23,7000.0,0.0,161000.0,3.2
2026-03-15,Santander,Distribuidor,Café,Café molido 500g,M. Torres,5,29100.0,0.1,130950.0,3.7
2026-05-19,Antioquia,Tienda física,Café,Café molido 500g,D. Mejía,6,28300.0,0.1,152820.0,4.6
2025-08-07,Antioquia,Tienda física,Snacks,Mix de frutos secos,,1,9700.0,0.0,9700.0,4.0
2025-10-22,Eje Cafetero,Marketplace,Snacks,Chips de plátano,S. Vargas,26,8100.0,0.0,210600.0,3.5
2026-05-20,Valle del Cauca,Marketplace,Cuidado,Jabón artesanal,A. Rojas,11,21300.0,0.15,199155.0,3.8
2026-05-22,Bogotá,Marketplace,Bebidas,Agua saborizada,S. Vargas,5,7300.0,0.05,34675.0,4.6
2026-02-26,Bogotá,Marketplace,Bebidas,Agua saborizada,L. Gómez,11,7400.0,0.0,81400.0,3.0
2026-05-25,Antioquia,Distribuidor,Cuidado,Crema corporal,D. Mejía,8,19200.0,0.1,138240.0,4.7
2026-03-22,Santander,Distribuidor,Bebidas,Agua saborizada,M. Torres,5,6600.0,0.15,28050.0,4.6
2025-09-14,Santander,Distribuidor,Cuidado,Jabón artesanal,D. Mejía,11,21500.0,0.15,201025.0,3.3
2025-12-07,Antioquia,Distribuidor,Snacks,Mix de frutos secos,J. Peña,5,11000.0,0.0,55000.0,2.9
2026-05-04,Eje Cafetero,Marketplace,Cuidado,Crema corporal,S. Vargas,9,20600.0,0.15,157590.0,4.4
2026-04-05,Valle del Cauca,Marketplace,Cuidado,Crema corporal,A. Rojas,10,17300.0,0.05,164350.0,3.5
2026-06-28,Atlántico,E-commerce,Café,Cápsulas x20,C. Ramírez,14,32400.0,0.1,408240.0,
2026-05-31,Atlántico,Tienda física,Bebidas,Jugo natural 1L,J. Peña,20,7400.0,0.0,148000.0,4.8
2026-01-22,Antioquia,Tienda física,Bebidas,Té frío 500ml,S. Vargas,2,6000.0,0.1,10800.0,3.5
2025-11-27,Valle del Cauca,E-commerce,Café,Café molido 500g,J. Peña,7,47800.0,0.1,301140.0,4.9
2025-12-14,Santander,Distribuidor,Café,Café molido 500g,S. Vargas,10,34700.0,0.1,312300.0,4.9
2026-05-28,Valle del Cauca,Marketplace,Bebidas,Té frío 500ml,J. Peña,4,5900.0,0.0,23600.0,2.8
2025-09-01,Santander,Marketplace,Café,Café molido 500g,J. Peña,27,25700.0,0.15,589815.0,3.6
2025-10-19,Atlántico,Marketplace,Café,Cápsulas x20,S. Vargas,22,30800.0,0.0,677600.0,4.0
2025-12-25,Atlántico,Distribuidor,Bebidas,Agua saborizada,C. Ramírez,6,9800.0,0.0,58800.0,4.7
2025-08-19,Atlántico,Distribuidor,Café,Café molido 500g,D. Mejía,18,26500.0,0.05,453150.0,4.1
2026-03-14,Eje Cafetero,Tienda física,Snacks,Mix de frutos secos,D. Mejía,17,8400.0,0.05,135660.0,4.1
2026-07-20,Bogotá,Tienda física,Snacks,Chips de plátano,J. Peña,6,11800.0,0.0,70800.0,
2026-03-15,Antioquia,Tienda física,Bebidas,Té frío 500ml,M. Torres,18,6000.0,0.15,91800.0,3.0
2025-11-29,Santander,Tienda física,Café,Café en grano 1kg,L. Gómez,13,37100.0,0.0,482300.0,4.9
2026-02-28,Antioquia,Distribuidor,Cuidado,Shampoo sólido,S. Vargas,8,19600.0,0.15,133280.0,3.0
2026-05-21,Bogotá,E-commerce,Cuidado,Jabón artesanal,D. Mejía,19,27900.0,0.0,530100.0,3.1
2026-06-16,Atlántico,Marketplace,Cuidado,Crema corporal,L. Gómez,10,19100.0,0.0,191000.0,3.4
2025-09-24,Valle del Cauca,E-commerce,Snacks,Barra de cereal,M. Torres,5,10400.0,0.15,44200.0,3.3
2026-07-26,Atlántico,Marketplace,Cuidado,Shampoo sólido,J. Peña,2,17800.0,0.0,35600.0,4.6
2026-01-23,Valle del Cauca,Tienda física,Café,Café molido 500g,L. Gómez,11,28500.0,0.15,266475.0,4.2
2026-07-15,Atlántico,Tienda física,Cuidado,Jabón artesanal,S. Vargas,6,18000.0,0.1,97200.0,3.1
2026-01-30,Antioquia,Distribuidor,Cuidado,Crema corporal,A. Rojas,9,20200.0,0.0,181800.0,4.9
2025-11-18,Valle del Cauca,Tienda física,Café,Café molido 500g,C. Ramírez,19,39800.0,0.0,756200.0,4.5
2026-02-22,Atlántico,Distribuidor,Cuidado,Shampoo sólido,S. Vargas,15,21800.0,0.0,327000.0,4.4
2026-07-31,Santander,Tienda física,Cuidado,Jabón artesanal,J. Peña,21,20500.0,0.05,408975.0,4.1
2026-05-06,Valle del Cauca,Distribuidor,Cuidado,Jabón artesanal,C. Ramírez,25,21300.0,0.0,532500.0,4.5
2025-09-13,Santander,Marketplace,Cuidado,Jabón artesanal,D. Mejía,21,19400.0,0.0,407400.0,4.7
2025-12-22,Bogotá,E-commerce,Café,Café en grano 1kg,C. Ramírez,4,51900.0,0.0,207600.0,4.3
2026-06-14,Santander,Marketplace,Café,Cápsulas x20,A. Rojas,7,29200.0,0.0,204400.0,4.5
2026-06-27,Antioquia,E-commerce,Café,Café molido 500g,J. Peña,1,29500.0,0.0,29500.0,3.7
2025-09-06,Eje Cafetero,E-commerce,Bebidas,Jugo natural 1L,A. Rojas,1,6800.0,0.0,6800.0,2.8
2025-11-18,Antioquia,Marketplace,Bebidas,Jugo natural 1L,J. Peña,13,9400.0,0.0,122200.0,2.9
2026-01-27,Antioquia,Marketplace,Cuidado,Shampoo sólido,J. Peña,20,17500.0,0.0,350000.0,4.0
2026-04-12,Bogotá,Tienda física,Café,Cápsulas x20,M. Torres,11,33300.0,0.15,311355.0,4.6
2026-06-20,Santander,Marketplace,Snacks,Chips de plátano,S. Vargas,9,8400.0,0.0,75600.0,3.8
2025-11-03,Santander,Marketplace,Cuidado,Crema corporal,M. Torres,17,23500.0,0.0,399500.0,4.0
2026-04-10,Eje Cafetero,Distribuidor,Bebidas,Agua saborizada,M. Torres,7,6700.0,0.15,39865.0,3.0
2025-11-28,Antioquia,Marketplace,Snacks,Mix de frutos secos,J. Peña,4,11400.0,0.1,41040.0,3.6
2025-11-20,Valle del Cauca,E-commerce,Cuidado,Jabón artesanal,J. Peña,16,27300.0,0.0,436800.0,3.1
2026-04-22,Santander,Marketplace,Bebidas,Agua saborizada,M. Torres,11,6900.0,0.15,64515.0,3.0
2026-04-05,Antioquia,Marketplace,Cuidado,Shampoo sólido,C. Ramírez,16,19500.0,0.1,280800.0,2.8
2025-11-09,Santander,Marketplace,Snacks,Chips de plátano,C. Ramírez,11,12500.0,0.15,116875.0,3.2
2026-05-27,Bogotá,E-commerce,Bebidas,Té frío 500ml,J. Peña,10,9300.0,0.05,88350.0,
2025-12-18,Bogotá,Marketplace,Cuidado,Shampoo sólido,L. Gómez,15,30700.0,0.05,437475.0,3.0
2026-05-05,Antioquia,Distribuidor,Snacks,Mix de frutos secos,D. Mejía,20,8400.0,0.15,142800.0,5.0
2026-04-16,Antioquia,E-commerce,Snacks,Mix de frutos secos,L. Gómez,22,9300.0,0.0,204600.0,3.6
2026-01-17,Bogotá,Tienda física,Café,Café molido 500g,D. Mejía,17,36500.0,0.1,558450.0,3.0
2026-02-12,Atlántico,Distribuidor,Snacks,Chips de plátano,L. Gómez,14,8900.0,0.15,105910.0,4.0
2026-05-20,Santander,Tienda física,Snacks,Chips de plátano,L. Gómez,25,8600.0,0.1,193500.0,3.8
2025-12-03,Antioquia,Tienda física,Cuidado,Crema corporal,L. Gómez,11,26200.0,0.05,273790.0,4.4
2026-01-08,Valle del Cauca,Marketplace,Cuidado,Shampoo sólido,C. Ramírez,13,19500.0,0.1,228150.0,4.2
2025-10-29,Bogotá,Marketplace,Bebidas,Jugo natural 1L,M. Torres,12,8300.0,0.0,99600.0,3.8
2026-02-01,Valle del Cauca,Distribuidor,Cuidado,Shampoo sólido,C. Ramírez,11,17200.0,0.1,170280.0,4.9
2025-12-29,Valle del Cauca,Distribuidor,Snacks,Barra de cereal,A. Rojas,16,13200.0,0.05,200640.0,4.6
2025-08-09,Antioquia,Distribuidor,Snacks,Mix de frutos secos,L. Gómez,14,8400.0,0.1,105840.0,4.1
2026-04-29,Santander,E-commerce,Café,Cápsulas x20,S. Vargas,20,30300.0,0.0,606000.0,4.9
2026-05-07,Valle del Cauca,Distribuidor,Café,Cápsulas x20,J. Peña,6,27800.0,0.1,150120.0,
2026-04-28,Atlántico,Distribuidor,Snacks,Mix de frutos secos,A. Rojas,18,8500.0,0.15,130050.0,
2025-11-22,Atlántico,Distribuidor,Cuidado,Jabón artesanal,L. Gómez,14,28800.0,0.0,403200.0,4.6
2026-04-05,Valle del Cauca,Distribuidor,Café,Café en grano 1kg,M. Torres,10,31200.0,0.05,296400.0,2.9
2025-10-29,Atlántico,E-commerce,Snacks,Chips de plátano,J. Peña,14,8900.0,0.05,118370.0,4.4
2025-12-05,Valle del Cauca,Tienda física,Bebidas,Té frío 500ml,M. Torres,19,8400.0,0.15,135660.0,4.8
2026-07-02,Santander,Marketplace,Snacks,Chips de plátano,J. Peña,14,8600.0,0.1,108360.0,3.5
2025-09-02,Bogotá,E-commerce,Bebidas,Jugo natural 1L,M. Torres,14,8900.0,0.05,118370.0,3.4
2025-10-04,Santander,E-commerce,Snacks,Mix de frutos secos,J. Peña,19,9200.0,0.05,166060.0,3.9
2025-11-07,Valle del Cauca,Marketplace,Snacks,Mix de frutos secos,L. Gómez,9,11000.0,0.1,89100.0,3.0
2025-09-18,Antioquia,Tienda física,Cuidado,Jabón artesanal,D. Mejía,14,17500.0,0.0,245000.0,
2026-04-30,Eje Cafetero,Tienda física,Bebidas,Té frío 500ml,A. Rojas,16,7200.0,0.0,115200.0,3.9
2026-04-06,Bogotá,Distribuidor,Cuidado,Crema corporal,M. Torres,12,22000.0,0.0,264000.0,3.4
2026-06-28,Valle del Cauca,Tienda física,Café,Café en grano 1kg,M. Torres,10,29600.0,0.05,281200.0,4.1
2025-10-06,Eje Cafetero,E-commerce,Snacks,Mix de frutos secos,C. Ramírez,17,10800.0,0.15,156060.0,4.9
2025-09-15,Santander,Distribuidor,Snacks,Barra de cereal,C. Ramírez,14,8600.0,0.0,120400.0,4.5
2025-12-07,Santander,E-commerce,Café,Café molido 500g,C. Ramírez,4,42800.0,0.0,171200.0,3.3
2026-07-07,Eje Cafetero,Tienda física,Café,Café molido 500g,D. Mejía,6,27200.0,0.15,138720.0,3.6
2026-02-27,Bogotá,E-commerce,Bebidas,Jugo natural 1L,L. Gómez,20,8200.0,0.15,139400.0,3.8
2026-02-18,Bogotá,Distribuidor,Cuidado,Jabón artesanal,S. Vargas,17,24800.0,0.0,421600.0,3.1
2026-04-23,Santander,Marketplace,Bebidas,Jugo natural 1L,C. Ramírez,17,6900.0,0.0,117300.0,3.4
2026-04-25,Antioquia,Marketplace,Café,Cápsulas x20,M. Torres,6,30600.0,0.05,174420.0,3.6
2025-12-14,Eje Cafetero,Distribuidor,Snacks,Barra de cereal,C. Ramírez,14,12900.0,0.0,180600.0,4.7
2026-07-20,Santander,Marketplace,Bebidas,Jugo natural 1L,M. Torres,16,6300.0,0.0,100800.0,3.6
2025-12-02,Atlántico,Tienda física,Café,Cápsulas x20,S. Vargas,20,42100.0,0.0,842000.0,4.2
2026-04-14,Eje Cafetero,Marketplace,Cuidado,Shampoo sólido,J. Peña,19,19300.0,0.1,330030.0,3.4
2026-04-01,Atlántico,Tienda física,Café,Café en grano 1kg,A. Rojas,6,25800.0,0.0,154800.0,4.0
2026-02-06,Bogotá,Marketplace,Snacks,Mix de frutos secos,L. Gómez,30,10200.0,0.15,260100.0,4.1
2026-07-07,Atlántico,Marketplace,Café,Café molido 500g,C. Ramírez,12,26200.0,0.0,314400.0,4.3
2025-09-21,Eje Cafetero,Tienda física,Snacks,Mix de frutos secos,J. Peña,13,8700.0,0.05,107445.0,4.3
2025-11-08,Bogotá,Tienda física,Bebidas,Té frío 500ml,C. Ramírez,26,12000.0,0.05,296400.0,
2026-01-21,Antioquia,Marketplace,Snacks,Barra de cereal,D. Mejía,8,9700.0,0.15,65960.0,4.2
2025-10-18,Santander,Marketplace,Café,Café molido 500g,M. Torres,21,25800.0,0.15,460530.0,4.5
2026-05-10,Santander,Distribuidor,Snacks,Barra de cereal,S. Vargas,10,8700.0,0.0,87000.0,3.3
2026-05-22,Valle del Cauca,E-commerce,Bebidas,Jugo natural 1L,C. Ramírez,17,7100.0,0.05,114665.0,4.5
2026-04-08,Eje Cafetero,Distribuidor,Café,Café en grano 1kg,L. Gómez,18,25900.0,0.0,466200.0,3.1
2026-01-18,Santander,Marketplace,Café,Cápsulas x20,C. Ramírez,3,28900.0,0.0,86700.0,4.3
2025-10-11,Bogotá,Marketplace,Bebidas,Jugo natural 1L,A. Rojas,15,8300.0,0.05,118275.0,4.2
2026-07-18,Bogotá,Distribuidor,Bebidas,Jugo natural 1L,L. Gómez,29,8600.0,0.0,249400.0,4.7
2025-12-29,Eje Cafetero,E-commerce,Cuidado,Jabón artesanal,S. Vargas,13,29700.0,0.15,328185.0,3.4
2026-05-11,Bogotá,Marketplace,Snacks,Barra de cereal,S. Vargas,7,12300.0,0.1,77490.0,3.4
2026-03-17,Bogotá,Distribuidor,Cuidado,Jabón artesanal,A. Rojas,20,21800.0,0.0,436000.0,2.9
2026-07-16,Eje Cafetero,Tienda física,Bebidas,Té frío 500ml,J. Peña,5,7300.0,0.0,36500.0,4.1
2025-11-18,Valle del Cauca,Distribuidor,Café,Café molido 500g,C. Ramírez,27,34700.0,0.1,843210.0,4.9
2025-12-09,Bogotá,E-commerce,Bebidas,Jugo natural 1L,L. Gómez,29,12800.0,0.05,352640.0,3.5
2026-02-12,Valle del Cauca,E-commerce,Bebidas,Agua saborizada,S. Vargas,21,6500.0,0.1,122850.0,4.4
2026-05-31,Bogotá,E-commerce,Café,Café en grano 1kg,M. Torres,19,39200.0,0.0,744800.0,
2025-11-21,Santander,E-commerce,Café,Café en grano 1kg,D. Mejía,10,38800.0,0.0,388000.0,4.8
2025-10-15,Antioquia,Marketplace,Bebidas,Agua saborizada,A. Rojas,19,6900.0,0.15,111435.0,3.2
2026-01-27,Atlántico,E-commerce,Café,Café en grano 1kg,C. Ramírez,2,30000.0,0.1,54000.0,2.9
2026-04-01,Bogotá,E-commerce,Bebidas,Agua saborizada,M. Torres,9,10000.0,0.1,81000.0,4.2
2026-03-20,Valle del Cauca,Marketplace,Cuidado,Shampoo sólido,M. Torres,19,21800.0,0.0,414200.0,4.0
2025-09-19,Bogotá,Tienda física,Cuidado,Crema corporal,C. Ramírez,1,26500.0,0.15,22525.0,4.9
2026-05-15,Santander,Marketplace,Snacks,Barra de cereal,L. Gómez,22,8300.0,0.05,173470.0,4.4
2026-01-21,Valle del Cauca,Tienda física,Cuidado,Shampoo sólido,J. Peña,18,17700.0,0.1,286740.0,3.2
2026-01-31,Eje Cafetero,Distribuidor,Café,Café en grano 1kg,L. Gómez,12,26500.0,0.0,318000.0,3.3
2026-05-08,Eje Cafetero,Marketplace,Café,Café en grano 1kg,A. Rojas,4,27200.0,0.05,103360.0,4.0
2026-06-18,Bogotá,Distribuidor,Cuidado,Crema corporal,J. Peña,19,22000.0,0.0,418000.0,3.2
2025-11-08,Antioquia,E-commerce,Bebidas,Té frío 500ml,A. Rojas,17,10400.0,0.15,150280.0,4.5
2025-09-18,Atlántico,Marketplace,Café,Cápsulas x20,A. Rojas,7,31300.0,0.15,186235.0,
2025-09-22,Valle del Cauca,Tienda física,Bebidas,Jugo natural 1L,J. Peña,12,7100.0,0.0,85200.0,3.6
2026-04-26,Antioquia,E-commerce,Bebidas,Té frío 500ml,M. Torres,11,6600.0,0.1,65340.0,
2026-03-28,Bogotá,E-commerce,Snacks,Barra de cereal,A. Rojas,16,12000.0,0.0,192000.0,3.5
2025-10-16,Antioquia,Marketplace,Cuidado,Shampoo sólido,J. Peña,20,18400.0,0.0,368000.0,4.7
2026-05-28,Eje Cafetero,Distribuidor,Bebidas,Agua saborizada,A. Rojas,16,7200.0,0.0,115200.0,4.5
2025-09-05,Atlántico,E-commerce,Café,Café molido 500g,J. Peña,14,30600.0,0.1,385560.0,3.2
2025-08-31,Eje Cafetero,E-commerce,Snacks,Mix de frutos secos,,16,10700.0,0.05,162640.0,3.0
2026-04-06,Eje Cafetero,Tienda física,Bebidas,Jugo natural 1L,A. Rojas,14,6500.0,0.1,81900.0,2.9
2026-08-05,Valle del Cauca,E-commerce,Bebidas,Té frío 500ml,C. Ramírez,15,7800.0,0.1,105300.0,4.0
2025-11-17,Eje Cafetero,E-commerce,Café,Café molido 500g,C. Ramírez,3,47700.0,0.1,128790.0,3.7
2025-10-30,Santander,Tienda física,Snacks,Chips de plátano,L. Gómez,24,9300.0,0.0,223200.0,4.9
2026-04-14,Atlántico,Tienda física,Café,Café molido 500g,D. Mejía,13,26700.0,0.05,329745.0,3.0
2026-05-31,Bogotá,Marketplace,Cuidado,Jabón artesanal,L. Gómez,18,25000.0,0.15,382500.0,4.9
2026-01-05,Bogotá,Marketplace,Cuidado,Shampoo sólido,D. Mejía,23,23600.0,0.1,488520.0,
2026-05-18,Atlántico,Tienda física,Snacks,Barra de cereal,,30,8900.0,0.0,267000.0,3.9
2026-06-21,Valle del Cauca,Marketplace,Cuidado,Crema corporal,A. Rojas,10,20200.0,0.1,181800.0,4.7
2025-08-23,Atlántico,Tienda física,Café,Café molido 500g,M. Torres,10,25500.0,0.1,229500.0,3.0
2026-02-14,Bogotá,Distribuidor,Cuidado,Shampoo sólido,C. Ramírez,13,27000.0,0.1,315900.0,4.0
2026-03-31,Antioquia,Tienda física,Snacks,Barra de cereal,A. Rojas,15,9500.0,0.0,142500.0,3.9
2026-02-13,Bogotá,E-commerce,Café,Cápsulas x20,D. Mejía,6,38100.0,0.05,217170.0,3.2
2025-10-20,Antioquia,Distribuidor,Cuidado,Jabón artesanal,J. Peña,1,18200.0,0.05,17290.0,4.6
2026-04-18,Atlántico,Marketplace,Cuidado,Jabón artesanal,L. Gómez,1,18200.0,0.05,17290.0,4.4
2026-02-08,Antioquia,Distribuidor,Cuidado,Jabón artesanal,C. Ramírez,11,21700.0,0.0,238700.0,3.0
2026-02-05,Santander,E-commerce,Snacks,Mix de frutos secos,A. Rojas,22,9000.0,0.0,198000.0,
2026-07-13,Atlántico,E-commerce,Bebidas,Té frío 500ml,S. Vargas,15,7600.0,0.0,114000.0,4.1
2026-05-14,Santander,E-commerce,Cuidado,Crema corporal,A. Rojas,11,23600.0,0.1,233640.0,3.2
2025-11-09,Eje Cafetero,E-commerce,Café,Cápsulas x20,D. Mejía,20,40400.0,0.05,767600.0,4.7
2026-05-20,Valle del Cauca,Tienda física,Café,Cápsulas x20,J. Peña,16,29500.0,0.05,448400.0,3.8
2026-05-05,Atlántico,E-commerce,Snacks,Mix de frutos secos,J. Peña,25,10700.0,0.15,227375.0,4.8
2026-05-20,Antioquia,Tienda física,Café,Café molido 500g,M. Torres,14,25400.0,0.0,355600.0,3.2
2025-12-20,Bogotá,E-commerce,Café,Cápsulas x20,L. Gómez,12,52900.0,0.0,634800.0,4.4
2026-04-16,Atlántico,Tienda física,Café,Café molido 500g,S. Vargas,16,31500.0,0.1,453600.0,4.0
2025-11-02,Bogotá,E-commerce,Snacks,Barra de cereal,D. Mejía,12,15100.0,0.0,181200.0,3.6
2026-02-08,Valle del Cauca,Distribuidor,Café,Café en grano 1kg,S. Vargas,7,29600.0,0.0,207200.0,4.9
2026-06-06,Antioquia,Distribuidor,Bebidas,Té frío 500ml,J. Peña,19,6100.0,0.1,104310.0,4.4
2026-01-22,Santander,Marketplace,Café,Café en grano 1kg,A. Rojas,1,29100.0,0.0,29100.0,3.1
2026-06-04,Antioquia,E-commerce,Bebidas,Jugo natural 1L,S. Vargas,15,7100.0,0.0,106500.0,4.9
2025-12-21,Eje Cafetero,Tienda física,Café,Cápsulas x20,L. Gómez,28,40700.0,0.05,1082620.0,4.3
2026-01-02,Antioquia,Marketplace,Cuidado,Jabón artesanal,C. Ramírez,18,20500.0,0.05,350550.0,3.0
2025-12-15,Santander,E-commerce,Snacks,Mix de frutos secos,A. Rojas,10,13600.0,0.0,136000.0,3.2
2026-05-03,Atlántico,E-commerce,Cuidado,Shampoo sólido,S. Vargas,21,19600.0,0.0,411600.0,3.4
2025-09-15,Santander,Tienda física,Snacks,Chips de plátano,L. Gómez,11,10200.0,0.0,112200.0,3.3
2026-04-03,Valle del Cauca,Distribuidor,Café,Café molido 500g,D. Mejía,10,27300.0,0.1,245700.0,3.7
2025-10-11,Atlántico,Distribuidor,Bebidas,Agua saborizada,A. Rojas,15,6700.0,0.15,85425.0,3.6
2025-08-12,Bogotá,Distribuidor,Café,Café molido 500g,S. Vargas,11,38600.0,0.1,382140.0,4.3
2025-11-13,Bogotá,Tienda física,Bebidas,Agua saborizada,M. Torres,15,12000.0,0.1,162000.0,4.3
2026-01-28,Valle del Cauca,Marketplace,Snacks,Mix de frutos secos,C. Ramírez,10,8600.0,0.05,81700.0,2.8
2025-08-29,Eje Cafetero,E-commerce,Café,Café en grano 1kg,M. Torres,12,29800.0,0.15,303960.0,3.6
2026-01-15,Santander,Marketplace,Café,Cápsulas x20,S. Vargas,4,27200.0,0.0,108800.0,3.7
2026-01-15,Eje Cafetero,Tienda física,Café,Café molido 500g,D. Mejía,13,27200.0,0.0,353600.0,4.4
2026-02-05,Atlántico,Distribuidor,Café,Café molido 500g,A. Rojas,1,27500.0,0.0,27500.0,4.6
2026-07-23,Valle del Cauca,Distribuidor,Cuidado,Crema corporal,C. Ramírez,6,21400.0,0.15,109140.0,4.0
2025-08-21,Eje Cafetero,Distribuidor,Snacks,Mix de frutos secos,J. Peña,27,9300.0,0.0,251100.0,3.5
2025-09-10,Santander,Tienda física,Snacks,Mix de frutos secos,A. Rojas,15,9500.0,0.05,135375.0,4.3
2025-10-25,Valle del Cauca,Tienda física,Café,Cápsulas x20,C. Ramírez,21,31300.0,0.1,591570.0,
2026-04-16,Santander,Distribuidor,Snacks,Chips de plátano,C. Ramírez,22,8300.0,0.05,173470.0,3.8
2025-10-07,Antioquia,Tienda física,Bebidas,Té frío 500ml,J. Peña,7,7100.0,0.15,42245.0,4.3
2025-12-03,Antioquia,Marketplace,Cuidado,Crema corporal,S. Vargas,10,28700.0,0.15,243950.0,4.3
2026-06-21,Valle del Cauca,E-commerce,Snacks,Mix de frutos secos,J. Peña,7,10800.0,0.1,68040.0,3.4
2026-04-28,Bogotá,Marketplace,Snacks,Barra de cereal,M. Torres,9,11600.0,0.15,88740.0,3.3
2026-04-24,Santander,Marketplace,Café,Café en grano 1kg,,20,30700.0,0.15,521900.0,3.1
2025-12-17,Valle del Cauca,Distribuidor,Cuidado,Crema corporal,L. Gómez,8,24500.0,0.0,196000.0,5.0
2026-01-13,Eje Cafetero,Distribuidor,Bebidas,Agua saborizada,A. Rojas,19,7400.0,0.05,133570.0,4.7
2026-01-17,Santander,Marketplace,Snacks,Barra de cereal,L. Gómez,22,9100.0,0.0,200200.0,4.5
2026-03-07,Valle del Cauca,E-commerce,Cuidado,Shampoo sólido,J. Peña,17,19100.0,0.0,324700.0,4.8
2026-07-13,Antioquia,Marketplace,Cuidado,Crema corporal,S. Vargas,11,18200.0,0.0,200200.0,2.8
2025-12-26,Eje Cafetero,Distribuidor,Café,Café molido 500g,S. Vargas,18,37800.0,0.0,680400.0,2.8
2025-12-02,Valle del Cauca,Marketplace,Café,Café molido 500g,M. Torres,10,40000.0,0.15,340000.0,
2026-07-02,Eje Cafetero,E-commerce,Café,Café molido 500g,S. Vargas,16,28000.0,0.1,403200.0,3.0
2025-11-11,Bogotá,Distribuidor,Snacks,Mix de frutos secos,M. Torres,18,14200.0,0.0,255600.0,4.3
2025-09-20,Valle del Cauca,Tienda física,Cuidado,Shampoo sólido,S. Vargas,14,18500.0,0.0,259000.0,2.9
2025-09-26,Eje Cafetero,E-commerce,Snacks,Chips de plátano,M. Torres,13,9800.0,0.15,108290.0,4.6
2026-08-01,Antioquia,Tienda física,Café,Café molido 500g,S. Vargas,4,26300.0,0.1,94680.0,4.8
2025-08-19,Bogotá,Marketplace,Snacks,Barra de cereal,L. Gómez,7,11900.0,0.15,70805.0,2.8
2026-05-23,Antioquia,Marketplace,Bebidas,Agua saborizada,,23,6700.0,0.05,146395.0,3.2
2026-04-18,Valle del Cauca,Marketplace,Cuidado,Jabón artesanal,D. Mejía,9,17200.0,0.0,154800.0,4.4
2026-07-20,Santander,E-commerce,Cuidado,Jabón artesanal,L. Gómez,18,19300.0,0.05,330030.0,3.2
2026-08-02,Bogotá,Distribuidor,Cuidado,Shampoo sólido,A. Rojas,16,26400.0,0.0,422400.0,3.2
2026-01-09,Santander,E-commerce,Snacks,Chips de plátano,M. Torres,15,10300.0,0.0,154500.0,4.9
2025-12-20,Valle del Cauca,Marketplace,Bebidas,Jugo natural 1L,J. Peña,10,9900.0,0.0,99000.0,4.5
2025-08-13,Bogotá,Distribuidor,Bebidas,Agua saborizada,A. Rojas,4,9100.0,0.0,36400.0,4.1
2025-10-05,Antioquia,E-commerce,Bebidas,Agua saborizada,M. Torres,19,6800.0,0.05,122740.0,4.4
2026-05-19,Atlántico,Tienda física,Snacks,Barra de cereal,C. Ramírez,16,8400.0,0.0,134400.0,5.0
2026-05-28,Antioquia,Tienda física,Bebidas,Agua saborizada,S. Vargas,15,6700.0,0.0,100500.0,3.2
2025-08-27,Atlántico,Distribuidor,Café,Cápsulas x20,C. Ramírez,17,29400.0,0.0,499800.0,4.1
2026-05-16,Bogotá,E-commerce,Café,Café en grano 1kg,J. Peña,2,39800.0,0.0,79600.0,4.4
2026-06-12,Eje Cafetero,Marketplace,Cuidado,Crema corporal,C. Ramírez,11,17400.0,0.05,181830.0,4.6
2025-10-13,Santander,Distribuidor,Café,Café en grano 1kg,C. Ramírez,22,30900.0,0.15,577830.0,3.6
2026-08-06,Santander,E-commerce,Snacks,Mix de frutos secos,S. Vargas,18,9300.0,0.0,167400.0,3.1
2025-09-22,Santander,Tienda física,Café,Café en grano 1kg,D. Mejía,14,31800.0,0.05,422940.0,4.7
2025-08-24,Eje Cafetero,Distribuidor,Snacks,Chips de plátano,L. Gómez,14,8300.0,0.1,104580.0,4.1
2026-07-24,Santander,Distribuidor,Cuidado,Jabón artesanal,,10,21700.0,0.0,217000.0,4.6
2026-07-17,Atlántico,Tienda física,Cuidado,Crema corporal,J. Peña,14,20800.0,0.05,276640.0,4.0
2026-04-11,Antioquia,Tienda física,Cuidado,Crema corporal,M. Torres,23,19800.0,0.0,455400.0,4.6
2025-08-28,Valle del Cauca,Distribuidor,Cuidado,Shampoo sólido,J. Peña,6,21800.0,0.1,117720.0,3.7
2026-05-04,Santander,Distribuidor,Snacks,Chips de plátano,J. Peña,18,8500.0,0.05,145350.0,4.5
2026-03-06,Bogotá,E-commerce,Bebidas,Agua saborizada,L. Gómez,19,8200.0,0.0,155800.0,4.4
2026-03-17,Santander,Distribuidor,Bebidas,Té frío 500ml,M. Torres,19,6200.0,0.0,117800.0,4.2
2025-08-13,Atlántico,Distribuidor,Café,Café en grano 1kg,M. Torres,20,28900.0,0.0,578000.0,5.0
2026-01-28,Valle del Cauca,Marketplace,Snacks,Mix de frutos secos,L. Gómez,14,8900.0,0.0,124600.0,3.3
2025-08-13,Atlántico,Marketplace,Cuidado,Jabón artesanal,A. Rojas,11,20400.0,0.0,224400.0,4.1
2026-06-17,Antioquia,Distribuidor,Café,Café en grano 1kg,M. Torres,13,28500.0,0.0,370500.0,4.5
2026-01-15,Valle del Cauca,Tienda física,Bebidas,Agua saborizada,C. Ramírez,16,7000.0,0.0,112000.0,3.2
2026-05-26,Atlántico,Marketplace,Snacks,Mix de frutos secos,L. Gómez,13,8600.0,0.0,111800.0,3.3
2026-05-28,Valle del Cauca,E-commerce,Snacks,Mix de frutos secos,C. Ramírez,28,10800.0,0.05,287280.0,4.9
2026-03-24,Valle del Cauca,E-commerce,Snacks,Chips de plátano,A. Rojas,20,9700.0,0.05,184300.0,4.9
2025-11-16,Eje Cafetero,Tienda física,Café,Café en grano 1kg,M. Torres,21,35300.0,0.15,630105.0,3.7
2025-09-06,Santander,Marketplace,Bebidas,Té frío 500ml,J. Peña,16,7400.0,0.0,118400.0,3.0
2026-01-28,Eje Cafetero,Tienda física,Café,Cápsulas x20,C. Ramírez,4,29500.0,0.15,100300.0,4.1
2025-11-28,Santander,Distribuidor,Snacks,Mix de frutos secos,C. Ramírez,1,12300.0,0.0,12300.0,4.0
2025-12-20,Valle del Cauca,Distribuidor,Cuidado,Crema corporal,J. Peña,5,28300.0,0.05,134425.0,3.8
2026-03-16,Valle del Cauca,Tienda física,Snacks,Barra de cereal,D. Mejía,6,10100.0,0.0,60600.0,4.4
2025-11-25,Antioquia,Distribuidor,Snacks,Mix de frutos secos,S. Vargas,15,14000.0,0.15,178500.0,3.5
2025-10-17,Atlántico,Distribuidor,Cuidado,Jabón artesanal,A. Rojas,7,20200.0,0.15,120190.0,3.1
2026-04-30,Bogotá,Tienda física,Bebidas,Té frío 500ml,C. Ramírez,2,7300.0,0.0,14600.0,3.3
2025-12-23,Santander,Marketplace,Snacks,Mix de frutos secos,L. Gómez,22,10900.0,0.0,239800.0,4.9
2025-09-11,Santander,Distribuidor,Cuidado,Shampoo sólido,S. Vargas,1,20100.0,0.0,20100.0,4.5
2026-03-16,Bogotá,Distribuidor,Café,Café molido 500g,D. Mejía,10,33800.0,0.05,321100.0,5.0
2026-07-29,Santander,E-commerce,Cuidado,Jabón artesanal,C. Ramírez,14,21600.0,0.1,272160.0,4.4
2026-01-29,Valle del Cauca,Tienda física,Bebidas,Jugo natural 1L,S. Vargas,11,6500.0,0.1,64350.0,
2025-12-23,Atlántico,Marketplace,Bebidas,Jugo natural 1L,M. Torres,24,9000.0,0.15,183600.0,3.7
2025-08-20,Eje Cafetero,Tienda física,Bebidas,Jugo natural 1L,A. Rojas,30,6300.0,0.0,189000.0,4.7
2026-01-16,Antioquia,Distribuidor,Café,Café molido 500g,J. Peña,17,26800.0,0.0,455600.0,4.8
2026-01-19,Antioquia,Distribuidor,Bebidas,Agua saborizada,L. Gómez,12,6900.0,0.0,82800.0,4.2
2026-04-11,Valle del Cauca,Tienda física,Bebidas,Jugo natural 1L,L. Gómez,15,5900.0,0.0,88500.0,4.1
2026-04-18,Antioquia,Marketplace,Bebidas,Té frío 500ml,J. Peña,24,7000.0,0.15,142800.0,2.9
2025-12-23,Valle del Cauca,Marketplace,Cuidado,Shampoo sólido,L. Gómez,11,25500.0,0.0,280500.0,3.1
2025-11-30,Santander,Marketplace,Cuidado,Jabón artesanal,S. Vargas,22,28500.0,0.1,564300.0,
2025-09-12,Bogotá,Marketplace,Café,Café molido 500g,L. Gómez,12,35300.0,0.0,423600.0,4.4
2026-07-22,Eje Cafetero,E-commerce,Café,Café en grano 1kg,C. Ramírez,17,31400.0,0.0,533800.0,4.7
2025-10-17,Eje Cafetero,Tienda física,Snacks,Mix de frutos secos,C. Ramírez,14,9500.0,0.0,133000.0,4.4
2026-01-18,Valle del Cauca,Tienda física,Bebidas,Té frío 500ml,J. Peña,11,7500.0,0.1,74250.0,3.6
2026-01-22,Valle del Cauca,E-commerce,Snacks,Barra de cereal,J. Peña,17,10400.0,0.05,167960.0,4.6
2025-10-23,Bogotá,Marketplace,Cuidado,Jabón artesanal,D. Mejía,24,22900.0,0.15,467160.0,4.6
2026-02-07,Antioquia,Marketplace,Bebidas,Agua saborizada,M. Torres,16,6400.0,0.0,102400.0,5.0
2026-01-11,Bogotá,Distribuidor,Cuidado,Crema corporal,S. Vargas,19,26100.0,0.0,495900.0,4.5
2026-01-27,Antioquia,Marketplace,Cuidado,Jabón artesanal,L. Gómez,14,19100.0,0.0,267400.0,4.1
2026-07-20,Santander,E-commerce,Cuidado,Crema corporal,D. Mejía,9,20800.0,0.15,159120.0,3.6
2026-07-28,Valle del Cauca,Marketplace,Café,Café en grano 1kg,A. Rojas,21,30500.0,0.0,640500.0,2.9
2026-05-26,Eje Cafetero,Marketplace,Snacks,Barra de cereal,L. Gómez,8,9700.0,0.05,73720.0,4.2
2025-11-14,Antioquia,Marketplace,Snacks,Chips de plátano,L. Gómez,1,13300.0,0.05,12635.0,5.0
2026-06-23,Antioquia,E-commerce,Snacks,Chips de plátano,A. Rojas,18,10800.0,0.05,184680.0,4.1
2026-05-22,Santander,E-commerce,Bebidas,Jugo natural 1L,S. Vargas,5,7300.0,0.15,31025.0,5.0
2025-12-28,Valle del Cauca,Tienda física,Snacks,Mix de frutos secos,M. Torres,22,12500.0,0.15,233750.0,4.6
2026-07-12,Atlántico,Marketplace,Cuidado,Crema corporal,J. Peña,1,18300.0,0.05,17385.0,3.6
2026-01-29,Antioquia,Tienda física,Snacks,Barra de cereal,D. Mejía,19,8500.0,0.0,161500.0,4.5
2026-04-24,Atlántico,Marketplace,Bebidas,Té frío 500ml,S. Vargas,16,6100.0,0.1,87840.0,3.9
2026-06-30,Valle del Cauca,Distribuidor,Snacks,Mix de frutos secos,C. Ramírez,2,8500.0,0.1,15300.0,3.5
2025-12-19,Antioquia,Marketplace,Bebidas,Agua saborizada,A. Rojas,17,8100.0,0.15,117045.0,3.7
2026-05-14,Santander,Marketplace,Cuidado,Jabón artesanal,J. Peña,22,20000.0,0.05,418000.0,4.8
2026-03-04,Santander,E-commerce,Snacks,Mix de frutos secos,L. Gómez,6,11000.0,0.0,66000.0,4.7
2026-01-13,Bogotá,Tienda física,Snacks,Barra de cereal,J. Peña,18,12400.0,0.0,223200.0,3.5
2026-07-24,Valle del Cauca,Tienda física,Snacks,Barra de cereal,A. Rojas,7,8900.0,0.15,52955.0,3.1
2025-08-29,Atlántico,Tienda física,Cuidado,Shampoo sólido,J. Peña,21,17700.0,0.0,371700.0,4.3
2025-09-09,Eje Cafetero,Tienda física,Bebidas,Té frío 500ml,D. Mejía,17,5900.0,0.0,100300.0,3.6
2025-08-24,Valle del Cauca,Marketplace,Cuidado,Shampoo sólido,L. Gómez,20,21800.0,0.0,436000.0,4.0
2026-05-07,Valle del Cauca,Marketplace,Bebidas,Jugo natural 1L,M. Torres,24,6000.0,0.15,122400.0,4.2
2025-11-27,Santander,E-commerce,Bebidas,Té frío 500ml,S. Vargas,3,9000.0,0.05,25650.0,3.2
2026-07-03,Antioquia,Distribuidor,Snacks,Barra de cereal,L. Gómez,29,10000.0,0.0,290000.0,4.8
2025-11-18,Atlántico,Tienda física,Cuidado,Shampoo sólido,M. Torres,6,28100.0,0.1,151740.0,4.5
2026-07-29,Atlántico,Tienda física,Bebidas,Agua saborizada,L. Gómez,17,6500.0,0.15,93925.0,4.4
2025-12-19,Valle del Cauca,Tienda física,Cuidado,Crema corporal,M. Torres,23,29300.0,0.15,572815.0,3.9
2026-02-08,Bogotá,Tienda física,Café,Cápsulas x20,L. Gómez,1,39900.0,0.05,37905.0,5.0
2025-09-28,Santander,Tienda física,Bebidas,Té frío 500ml,C. Ramírez,3,6600.0,0.15,16830.0,4.6
2025-12-14,Bogotá,Tienda física,Cuidado,Shampoo sólido,D. Mejía,14,35400.0,0.0,495600.0,3.1
2026-06-10,Antioquia,Tienda física,Café,Cápsulas x20,S. Vargas,18,25700.0,0.0,462600.0,
2025-11-27,Antioquia,E-commerce,Café,Café molido 500g,C. Ramírez,20,41000.0,0.1,738000.0,
2025-12-14,Bogotá,Tienda física,Bebidas,Té frío 500ml,M. Torres,13,10300.0,0.05,127205.0,5.0
2025-10-29,Santander,Distribuidor,Café,Cápsulas x20,S. Vargas,2,31900.0,0.0,63800.0,4.6
2026-07-19,Santander,Tienda física,Cuidado,Jabón artesanal,C. Ramírez,2,21400.0,0.05,40660.0,3.9
2025-10-13,Valle del Cauca,Tienda física,Cuidado,Jabón artesanal,J. Peña,18,17800.0,0.0,320400.0,3.3
2026-07-09,Bogotá,Marketplace,Snacks,Chips de plátano,J. Peña,14,11600.0,0.15,138040.0,3.4
2025-10-19,Valle del Cauca,Tienda física,Cuidado,Shampoo sólido,A. Rojas,9,20400.0,0.0,183600.0,2.9
2026-02-09,Valle del Cauca,Distribuidor,Cuidado,Jabón artesanal,A. Rojas,9,21600.0,0.05,184680.0,
2026-03-24,Atlántico,E-commerce,Café,Cápsulas x20,D. Mejía,15,28200.0,0.1,380700.0,3.0
2026-02-18,Eje Cafetero,Marketplace,Cuidado,Jabón artesanal,A. Rojas,16,17200.0,0.05,261440.0,
2026-01-31,Bogotá,Distribuidor,Bebidas,Té frío 500ml,S. Vargas,10,8900.0,0.0,89000.0,4.8
2025-12-27,Eje Cafetero,Tienda física,Snacks,Chips de plátano,C. Ramírez,4,11900.0,0.15,40460.0,3.5
2026-06-20,Atlántico,Marketplace,Bebidas,Jugo natural 1L,L. Gómez,19,7300.0,0.15,117895.0,4.1
2026-01-06,Santander,Tienda física,Snacks,Chips de plátano,S. Vargas,11,10200.0,0.0,112200.0,3.7
2025-10-23,Atlántico,Tienda física,Bebidas,Té frío 500ml,A. Rojas,19,7100.0,0.05,128155.0,4.0
2026-07-22,Bogotá,Tienda física,Café,Cápsulas x20,M. Torres,1,37800.0,0.0,37800.0,4.5
2026-03-28,Antioquia,Distribuidor,Café,Café molido 500g,S. Vargas,1,31800.0,0.15,27030.0,3.0
2026-02-13,Antioquia,Distribuidor,Cuidado,Shampoo sólido,L. Gómez,16,17500.0,0.15,238000.0,4.9
2026-05-15,Bogotá,Distribuidor,Cuidado,Shampoo sólido,M. Torres,13,26900.0,0.0,349700.0,4.2
2026-07-02,Eje Cafetero,Marketplace,Snacks,Mix de frutos secos,A. Rojas,9,9500.0,0.0,85500.0,3.8
2026-06-19,Atlántico,Tienda física,Snacks,Barra de cereal,C. Ramírez,6,10100.0,0.0,60600.0,4.2
2026-03-27,Atlántico,Marketplace,Bebidas,Jugo natural 1L,D. Mejía,9,5900.0,0.0,53100.0,3.7
2026-01-18,Antioquia,Tienda física,Snacks,Barra de cereal,A. Rojas,13,10300.0,0.1,120510.0,3.2
2026-01-18,Antioquia,Marketplace,Café,Cápsulas x20,A. Rojas,20,26100.0,0.0,522000.0,2.9
2025-12-26,Santander,Distribuidor,Cuidado,Jabón artesanal,J. Peña,18,25500.0,0.15,390150.0,4.5
2026-07-28,Atlántico,Distribuidor,Café,Café molido 500g,A. Rojas,18,26400.0,0.0,475200.0,4.8
2026-08-03,Eje Cafetero,Marketplace,Café,Café en grano 1kg,L. Gómez,25,32100.0,0.1,722250.0,3.5
2026-05-30,Antioquia,E-commerce,Cuidado,Crema corporal,M. Torres,24,22700.0,0.0,544800.0,4.4
2025-10-22,Valle del Cauca,Tienda física,Bebidas,Agua saborizada,J. Peña,28,7100.0,0.0,198800.0,3.8
2026-06-03,Antioquia,E-commerce,Bebidas,Jugo natural 1L,D. Mejía,11,6800.0,0.1,67320.0,3.1
2025-11-02,Bogotá,Tienda física,Snacks,Barra de cereal,D. Mejía,18,15500.0,0.15,237150.0,4.3
2026-07-23,Valle del Cauca,Tienda física,Café,Café en grano 1kg,D. Mejía,1,30600.0,0.1,27540.0,3.6
2025-10-01,Valle del Cauca,Marketplace,Snacks,Barra de cereal,L. Gómez,23,10300.0,0.0,236900.0,3.6
2026-04-13,Valle del Cauca,Distribuidor,Cuidado,Crema corporal,S. Vargas,4,17600.0,0.1,63360.0,3.0
2025-08-12,Atlántico,Marketplace,Cuidado,Shampoo sólido,C. Ramírez,21,17600.0,0.1,332640.0,4.9
2026-01-26,Antioquia,Tienda física,Bebidas,Té frío 500ml,D. Mejía,12,6500.0,0.0,78000.0,2.8
2026-03-14,Bogotá,E-commerce,Snacks,Chips de plátano,L. Gómez,19,13900.0,0.0,264100.0,3.7
2026-03-08,Eje Cafetero,Distribuidor,Snacks,Barra de cereal,M. Torres,14,9100.0,0.15,108290.0,4.5
2025-12-19,Antioquia,Distribuidor,Snacks,Mix de frutos secos,A. Rojas,15,13500.0,0.05,192375.0,2.9
2025-10-07,Antioquia,Tienda física,Snacks,Chips de plátano,C. Ramírez,12,8700.0,0.0,104400.0,4.6
2026-05-13,Eje Cafetero,E-commerce,Snacks,Barra de cereal,C. Ramírez,18,9100.0,0.0,163800.0,4.7
2026-06-09,Atlántico,Distribuidor,Bebidas,Jugo natural 1L,A. Rojas,9,6800.0,0.15,52020.0,
2026-01-09,Valle del Cauca,Marketplace,Snacks,Barra de cereal,J. Peña,6,10000.0,0.15,51000.0,3.8
2025-09-12,Antioquia,Marketplace,Bebidas,Jugo natural 1L,L. Gómez,13,6300.0,0.15,69615.0,4.4
2026-03-13,Bogotá,Distribuidor,Cuidado,Shampoo sólido,L. Gómez,15,25600.0,0.05,364800.0,3.8
2025-08-22,Eje Cafetero,Marketplace,Snacks,Mix de frutos secos,A. Rojas,8,9100.0,0.1,65520.0,5.0
2025-08-08,Santander,Marketplace,Bebidas,Jugo natural 1L,J. Peña,27,6100.0,0.1,148230.0,
2026-04-02,Antioquia,Marketplace,Bebidas,Jugo natural 1L,D. Mejía,18,6900.0,0.15,105570.0,3.0
2026-03-11,Bogotá,Distribuidor,Café,Café molido 500g,C. Ramírez,25,39400.0,0.0,985000.0,3.0
2025-09-23,Valle del Cauca,Tienda física,Bebidas,Agua saborizada,D. Mejía,14,6600.0,0.15,78540.0,
2025-12-21,Valle del Cauca,E-commerce,Café,Café molido 500g,C. Ramírez,17,41500.0,0.15,599675.0,2.9
2026-07-04,Eje Cafetero,Tienda física,Snacks,Chips de plátano,D. Mejía,7,8600.0,0.15,51170.0,3.5
2025-08-28,Eje Cafetero,Marketplace,Bebidas,Jugo natural 1L,D. Mejía,9,7400.0,0.15,56610.0,5.0
2026-01-25,Santander,Distribuidor,Snacks,Barra de cereal,J. Peña,18,9300.0,0.15,142290.0,
2026-07-09,Santander,Marketplace,Snacks,Barra de cereal,A. Rojas,12,8900.0,0.0,106800.0,3.6
2025-11-17,Antioquia,E-commerce,Café,Cápsulas x20,M. Torres,29,43300.0,0.1,1130130.0,3.1
2026-07-03,Atlántico,E-commerce,Café,Café en grano 1kg,C. Ramírez,7,35400.0,0.15,210630.0,4.6
2026-07-29,Valle del Cauca,Tienda física,Café,Café en grano 1kg,S. Vargas,12,31500.0,0.15,321300.0,3.8
2026-04-20,Valle del Cauca,E-commerce,Bebidas,Té frío 500ml,C. Ramírez,18,7300.0,0.0,131400.0,3.8
2025-12-13,Santander,Distribuidor,Cuidado,Shampoo sólido,L. Gómez,5,25000.0,0.15,106250.0,3.7
2025-10-04,Atlántico,Marketplace,Snacks,Mix de frutos secos,S. Vargas,6,8200.0,0.0,49200.0,2.8
2025-08-31,Eje Cafetero,Marketplace,Cuidado,Crema corporal,M. Torres,15,17400.0,0.1,234900.0,4.4
2026-01-06,Bogotá,Distribuidor,Snacks,Barra de cereal,S. Vargas,13,10800.0,0.0,140400.0,4.6
2025-12-25,Bogotá,Tienda física,Cuidado,Jabón artesanal,A. Rojas,6,35700.0,0.15,182070.0,3.9
2025-09-30,Bogotá,Distribuidor,Café,Cápsulas x20,C. Ramírez,8,36700.0,0.15,249560.0,4.6
2026-07-07,Antioquia,Marketplace,Café,Café molido 500g,M. Torres,24,28100.0,0.05,640680.0,4.6
2026-03-31,Antioquia,Tienda física,Cuidado,Crema corporal,A. Rojas,16,21300.0,0.0,340800.0,3.4
2026-06-25,Bogotá,Distribuidor,Café,Cápsulas x20,D. Mejía,10,39100.0,0.0,391000.0,4.4
2026-02-16,Bogotá,E-commerce,Snacks,Chips de plátano,C. Ramírez,1,12500.0,0.05,11875.0,4.4
2025-10-23,Eje Cafetero,E-commerce,Bebidas,Jugo natural 1L,D. Mejía,23,6700.0,0.0,154100.0,4.1
2025-12-08,Bogotá,E-commerce,Snacks,Barra de cereal,M. Torres,10,18200.0,0.0,182000.0,3.3
2025-10-08,Eje Cafetero,Distribuidor,Café,Café molido 500g,D. Mejía,3,29000.0,0.0,87000.0,3.6
2026-04-23,Santander,Tienda física,Snacks,Barra de cereal,A. Rojas,2,9800.0,0.15,16660.0,3.0
2026-01-30,Antioquia,Distribuidor,Cuidado,Jabón artesanal,A. Rojas,17,21800.0,0.05,352070.0,3.1
2026-04-16,Atlántico,Distribuidor,Snacks,Barra de cereal,L. Gómez,13,8600.0,0.0,111800.0,4.6
2025-12-04,Valle del Cauca,Marketplace,Bebidas,Agua saborizada,J. Peña,32,8700.0,0.0,278400.0,4.6
2026-02-13,Atlántico,Tienda física,Bebidas,Té frío 500ml,M. Torres,9,7400.0,0.1,59940.0,4.3
2025-12-18,Bogotá,Marketplace,Cuidado,Jabón artesanal,J. Peña,6,32200.0,0.0,193200.0,4.8
2026-05-09,Bogotá,Marketplace,Cuidado,Shampoo sólido,L. Gómez,13,24400.0,0.1,285480.0,4.5
2025-10-13,Bogotá,Distribuidor,Bebidas,Jugo natural 1L,S. Vargas,18,8400.0,0.0,151200.0,4.4
2025-10-14,Valle del Cauca,Marketplace,Bebidas,Jugo natural 1L,M. Torres,12,7000.0,0.05,79800.0,3.1
2026-02-09,Eje Cafetero,Tienda física,Cuidado,Crema corporal,A. Rojas,4,19300.0,0.05,73340.0,4.9
2025-11-16,Santander,E-commerce,Café,Café molido 500g,A. Rojas,6,45000.0,0.05,256500.0,3.7
2026-01-16,Atlántico,Distribuidor,Snacks,Barra de cereal,D. Mejía,10,9300.0,0.0,93000.0,
2026-06-24,Valle del Cauca,Distribuidor,Café,Cápsulas x20,L. Gómez,13,29300.0,0.05,361855.0,4.9
2026-05-24,Santander,E-commerce,Café,Cápsulas x20,J. Peña,5,33600.0,0.0,168000.0,4.2
2025-12-29,Santander,Tienda física,Bebidas,Agua saborizada,J. Peña,19,9200.0,0.0,174800.0,4.6
2025-11-08,Bogotá,E-commerce,Snacks,Barra de cereal,J. Peña,14,16000.0,0.15,190400.0,3.7
2026-01-05,Santander,E-commerce,Bebidas,Agua saborizada,D. Mejía,19,7600.0,0.0,144400.0,4.3
2025-10-17,Santander,E-commerce,Café,Cápsulas x20,,21,34800.0,0.15,621180.0,3.3
2025-11-22,Eje Cafetero,E-commerce,Cuidado,Jabón artesanal,M. Torres,11,27700.0,0.0,304700.0,5.0
2026-01-30,Santander,E-commerce,Cuidado,Jabón artesanal,M. Torres,1,19800.0,0.05,18810.0,3.4
2025-08-21,Santander,E-commerce,Café,Café en grano 1kg,L. Gómez,4,29700.0,0.05,112860.0,3.3
2025-08-15,Valle del Cauca,Distribuidor,Café,Café en grano 1kg,J. Peña,20,31900.0,0.05,606100.0,3.7
2025-11-28,Atlántico,Distribuidor,Snacks,Mix de frutos secos,M. Torres,20,11600.0,0.0,232000.0,3.1
2026-07-06,Eje Cafetero,Tienda física,Bebidas,Té frío 500ml,L. Gómez,1,6200.0,0.1,5580.0,3.7
2025-10-17,Eje Cafetero,E-commerce,Snacks,Mix de frutos secos,A. Rojas,14,10000.0,0.0,140000.0,3.1
2026-07-29,Bogotá,Tienda física,Cuidado,Crema corporal,L. Gómez,6,23600.0,0.0,141600.0,3.2
2026-03-08,Antioquia,Tienda física,Cuidado,Shampoo sólido,D. Mejía,16,18200.0,0.0,291200.0,4.0
2025-10-10,Eje Cafetero,Marketplace,Café,Café molido 500g,J. Peña,11,28200.0,0.05,294690.0,3.0
2025-12-19,Valle del Cauca,Tienda física,Snacks,Barra de cereal,M. Torres,21,11400.0,0.05,227430.0,4.6
2026-01-13,Santander,Tienda física,Bebidas,Té frío 500ml,A. Rojas,1,6700.0,0.15,5695.0,3.0
2026-03-08,Valle del Cauca,E-commerce,Bebidas,Agua saborizada,L. Gómez,21,7000.0,0.0,147000.0,4.1
2026-01-05,Eje Cafetero,Marketplace,Café,Café molido 500g,S. Vargas,16,27100.0,0.0,433600.0,4.4
2025-09-15,Santander,E-commerce,Bebidas,Agua saborizada,A. Rojas,30,6500.0,0.15,165750.0,3.0
2025-08-29,Atlántico,E-commerce,Café,Café en grano 1kg,A. Rojas,9,33200.0,0.05,283860.0,4.8
2026-01-03,Atlántico,Tienda física,Bebidas,Agua saborizada,D. Mejía,20,6800.0,0.05,129200.0,3.4
2026-01-10,Santander,Marketplace,Cuidado,Jabón artesanal,A. Rojas,20,17600.0,0.05,334400.0,3.9
2026-02-01,Bogotá,Marketplace,Bebidas,Agua saborizada,C. Ramírez,8,9000.0,0.1,64800.0,3.7
2026-06-17,Antioquia,Distribuidor,Snacks,Chips de plátano,A. Rojas,9,8400.0,0.1,68040.0,4.5
2025-11-29,Atlántico,E-commerce,Cuidado,Jabón artesanal,D. Mejía,14,28100.0,0.0,393400.0,3.2
2025-08-30,Valle del Cauca,Marketplace,Bebidas,Agua saborizada,J. Peña,25,6800.0,0.0,170000.0,4.1
2026-06-04,Atlántico,Distribuidor,Bebidas,Jugo natural 1L,C. Ramírez,12,6600.0,0.15,67320.0,3.6
2025-10-06,Santander,Distribuidor,Café,Cápsulas x20,S. Vargas,14,30300.0,0.0,424200.0,4.4
2025-10-03,Valle del Cauca,Tienda física,Café,Café en grano 1kg,J. Peña,11,28500.0,0.0,313500.0,4.7
2026-04-03,Bogotá,Marketplace,Café,Café molido 500g,J. Peña,4,37800.0,0.0,151200.0,3.3
2026-06-06,Antioquia,E-commerce,Café,Café en grano 1kg,L. Gómez,21,33800.0,0.0,709800.0,3.5
2025-12-23,Valle del Cauca,Distribuidor,Snacks,Barra de cereal,A. Rojas,13,11700.0,0.0,152100.0,3.8
2026-01-17,Bogotá,Marketplace,Café,Cápsulas x20,A. Rojas,31,34000.0,0.05,1001300.0,
2026-01-03,Eje Cafetero,Tienda física,Bebidas,Jugo natural 1L,J. Peña,9,6400.0,0.0,57600.0,4.3
2026-05-26,Antioquia,Distribuidor,Cuidado,Crema corporal,M. Torres,1,20000.0,0.0,20000.0,4.0
2025-08-20,Valle del Cauca,Tienda física,Snacks,Barra de cereal,L. Gómez,10,9300.0,0.0,93000.0,4.6
2025-10-29,Valle del Cauca,Tienda física,Café,Café en grano 1kg,S. Vargas,7,30700.0,0.0,214900.0,3.3
2026-03-25,Valle del Cauca,Tienda física,Snacks,Barra de cereal,C. Ramírez,12,10300.0,0.15,105060.0,4.5
2025-11-23,Santander,Marketplace,Bebidas,Jugo natural 1L,D. Mejía,31,9100.0,0.0,282100.0,4.2
2026-02-07,Antioquia,Marketplace,Cuidado,Shampoo sólido,J. Peña,8,17400.0,0.05,132240.0,3.6
2026-04-28,Santander,Tienda física,Café,Café molido 500g,A. Rojas,16,27300.0,0.0,436800.0,3.7
2026-04-19,Santander,Marketplace,Cuidado,Jabón artesanal,S. Vargas,18,21000.0,0.1,340200.0,3.9
2026-02-02,Eje Cafetero,E-commerce,Café,Café molido 500g,L. Gómez,15,28000.0,0.1,378000.0,3.0
2025-10-04,Atlántico,Distribuidor,Snacks,Chips de plátano,D. Mejía,15,9500.0,0.05,135375.0,3.5
2026-06-21,Valle del Cauca,E-commerce,Café,Cápsulas x20,S. Vargas,13,29400.0,0.0,382200.0,5.0
2025-10-06,Atlántico,Tienda física,Bebidas,Agua saborizada,L. Gómez,7,7200.0,0.0,50400.0,3.5
2026-07-29,Valle del Cauca,Tienda física,Snacks,Barra de cereal,A. Rojas,14,9300.0,0.1,117180.0,3.1
2025-10-27,Valle del Cauca,Distribuidor,Café,Café molido 500g,L. Gómez,20,31400.0,0.1,565200.0,
2025-09-12,Eje Cafetero,E-commerce,Snacks,Mix de frutos secos,D. Mejía,17,10900.0,0.1,166770.0,4.1
2025-12-31,Atlántico,Distribuidor,Bebidas,Té frío 500ml,L. Gómez,5,9500.0,0.15,40375.0,3.8
2026-01-27,Valle del Cauca,Marketplace,Café,Cápsulas x20,S. Vargas,8,25700.0,0.05,195320.0,3.6
2026-04-16,Valle del Cauca,Marketplace,Snacks,Barra de cereal,A. Rojas,7,9600.0,0.0,67200.0,
2026-01-05,Atlántico,Marketplace,Snacks,Chips de plátano,A. Rojas,15,9900.0,0.1,133650.0,3.0
2026-07-10,Bogotá,Tienda física,Snacks,Mix de frutos secos,S. Vargas,17,10600.0,0.0,180200.0,3.9
2025-08-17,Bogotá,E-commerce,Café,Cápsulas x20,A. Rojas,21,43500.0,0.15,776475.0,3.8
2025-12-17,Santander,Marketplace,Bebidas,Té frío 500ml,J. Peña,16,8600.0,0.0,137600.0,3.3
2026-03-10,Antioquia,Distribuidor,Café,Café en grano 1kg,S. Vargas,12,26600.0,0.1,287280.0,3.3
2026-03-01,Atlántico,Distribuidor,Bebidas,Jugo natural 1L,A. Rojas,14,5900.0,0.0,82600.0,3.6
2025-11-09,Santander,Tienda física,Café,Café molido 500g,M. Torres,16,40700.0,0.1,586080.0,3.6
2025-10-27,Eje Cafetero,Distribuidor,Bebidas,Agua saborizada,D. Mejía,18,6300.0,0.15,96390.0,4.9
2025-08-12,Eje Cafetero,Tienda física,Café,Café molido 500g,L. Gómez,20,28800.0,0.0,576000.0,3.6
2026-03-18,Eje Cafetero,Marketplace,Cuidado,Shampoo sólido,D. Mejía,11,17700.0,0.0,194700.0,4.7
2026-04-25,Antioquia,E-commerce,Bebidas,Agua saborizada,A. Rojas,13,6600.0,0.0,85800.0,4.6
2026-04-22,Eje Cafetero,Marketplace,Snacks,Chips de plátano,M. Torres,18,9200.0,0.1,149040.0,3.6
2026-01-30,Eje Cafetero,Distribuidor,Snacks,Barra de cereal,M. Torres,14,10100.0,0.0,141400.0,4.5
2025-11-14,Bogotá,Tienda física,Snacks,Barra de cereal,S. Vargas,19,14500.0,0.05,261725.0,4.1
2025-08-12,Eje Cafetero,Marketplace,Snacks,Barra de cereal,C. Ramírez,13,10100.0,0.0,131300.0,2.9
2026-03-09,Santander,E-commerce,Bebidas,Jugo natural 1L,J. Peña,18,7900.0,0.15,120870.0,4.6
2025-08-27,Santander,Tienda física,Snacks,Barra de cereal,J. Peña,23,9800.0,0.0,225400.0,3.3
2026-03-16,Eje Cafetero,Distribuidor,Bebidas,Agua saborizada,D. Mejía,2,6300.0,0.15,10710.0,3.2
2026-05-06,Santander,Distribuidor,Café,Café en grano 1kg,A. Rojas,24,28400.0,0.1,613440.0,4.7
2025-10-16,Santander,Tienda física,Bebidas,Agua saborizada,A. Rojas,13,7400.0,0.15,81770.0,3.9
2026-02-25,Eje Cafetero,Distribuidor,Snacks,Mix de frutos secos,L. Gómez,9,8200.0,0.0,73800.0,2.9
2025-10-24,Atlántico,Tienda física,Café,Cápsulas x20,J. Peña,17,27100.0,0.15,391595.0,4.5
2026-07-11,Antioquia,E-commerce,Cuidado,Shampoo sólido,L. Gómez,23,21700.0,0.1,449190.0,3.6
2025-10-03,Bogotá,Marketplace,Café,Café en grano 1kg,D. Mejía,24,32800.0,0.0,787200.0,4.7
2026-04-01,Atlántico,E-commerce,Snacks,Chips de plátano,L. Gómez,14,11000.0,0.15,130900.0,4.1
2026-04-01,Eje Cafetero,E-commerce,Snacks,Barra de cereal,A. Rojas,6,9700.0,0.0,58200.0,3.6
2026-03-26,Atlántico,Marketplace,Bebidas,Jugo natural 1L,M. Torres,9,6400.0,0.05,54720.0,3.3
2025-10-24,Antioquia,Tienda física,Cuidado,Crema corporal,M. Torres,7,21800.0,0.0,152600.0,4.0
2026-04-21,Eje Cafetero,Tienda física,Bebidas,Jugo natural 1L,L. Gómez,15,6500.0,0.0,97500.0,3.3
2026-06-21,Antioquia,Marketplace,Bebidas,Agua saborizada,L. Gómez,7,7300.0,0.0,51100.0,4.0
2026-07-17,Valle del Cauca,Marketplace,Bebidas,Agua saborizada,C. Ramírez,6,6800.0,0.0,40800.0,3.8
2026-01-04,Santander,Marketplace,Snacks,Mix de frutos secos,L. Gómez,14,9200.0,0.1,115920.0,4.5
2025-11-24,Eje Cafetero,Marketplace,Snacks,Mix de frutos secos,D. Mejía,8,11700.0,0.0,93600.0,3.5
2025-08-27,Santander,Marketplace,Bebidas,Jugo natural 1L,A. Rojas,20,6600.0,0.0,132000.0,
2026-05-06,Atlántico,Distribuidor,Bebidas,Jugo natural 1L,A. Rojas,10,6000.0,0.15,51000.0,3.2
2026-08-03,Santander,Tienda física,Bebidas,Té frío 500ml,A. Rojas,19,6000.0,0.0,114000.0,3.3
2026-06-10,Eje Cafetero,Tienda física,Snacks,Mix de frutos secos,J. Peña,8,8800.0,0.0,70400.0,
2025-12-24,Valle del Cauca,Marketplace,Snacks,Barra de cereal,D. Mejía,19,12900.0,0.0,245100.0,4.8
2026-06-15,Santander,Marketplace,Snacks,Chips de plátano,C. Ramírez,7,9500.0,0.0,66500.0,3.6
2026-07-30,Eje Cafetero,Tienda física,Snacks,Chips de plátano,J. Peña,25,10000.0,0.0,250000.0,3.5
2026-06-05,Bogotá,Tienda física,Café,Café molido 500g,L. Gómez,6,32100.0,0.15,163710.0,4.5
2025-11-29,Santander,Marketplace,Café,Café molido 500g,M. Torres,14,34200.0,0.0,478800.0,4.9
2025-12-26,Valle del Cauca,Marketplace,Snacks,Barra de cereal,S. Vargas,5,12300.0,0.0,61500.0,4.0
2026-07-11,Eje Cafetero,Marketplace,Café,Café en grano 1kg,A. Rojas,7,26200.0,0.0,183400.0,4.7
2025-11-10,Antioquia,Tienda física,Bebidas,Té frío 500ml,S. Vargas,14,9100.0,0.0,127400.0,3.4
2026-04-27,Antioquia,Marketplace,Bebidas,Jugo natural 1L,C. Ramírez,27,6000.0,0.1,145800.0,
2025-11-22,Valle del Cauca,E-commerce,Cuidado,Shampoo sólido,D. Mejía,13,31900.0,0.0,414700.0,3.1
2026-05-26,Santander,Marketplace,Café,Café en grano 1kg,A. Rojas,13,27700.0,0.0,360100.0,3.7
2025-09-04,Antioquia,Marketplace,Cuidado,Crema corporal,M. Torres,12,19500.0,0.0,234000.0,3.8
2025-08-09,Antioquia,Tienda física,Café,Café molido 500g,C. Ramírez,25,31400.0,0.15,667250.0,2.9
2025-11-20,Santander,Marketplace,Bebidas,Jugo natural 1L,J. Peña,11,9000.0,0.15,84150.0,4.5
2026-06-04,Atlántico,E-commerce,Snacks,Mix de frutos secos,C. Ramírez,12,10200.0,0.0,122400.0,4.5
2025-09-28,Valle del Cauca,E-commerce,Café,Café en grano 1kg,A. Rojas,12,34600.0,0.15,352920.0,4.4
2025-12-25,Atlántico,Tienda física,Cuidado,Jabón artesanal,A. Rojas,10,24500.0,0.1,220500.0,3.7
2026-06-30,Valle del Cauca,E-commerce,Snacks,Chips de plátano,C. Ramírez,23,10000.0,0.0,230000.0,4.4
2025-10-22,Antioquia,E-commerce,Cuidado,Shampoo sólido,C. Ramírez,8,20100.0,0.0,160800.0,3.0
2025-10-17,Antioquia,E-commerce,Bebidas,Té frío 500ml,D. Mejía,8,7000.0,0.0,56000.0,3.8
2025-12-10,Eje Cafetero,Marketplace,Snacks,Mix de frutos secos,D. Mejía,22,11600.0,0.05,242440.0,4.2
2026-06-20,Atlántico,E-commerce,Snacks,Mix de frutos secos,S. Vargas,11,9500.0,0.1,94050.0,4.9
2025-09-24,Atlántico,E-commerce,Bebidas,Jugo natural 1L,C. Ramírez,7,8200.0,0.0,57400.0,4.2
2025-10-16,Antioquia,Marketplace,Snacks,Chips de plátano,S. Vargas,10,8100.0,0.0,81000.0,4.2
2025-09-16,Santander,E-commerce,Bebidas,Té frío 500ml,D. Mejía,11,7000.0,0.1,69300.0,4.9
2026-04-12,Antioquia,E-commerce,Bebidas,Jugo natural 1L,S. Vargas,13,8000.0,0.0,104000.0,3.8
2026-06-25,Santander,E-commerce,Bebidas,Jugo natural 1L,C. Ramírez,4,7300.0,0.0,29200.0,4.5
2026-03-07,Atlántico,Marketplace,Cuidado,Jabón artesanal,S. Vargas,14,18300.0,0.05,243390.0,4.7
2026-07-31,Bogotá,Distribuidor,Cuidado,Crema corporal,M. Torres,15,25100.0,0.0,376500.0,3.8
2026-07-29,Valle del Cauca,E-commerce,Cuidado,Jabón artesanal,M. Torres,10,19300.0,0.1,173700.0,3.6
2026-04-20,Valle del Cauca,Distribuidor,Bebidas,Té frío 500ml,C. Ramírez,15,6800.0,0.0,102000.0,2.8
2026-02-15,Eje Cafetero,E-commerce,Cuidado,Shampoo sólido,J. Peña,7,19200.0,0.0,134400.0,4.0
2025-11-05,Eje Cafetero,Tienda física,Bebidas,Jugo natural 1L,M. Torres,9,10000.0,0.0,90000.0,3.3
2025-10-29,Santander,Tienda física,Cuidado,Jabón artesanal,C. Ramírez,7,20400.0,0.0,142800.0,4.3
2025-10-18,Antioquia,Marketplace,Cuidado,Crema corporal,S. Vargas,25,19600.0,0.15,416500.0,4.6
2025-09-22,Atlántico,Distribuidor,Café,Café molido 500g,D. Mejía,4,30600.0,0.15,104040.0,4.9
2025-10-03,Antioquia,E-commerce,Cuidado,Shampoo sólido,A. Rojas,10,20200.0,0.15,171700.0,3.9
2026-08-03,Bogotá,Tienda física,Bebidas,Té frío 500ml,S. Vargas,5,8900.0,0.15,37825.0,3.1
2025-10-30,Bogotá,Tienda física,Café,Cápsulas x20,S. Vargas,11,39400.0,0.1,390060.0,4.9
2025-08-24,Bogotá,Tienda física,Café,Café molido 500g,L. Gómez,11,34900.0,0.0,383900.0,3.3
2026-02-13,Bogotá,E-commerce,Bebidas,Té frío 500ml,S. Vargas,1,9500.0,0.05,9025.0,3.8
2025-10-07,Antioquia,Marketplace,Cuidado,Crema corporal,L. Gómez,7,19900.0,0.1,125370.0,3.1
2026-03-25,Santander,Distribuidor,Café,Café molido 500g,D. Mejía,17,28100.0,0.0,477700.0,3.9
2025-10-23,Santander,E-commerce,Café,Cápsulas x20,D. Mejía,13,34300.0,0.0,445900.0,4.5
2026-04-11,Santander,Distribuidor,Cuidado,Shampoo sólido,M. Torres,9,21700.0,0.0,195300.0,4.7
2026-07-09,Antioquia,Distribuidor,Snacks,Barra de cereal,D. Mejía,22,10000.0,0.15,187000.0,
2025-11-13,Valle del Cauca,Tienda física,Bebidas,Jugo natural 1L,M. Torres,6,8700.0,0.0,52200.0,4.4
2025-11-08,Antioquia,Distribuidor,Cuidado,Crema corporal,M. Torres,14,27900.0,0.0,390600.0,4.5
2025-09-10,Valle del Cauca,Distribuidor,Snacks,Chips de plátano,M. Torres,7,9300.0,0.0,65100.0,4.9
2026-06-27,Eje Cafetero,Tienda física,Bebidas,Agua saborizada,S. Vargas,6,7000.0,0.0,42000.0,
2025-11-09,Atlántico,Tienda física,Café,Cápsulas x20,C. Ramírez,13,42200.0,0.0,548600.0,4.9
2025-10-14,Valle del Cauca,Distribuidor,Bebidas,Té frío 500ml,A. Rojas,7,6100.0,0.05,40565.0,3.6
2026-05-06,Bogotá,E-commerce,Snacks,Barra de cereal,J. Peña,22,11900.0,0.0,261800.0,4.0
2026-05-02,Eje Cafetero,Distribuidor,Café,Cápsulas x20,D. Mejía,13,31500.0,0.15,348075.0,3.7
2026-04-15,Bogotá,Tienda física,Café,Cápsulas x20,A. Rojas,15,40100.0,0.15,511275.0,3.2
2026-06-08,Eje Cafetero,E-commerce,Café,Café molido 500g,C. Ramírez,7,34800.0,0.15,207060.0,3.1
2025-10-16,Santander,E-commerce,Cuidado,Jabón artesanal,L. Gómez,18,19800.0,0.0,356400.0,4.5
2026-01-24,Eje Cafetero,E-commerce,Café,Café en grano 1kg,A. Rojas,13,29900.0,0.05,369265.0,4.4
2025-10-17,Santander,Tienda física,Snacks,Mix de frutos secos,S. Vargas,25,8600.0,0.05,204250.0,2.8
2026-02-03,Valle del Cauca,E-commerce,Bebidas,Agua saborizada,S. Vargas,8,6400.0,0.1,46080.0,4.1
2025-08-31,Eje Cafetero,Tienda física,Café,Café molido 500g,D. Mejía,16,31000.0,0.15,421600.0,4.7
2026-07-13,Santander,E-commerce,Bebidas,Agua saborizada,L. Gómez,9,7400.0,0.1,59940.0,4.1
2026-05-22,Valle del Cauca,Distribuidor,Cuidado,Crema corporal,C. Ramírez,22,18000.0,0.1,356400.0,3.2
2025-09-09,Antioquia,Tienda física,Bebidas,Té frío 500ml,C. Ramírez,4,6400.0,0.15,21760.0,2.9
2025-08-26,Valle del Cauca,Tienda física,Snacks,Barra de cereal,C. Ramírez,14,9700.0,0.1,122220.0,3.5
2025-10-22,Eje Cafetero,E-commerce,Bebidas,Té frío 500ml,J. Peña,15,6800.0,0.1,91800.0,3.4
2026-04-14,Atlántico,Distribuidor,Bebidas,Agua saborizada,L. Gómez,12,6900.0,0.15,70380.0,3.2
2025-10-16,Valle del Cauca,Distribuidor,Bebidas,Té frío 500ml,A. Rojas,11,6600.0,0.0,72600.0,4.1
2026-04-27,Valle del Cauca,Marketplace,Snacks,Chips de plátano,M. Torres,21,8400.0,0.0,176400.0,4.4
2026-07-31,Valle del Cauca,Marketplace,Cuidado,Shampoo sólido,L. Gómez,5,18200.0,0.0,91000.0,3.9
2025-10-21,Atlántico,Marketplace,Café,Café en grano 1kg,,16,30900.0,0.0,494400.0,2.9
2025-12-16,Valle del Cauca,E-commerce,Snacks,Chips de plátano,D. Mejía,9,12400.0,0.0,111600.0,3.0
2025-08-07,Santander,Tienda física,Snacks,Mix de frutos secos,S. Vargas,9,10000.0,0.1,81000.0,4.2
2025-11-02,Antioquia,Tienda física,Cuidado,Jabón artesanal,S. Vargas,13,28500.0,0.15,314925.0,3.4
2025-12-11,Valle del Cauca,E-commerce,Café,Café en grano 1kg,J. Peña,18,43900.0,0.05,750690.0,3.0
2025-08-14,Antioquia,Tienda física,Snacks,Barra de cereal,S. Vargas,10,8600.0,0.0,86000.0,3.4
2025-10-16,Valle del Cauca,Distribuidor,Bebidas,Agua saborizada,S. Vargas,18,6800.0,0.0,122400.0,4.7
2026-04-03,Santander,Marketplace,Snacks,Mix de frutos secos,C. Ramírez,27,10100.0,0.1,245430.0,4.9
2025-08-22,Bogotá,Marketplace,Café,Café molido 500g,L. Gómez,6,35300.0,0.0,211800.0,4.8
2026-05-19,Bogotá,Tienda física,Cuidado,Crema corporal,J. Peña,13,21400.0,0.05,264290.0,2.9
2026-07-02,Bogotá,E-commerce,Cuidado,Crema corporal,L. Gómez,13,23500.0,0.15,259675.0,4.8
2026-05-05,Valle del Cauca,E-commerce,Cuidado,Shampoo sólido,C. Ramírez,21,22600.0,0.1,427140.0,4.4
2025-12-10,Valle del Cauca,Marketplace,Café,Café en grano 1kg,L. Gómez,7,42400.0,0.0,296800.0,3.3
2025-11-18,Antioquia,E-commerce,Snacks,Mix de frutos secos,C. Ramírez,13,13900.0,0.05,171665.0,4.6
2026-01-16,Atlántico,Marketplace,Café,Café molido 500g,S. Vargas,21,30000.0,0.05,598500.0,4.9
2026-04-09,Bogotá,Tienda física,Cuidado,Shampoo sólido,M. Torres,11,26100.0,0.0,287100.0,3.8
2026-07-22,Antioquia,E-commerce,Bebidas,Jugo natural 1L,C. Ramírez,7,7500.0,0.15,44625.0,4.8
2025-09-14,Atlántico,Distribuidor,Cuidado,Crema corporal,C. Ramírez,18,19300.0,0.05,330030.0,3.1
2025-08-15,Atlántico,Tienda física,Café,Cápsulas x20,D. Mejía,10,28400.0,0.0,284000.0,3.1
2026-05-12,Santander,Tienda física,Bebidas,Agua saborizada,C. Ramírez,24,6500.0,0.0,156000.0,3.1
2026-05-05,Antioquia,Marketplace,Bebidas,Té frío 500ml,M. Torres,10,6900.0,0.0,69000.0,5.0
2026-05-07,Antioquia,E-commerce,Snacks,Mix de frutos secos,M. Torres,22,10500.0,0.0,231000.0,4.8
2025-08-25,Eje Cafetero,E-commerce,Snacks,Barra de cereal,L. Gómez,11,9500.0,0.0,104500.0,3.7
2025-11-01,Valle del Cauca,Tienda física,Bebidas,Té frío 500ml,L. Gómez,9,8500.0,0.0,76500.0,3.2
2026-06-17,Santander,Marketplace,Bebidas,Jugo natural 1L,C. Ramírez,14,6800.0,0.1,85680.0,3.6
2025-11-07,Antioquia,Marketplace,Snacks,Chips de plátano,,12,12800.0,0.0,153600.0,3.9
2026-07-27,Eje Cafetero,Distribuidor,Cuidado,Shampoo sólido,J. Peña,16,19200.0,0.0,307200.0,2.9
2026-07-27,Eje Cafetero,Distribuidor,Bebidas,Jugo natural 1L,L. Gómez,13,6800.0,0.0,88400.0,3.3
2025-08-28,Antioquia,E-commerce,Cuidado,Jabón artesanal,C. Ramírez,18,19700.0,0.0,354600.0,4.1
2026-04-02,Bogotá,Marketplace,Bebidas,Jugo natural 1L,S. Vargas,24,8700.0,0.0,208800.0,2.9
2025-08-18,Santander,E-commerce,Snacks,Chips de plátano,S. Vargas,1,11300.0,0.0,11300.0,4.9
2025-12-25,Valle del Cauca,E-commerce,Snacks,Chips de plátano,,30,13200.0,0.05,376200.0,4.6
2026-04-11,Eje Cafetero,E-commerce,Bebidas,Té frío 500ml,M. Torres,13,7500.0,0.15,82875.0,4.4
2025-11-26,Valle del Cauca,Distribuidor,Snacks,Chips de plátano,L. Gómez,16,13000.0,0.15,176800.0,3.8
2026-04-30,Valle del Cauca,E-commerce,Cuidado,Crema corporal,J. Peña,6,20800.0,0.05,118560.0,3.3
2025-12-25,Bogotá,E-commerce,Café,Café en grano 1kg,C. Ramírez,16,58600.0,0.0,937600.0,3.6
2026-03-01,Atlántico,Distribuidor,Café,Café en grano 1kg,M. Torres,9,31400.0,0.0,282600.0,4.4
2026-07-21,Eje Cafetero,E-commerce,Cuidado,Crema corporal,A. Rojas,8,18900.0,0.05,143640.0,3.1
2025-12-17,Antioquia,E-commerce,Bebidas,Té frío 500ml,L. Gómez,34,8700.0,0.15,251430.0,4.1
2025-10-20,Valle del Cauca,Tienda física,Cuidado,Jabón artesanal,S. Vargas,6,17900.0,0.0,107400.0,4.8
2026-06-25,Valle del Cauca,Tienda física,Cuidado,Crema corporal,J. Peña,10,20700.0,0.0,207000.0,4.2
2026-06-28,Eje Cafetero,Tienda física,Snacks,Mix de frutos secos,S. Vargas,13,10200.0,0.1,119340.0,4.5
2025-12-27,Atlántico,Marketplace,Bebidas,Agua saborizada,S. Vargas,12,9500.0,0.1,102600.0,4.0
2026-05-06,Valle del Cauca,E-commerce,Snacks,Chips de plátano,M. Torres,11,9200.0,0.0,101200.0,4.9
2026-01-04,Eje Cafetero,E-commerce,Café,Café en grano 1kg,J. Peña,9,35300.0,0.1,285930.0,3.2
2025-09-09,Bogotá,Distribuidor,Café,Café en grano 1kg,L. Gómez,5,39500.0,0.1,177750.0,4.1
2025-10-31,Bogotá,Tienda física,Bebidas,Jugo natural 1L,A. Rojas,28,8200.0,0.1,206640.0,3.0
2026-03-21,Antioquia,Tienda física,Snacks,Mix de frutos secos,S. Vargas,20,9300.0,0.0,186000.0,4.0
2025-09-01,Antioquia,E-commerce,Bebidas,Agua saborizada,D. Mejía,1,6800.0,0.0,6800.0,3.9
2026-05-16,Eje Cafetero,Marketplace,Snacks,Chips de plátano,M. Torres,17,8400.0,0.0,142800.0,3.9
2026-05-11,Bogotá,Distribuidor,Bebidas,Agua saborizada,L. Gómez,20,8000.0,0.0,160000.0,4.0
2025-10-30,Eje Cafetero,E-commerce,Bebidas,Jugo natural 1L,D. Mejía,14,8200.0,0.15,97580.0,3.0
2026-08-03,Eje Cafetero,Distribuidor,Snacks,Mix de frutos secos,A. Rojas,7,10000.0,0.0,70000.0,3.2
2026-04-20,Santander,Tienda física,Snacks,Barra de cereal,J. Peña,15,9100.0,0.0,136500.0,3.2
2026-06-04,Santander,E-commerce,Cuidado,Crema corporal,M. Torres,13,22500.0,0.0,292500.0,3.2
2026-06-12,Bogotá,Tienda física,Snacks,Chips de plátano,L. Gómez,15,10800.0,0.0,162000.0,3.9
2025-11-14,Santander,Distribuidor,Cuidado,Jabón artesanal,D. Mejía,10,25700.0,0.05,244150.0,3.4
2025-08-09,Eje Cafetero,Distribuidor,Cuidado,Crema corporal,S. Vargas,17,19200.0,0.05,310080.0,3.2
2025-12-09,Santander,E-commerce,Cuidado,Crema corporal,L. Gómez,3,28900.0,0.0,86700.0,2.9
2026-05-29,Atlántico,Distribuidor,Cuidado,Crema corporal,A. Rojas,17,17700.0,0.05,285855.0,2.8
2026-03-30,Antioquia,E-commerce,Cuidado,Jabón artesanal,S. Vargas,31,19700.0,0.05,580165.0,3.5
2025-09-03,Valle del Cauca,Tienda física,Bebidas,Té frío 500ml,S. Vargas,16,6200.0,0.0,99200.0,3.0
2026-04-18,Atlántico,E-commerce,Bebidas,Agua saborizada,A. Rojas,16,7600.0,0.0,121600.0,4.6
2025-12-15,Antioquia,Distribuidor,Cuidado,Jabón artesanal,C. Ramírez,7,26700.0,0.05,177555.0,2.8
2025-08-25,Antioquia,Marketplace,Café,Cápsulas x20,A. Rojas,1,28200.0,0.0,28200.0,4.5
2025-12-29,Atlántico,Tienda física,Bebidas,Jugo natural 1L,D. Mejía,14,9400.0,0.1,118440.0,4.1
2026-01-12,Antioquia,E-commerce,Café,Cápsulas x20,D. Mejía,23,32900.0,0.0,756700.0,5.0
2026-01-19,Antioquia,Distribuidor,Cuidado,Shampoo sólido,D. Mejía,3,21400.0,0.0,64200.0,
2026-01-15,Atlántico,E-commerce,Bebidas,Agua saborizada,J. Peña,4,7800.0,0.15,26520.0,4.9
2026-07-13,Santander,Tienda física,Cuidado,Shampoo sólido,L. Gómez,14,20600.0,0.0,288400.0,3.6
2025-08-17,Eje Cafetero,E-commerce,Café,Café en grano 1kg,D. Mejía,30,31900.0,0.0,957000.0,4.9
2026-05-27,Bogotá,Distribuidor,Cuidado,Shampoo sólido,M. Torres,6,23300.0,0.0,139800.0,3.3
2026-07-26,Antioquia,Tienda física,Cuidado,Crema corporal,S. Vargas,13,18100.0,0.1,211770.0,4.3
2026-01-14,Valle del Cauca,E-commerce,Bebidas,Té frío 500ml,M. Torres,1,7100.0,0.05,6745.0,4.9
2026-07-15,Atlántico,Tienda física,Bebidas,Té frío 500ml,D. Mejía,34,7100.0,0.05,229330.0,3.5
2025-12-30,Santander,E-commerce,Café,Café en grano 1kg,L. Gómez,7,45500.0,0.15,270725.0,3.3
2025-11-27,Eje Cafetero,E-commerce,Snacks,Chips de plátano,D. Mejía,10,13100.0,0.1,117900.0,4.8
2026-08-02,Valle del Cauca,Tienda física,Bebidas,Té frío 500ml,M. Torres,30,6100.0,0.0,183000.0,3.3
2026-05-19,Valle del Cauca,E-commerce,Cuidado,Shampoo sólido,L. Gómez,14,19600.0,0.0,274400.0,4.4
2026-06-01,Atlántico,Tienda física,Snacks,Mix de frutos secos,M. Torres,9,8800.0,0.1,71280.0,4.9
2026-04-11,Santander,Distribuidor,Bebidas,Té frío 500ml,L. Gómez,12,6000.0,0.0,72000.0,4.9
2026-02-02,Bogotá,Marketplace,Café,Cápsulas x20,M. Torres,6,33500.0,0.0,201000.0,4.4
2026-02-26,Atlántico,E-commerce,Cuidado,Shampoo sólido,L. Gómez,8,21500.0,0.05,163400.0,3.4
2025-09-05,Eje Cafetero,Distribuidor,Snacks,Chips de plátano,L. Gómez,8,9700.0,0.05,73720.0,3.5
2025-10-05,Valle del Cauca,Marketplace,Snacks,Chips de plátano,A. Rojas,15,8400.0,0.0,126000.0,4.2
2025-10-12,Eje Cafetero,Distribuidor,Cuidado,Jabón artesanal,S. Vargas,12,17200.0,0.05,196080.0,3.1
2025-11-27,Eje Cafetero,Distribuidor,Snacks,Chips de plátano,L. Gómez,20,13200.0,0.1,237600.0,3.3
2025-11-28,Valle del Cauca,E-commerce,Cuidado,Crema corporal,A. Rojas,10,27500.0,0.1,247500.0,4.9
2025-09-05,Bogotá,Marketplace,Bebidas,Té frío 500ml,J. Peña,8,7600.0,0.0,60800.0,3.1
2026-03-22,Eje Cafetero,Distribuidor,Café,Cápsulas x20,C. Ramírez,12,28900.0,0.0,346800.0,3.9
2025-10-05,Bogotá,E-commerce,Snacks,Chips de plátano,L. Gómez,30,13900.0,0.0,417000.0,4.3
2026-04-24,Atlántico,Distribuidor,Cuidado,Crema corporal,M. Torres,4,19100.0,0.1,68760.0,3.2
2026-05-05,Valle del Cauca,Distribuidor,Snacks,Mix de frutos secos,S. Vargas,16,9600.0,0.0,153600.0,4.0
2025-10-14,Antioquia,E-commerce,Café,Café molido 500g,D. Mejía,28,35100.0,0.0,982800.0,
2025-09-11,Bogotá,E-commerce,Café,Café molido 500g,J. Peña,7,38500.0,0.15,229075.0,5.0
2026-04-05,Bogotá,E-commerce,Cuidado,Crema corporal,C. Ramírez,22,26100.0,0.0,574200.0,4.8
2026-07-09,Valle del Cauca,Marketplace,Cuidado,Jabón artesanal,A. Rojas,14,20600.0,0.0,288400.0,4.6
2026-06-22,Valle del Cauca,Tienda física,Cuidado,Shampoo sólido,C. Ramírez,12,19600.0,0.15,199920.0,2.8
2025-09-13,Antioquia,E-commerce,Café,Cápsulas x20,A. Rojas,8,34300.0,0.05,260680.0,4.7
2025-12-06,Antioquia,Distribuidor,Bebidas,Agua saborizada,S. Vargas,25,10000.0,0.05,237500.0,4.1
2025-09-23,Santander,Marketplace,Cuidado,Shampoo sólido,D. Mejía,14,21500.0,0.1,270900.0,4.9
2026-04-08,Antioquia,Distribuidor,Cuidado,Jabón artesanal,C. Ramírez,14,20200.0,0.0,282800.0,3.5
2026-06-08,Bogotá,E-commerce,Bebidas,Agua saborizada,S. Vargas,23,9400.0,0.05,205390.0,2.9
2026-01-06,Santander,Distribuidor,Snacks,Barra de cereal,L. Gómez,22,9500.0,0.0,209000.0,4.0
2026-03-12,Santander,Marketplace,Café,Cápsulas x20,,17,30400.0,0.05,490960.0,4.4
2026-02-13,Eje Cafetero,Marketplace,Snacks,Chips de plátano,L. Gómez,16,8200.0,0.1,118080.0,4.8
2025-12-28,Antioquia,E-commerce,Bebidas,Agua saborizada,A. Rojas,11,9000.0,0.0,99000.0,3.6
2026-08-06,Bogotá,Distribuidor,Cuidado,Shampoo sólido,M. Torres,11,22600.0,0.15,211310.0,4.2
2026-02-02,Antioquia,Distribuidor,Café,Cápsulas x20,L. Gómez,11,28600.0,0.05,298870.0,4.3
2026-05-11,Atlántico,Distribuidor,Café,Café molido 500g,M. Torres,14,32200.0,0.1,405720.0,3.4
2026-02-09,Valle del Cauca,E-commerce,Snacks,Barra de cereal,,18,10000.0,0.0,180000.0,4.5
2025-11-15,Bogotá,Distribuidor,Café,Cápsulas x20,L. Gómez,25,49000.0,0.0,1225000.0,4.5
2026-04-01,Eje Cafetero,E-commerce,Café,Cápsulas x20,M. Torres,21,31900.0,0.0,669900.0,4.7
2026-01-24,Eje Cafetero,E-commerce,Snacks,Chips de plátano,C. Ramírez,10,9500.0,0.0,95000.0,3.5
2026-01-16,Santander,E-commerce,Café,Café molido 500g,M. Torres,18,30200.0,0.15,462060.0,3.9
2025-09-04,Valle del Cauca,Tienda física,Snacks,Mix de frutos secos,J. Peña,22,9400.0,0.15,175780.0,4.0
2026-02-14,Bogotá,Tienda física,Cuidado,Shampoo sólido,D. Mejía,28,24200.0,0.0,677600.0,4.4
2026-03-29,Antioquia,Marketplace,Snacks,Chips de plátano,S. Vargas,20,9700.0,0.05,184300.0,
2026-01-15,Valle del Cauca,Tienda física,Bebidas,Jugo natural 1L,J. Peña,13,6000.0,0.05,74100.0,4.4
2025-08-23,Valle del Cauca,E-commerce,Snacks,Mix de frutos secos,C. Ramírez,15,10900.0,0.0,163500.0,3.1
2026-07-11,Eje Cafetero,Distribuidor,Café,Café molido 500g,A. Rojas,13,29900.0,0.0,388700.0,4.6
2025-08-26,Atlántico,Tienda física,Bebidas,Té frío 500ml,,15,6700.0,0.0,100500.0,4.8
2026-01-26,Atlántico,Tienda física,Bebidas,Agua saborizada,L. Gómez,16,6700.0,0.05,101840.0,3.4
2026-01-10,Valle del Cauca,E-commerce,Cuidado,Jabón artesanal,D. Mejía,15,19300.0,0.1,260550.0,4.5
2026-01-06,Atlántico,Tienda física,Café,Café en grano 1kg,D. Mejía,4,27500.0,0.05,104500.0,4.0
2026-06-22,Valle del Cauca,Tienda física,Bebidas,Jugo natural 1L,D. Mejía,17,7100.0,0.1,108630.0,3.5
2025-10-10,Antioquia,E-commerce,Snacks,Mix de frutos secos,J. Peña,13,9400.0,0.1,109980.0,3.9
2026-01-25,Valle del Cauca,Tienda física,Snacks,Mix de frutos secos,S. Vargas,26,10200.0,0.05,251940.0,3.9
2025-09-07,Santander,Distribuidor,Cuidado,Crema corporal,C. Ramírez,9,21800.0,0.0,196200.0,4.2
2025-08-30,Eje Cafetero,E-commerce,Snacks,Chips de plátano,A. Rojas,16,10000.0,0.0,160000.0,3.7
2025-09-08,Santander,Marketplace,Bebidas,Jugo natural 1L,M. Torres,21,7500.0,0.0,157500.0,4.6
2026-07-26,Antioquia,Tienda física,Café,Café en grano 1kg,C. Ramírez,18,27400.0,0.05,468540.0,
2026-03-16,Santander,Marketplace,Snacks,Chips de plátano,C. Ramírez,9,8400.0,0.15,64260.0,3.7
2025-10-31,Santander,Tienda física,Cuidado,Crema corporal,L. Gómez,14,17500.0,0.0,245000.0,3.7
2026-06-25,Eje Cafetero,Distribuidor,Café,Cápsulas x20,M. Torres,15,26200.0,0.05,373350.0,3.1
2025-10-26,Antioquia,Tienda física,Cuidado,Crema corporal,D. Mejía,16,20200.0,0.1,290880.0,4.1
2025-12-01,Valle del Cauca,Marketplace,Cuidado,Shampoo sólido,S. Vargas,12,24700.0,0.05,281580.0,4.4
2025-11-26,Santander,Distribuidor,Bebidas,Jugo natural 1L,M. Torres,28,9500.0,0.15,226100.0,3.0
2025-11-23,Bogotá,Tienda física,Café,Cápsulas x20,J. Peña,13,43700.0,0.0,568100.0,4.5
2026-02-03,Antioquia,E-commerce,Cuidado,Crema corporal,S. Vargas,9,22900.0,0.1,185490.0,3.1
2026-04-26,Santander,Distribuidor,Bebidas,Agua saborizada,D. Mejía,14,6400.0,0.1,80640.0,4.0
2025-10-24,Antioquia,Marketplace,Bebidas,Té frío 500ml,S. Vargas,17,7400.0,0.05,119510.0,3.3
2026-04-06,Atlántico,Marketplace,Snacks,Barra de cereal,J. Peña,4,10000.0,0.0,40000.0,3.1
2026-02-14,Santander,Distribuidor,Bebidas,Té frío 500ml,C. Ramírez,20,7200.0,0.15,122400.0,5.0
2025-08-26,Antioquia,Marketplace,Cuidado,Shampoo sólido,L. Gómez,6,20700.0,0.0,124200.0,4.3
2026-07-08,Santander,E-commerce,Cuidado,Jabón artesanal,D. Mejía,11,22200.0,0.15,207570.0,3.3
2026-08-06,Valle del Cauca,Tienda física,Café,Café molido 500g,D. Mejía,18,26700.0,0.1,432540.0,4.9
2026-08-05,Antioquia,Distribuidor,Snacks,Chips de plátano,C. Ramírez,31,9100.0,0.0,282100.0,4.0
2026-03-11,Santander,Tienda física,Snacks,Mix de frutos secos,M. Torres,7,8500.0,0.0,59500.0,
2025-12-16,Antioquia,E-commerce,Bebidas,Jugo natural 1L,C. Ramírez,6,10100.0,0.0,60600.0,3.6
2026-04-13,Atlántico,Marketplace,Cuidado,Jabón artesanal,M. Torres,19,20000.0,0.15,323000.0,2.9
2026-01-11,Bogotá,Distribuidor,Bebidas,Jugo natural 1L,S. Vargas,16,8400.0,0.15,114240.0,3.8
2026-01-10,Atlántico,Distribuidor,Bebidas,Jugo natural 1L,S. Vargas,18,6800.0,0.1,110160.0,3.3
2026-04-11,Santander,Marketplace,Café,Café molido 500g,L. Gómez,14,31200.0,0.0,436800.0,3.9
2026-05-15,Eje Cafetero,Tienda física,Café,Café molido 500g,D. Mejía,19,25700.0,0.0,488300.0,4.2
2025-09-20,Atlántico,E-commerce,Bebidas,Té frío 500ml,S. Vargas,14,7300.0,0.0,102200.0,4.4
2026-04-30,Santander,Distribuidor,Café,Cápsulas x20,J. Peña,23,32200.0,0.1,666540.0,4.0
2026-05-25,Antioquia,Tienda física,Café,Café molido 500g,S. Vargas,15,30500.0,0.0,457500.0,3.9
2026-02-10,Valle del Cauca,Tienda física,Snacks,Chips de plátano,M. Torres,7,10300.0,0.15,61285.0,3.2
2026-06-15,Bogotá,E-commerce,Snacks,Mix de frutos secos,S. Vargas,12,11600.0,0.15,118320.0,4.9
2025-09-11,Eje Cafetero,Tienda física,Café,Café molido 500g,C. Ramírez,11,29600.0,0.1,293040.0,4.1
2026-07-11,Atlántico,E-commerce,Café,Café molido 500g,M. Torres,25,28100.0,0.0,702500.0,4.6
2025-09-29,Valle del Cauca,E-commerce,Café,Cápsulas x20,M. Torres,20,33200.0,0.0,664000.0,4.5
2026-05-11,Antioquia,Tienda física,Bebidas,Jugo natural 1L,S. Vargas,22,6000.0,0.15,112200.0,4.3
2026-06-02,Bogotá,Distribuidor,Cuidado,Crema corporal,J. Peña,13,24600.0,0.1,287820.0,4.8
2026-08-03,Atlántico,Marketplace,Snacks,Mix de frutos secos,L. Gómez,12,10300.0,0.05,117420.0,3.1
2025-10-24,Bogotá,E-commerce,Café,Cápsulas x20,J. Peña,15,36300.0,0.0,544500.0,4.5
2026-06-05,Eje Cafetero,Tienda física,Bebidas,Té frío 500ml,,15,6200.0,0.05,88350.0,4.1
2026-05-26,Antioquia,E-commerce,Bebidas,Agua saborizada,C. Ramírez,9,7500.0,0.05,64125.0,3.0
2026-03-02,Antioquia,E-commerce,Cuidado,Shampoo sólido,A. Rojas,24,23400.0,0.1,505440.0,3.8
2025-09-07,Bogotá,E-commerce,Snacks,Barra de cereal,S. Vargas,15,11800.0,0.0,177000.0,3.6
2025-10-27,Santander,Distribuidor,Snacks,Barra de cereal,A. Rojas,32,9500.0,0.0,304000.0,3.0
2026-04-05,Atlántico,Tienda física,Snacks,Chips de plátano,A. Rojas,7,9100.0,0.0,63700.0,3.3
2026-07-02,Antioquia,E-commerce,Café,Café en grano 1kg,L. Gómez,6,31300.0,0.15,159630.0,2.9
2025-10-29,Atlántico,Distribuidor,Café,Cápsulas x20,L. Gómez,6,32000.0,0.1,172800.0,3.5
2026-06-22,Atlántico,Marketplace,Snacks,Barra de cereal,M. Torres,12,8500.0,0.15,86700.0,3.5
2026-02-03,Atlántico,Marketplace,Bebidas,Agua saborizada,M. Torres,8,6400.0,0.0,51200.0,3.7
2025-08-24,Atlántico,Distribuidor,Cuidado,Crema corporal,C. Ramírez,1,18900.0,0.0,18900.0,3.1
2026-05-28,Valle del Cauca,Tienda física,Cuidado,Shampoo sólido,D. Mejía,18,21100.0,0.15,322830.0,3.0
2026-07-05,Atlántico,Marketplace,Café,Café en grano 1kg,A. Rojas,12,29400.0,0.15,299880.0,5.0
2025-10-04,Eje Cafetero,Tienda física,Snacks,Chips de plátano,J. Peña,22,8700.0,0.05,181830.0,4.5
2026-04-04,Valle del Cauca,Distribuidor,Snacks,Mix de frutos secos,,5,10300.0,0.05,48925.0,4.2
2026-01-02,Valle del Cauca,Marketplace,Snacks,Chips de plátano,D. Mejía,5,8800.0,0.15,37400.0,2.9
2026-06-10,Santander,Tienda física,Bebidas,Jugo natural 1L,C. Ramírez,7,7300.0,0.05,48545.0,5.0
2026-03-27,Valle del Cauca,E-commerce,Café,Café en grano 1kg,M. Torres,8,33100.0,0.05,251560.0,4.2
2026-01-07,Atlántico,Tienda física,Café,Café molido 500g,M. Torres,19,31100.0,0.0,590900.0,4.8
2026-05-31,Santander,E-commerce,Bebidas,Jugo natural 1L,M. Torres,15,6600.0,0.05,94050.0,2.9
2025-08-07,Eje Cafetero,E-commerce,Bebidas,Té frío 500ml,D. Mejía,20,8000.0,0.0,160000.0,3.2
2025-09-12,Eje Cafetero,E-commerce,Bebidas,Té frío 500ml,D. Mejía,19,7000.0,0.0,133000.0,3.9
2025-11-12,Bogotá,E-commerce,Bebidas,Té frío 500ml,C. Ramírez,11,11500.0,0.15,107525.0,3.4
2025-11-16,Eje Cafetero,Marketplace,Café,Cápsulas x20,S. Vargas,20,41900.0,0.05,796100.0,4.4
2025-08-13,Antioquia,Marketplace,Bebidas,Agua saborizada,C. Ramírez,23,7400.0,0.15,144670.0,4.1
2026-06-18,Eje Cafetero,Distribuidor,Café,Café molido 500g,S. Vargas,12,28600.0,0.05,326040.0,4.7
2025-09-01,Valle del Cauca,Tienda física,Snacks,Mix de frutos secos,J. Peña,3,9000.0,0.15,22950.0,3.5
2026-01-15,Atlántico,Tienda física,Snacks,Barra de cereal,L. Gómez,8,8500.0,0.0,68000.0,4.4
2026-01-31,Bogotá,Tienda física,Snacks,Barra de cereal,S. Vargas,8,12900.0,0.05,98040.0,4.1
2026-07-11,Atlántico,Distribuidor,Cuidado,Shampoo sólido,S. Vargas,16,21300.0,0.1,306720.0,
2026-03-30,Antioquia,E-commerce,Café,Cápsulas x20,J. Peña,11,31800.0,0.05,332310.0,3.5
2026-05-17,Antioquia,E-commerce,Café,Cápsulas x20,S. Vargas,15,35300.0,0.0,529500.0,3.3
2026-01-21,Antioquia,Marketplace,Snacks,Mix de frutos secos,J. Peña,13,9900.0,0.0,128700.0,4.5
2026-06-29,Bogotá,E-commerce,Bebidas,Agua saborizada,J. Peña,22,10000.0,0.05,209000.0,3.6
2025-11-12,Atlántico,Tienda física,Cuidado,Jabón artesanal,M. Torres,1,23400.0,0.05,22230.0,3.2
2025-09-01,Antioquia,Tienda física,Bebidas,Jugo natural 1L,A. Rojas,23,7200.0,0.0,165600.0,4.4
2026-05-12,Atlántico,E-commerce,Bebidas,Té frío 500ml,L. Gómez,14,8200.0,0.1,103320.0,4.2
2025-11-23,Valle del Cauca,E-commerce,Bebidas,Té frío 500ml,A. Rojas,10,10600.0,0.05,100700.0,4.4
2025-09-06,Atlántico,Tienda física,Bebidas,Té frío 500ml,M. Torres,3,6700.0,0.0,20100.0,3.8
2026-07-05,Valle del Cauca,Distribuidor,Snacks,Mix de frutos secos,S. Vargas,4,8200.0,0.05,31160.0,3.9
2025-10-04,Atlántico,Distribuidor,Café,Café molido 500g,D. Mejía,14,28100.0,0.15,334390.0,3.9
2026-02-15,Eje Cafetero,Tienda física,Snacks,Mix de frutos secos,A. Rojas,16,8200.0,0.0,131200.0,4.0
2025-11-25,Bogotá,Marketplace,Snacks,Mix de frutos secos,L. Gómez,24,16200.0,0.0,388800.0,3.4
2026-02-14,Santander,Distribuidor,Café,Cápsulas x20,,10,31400.0,0.1,282600.0,5.0
2026-07-07,Bogotá,Marketplace,Bebidas,Té frío 500ml,M. Torres,16,8700.0,0.15,118320.0,4.2
2026-03-06,Antioquia,Marketplace,Snacks,Chips de plátano,C. Ramírez,4,8200.0,0.0,32800.0,3.8
2026-06-07,Eje Cafetero,Tienda física,Bebidas,Jugo natural 1L,M. Torres,13,6000.0,0.0,78000.0,4.7
2025-11-13,Atlántico,Tienda física,Bebidas,Agua saborizada,D. Mejía,14,9300.0,0.0,130200.0,3.6
2025-08-13,Atlántico,Distribuidor,Cuidado,Crema corporal,J. Peña,12,19400.0,0.0,232800.0,3.5
2025-09-29,Santander,Distribuidor,Cuidado,Jabón artesanal,A. Rojas,18,18700.0,0.0,336600.0,4.7
2025-09-06,Eje Cafetero,Distribuidor,Snacks,Barra de cereal,S. Vargas,15,10000.0,0.05,142500.0,3.2
2025-12-06,Bogotá,Tienda física,Cuidado,Crema corporal,J. Peña,24,32400.0,0.0,777600.0,
2026-06-10,Atlántico,Distribuidor,Snacks,Barra de cereal,M. Torres,5,8300.0,0.1,37350.0,4.3
2026-06-17,Valle del Cauca,E-commerce,Bebidas,Té frío 500ml,L. Gómez,7,7500.0,0.0,52500.0,3.9
2026-06-05,Atlántico,Marketplace,Bebidas,Agua saborizada,J. Peña,11,6100.0,0.0,67100.0,4.6
2025-10-25,Santander,Tienda física,Snacks,Mix de frutos secos,A. Rojas,15,9600.0,0.0,144000.0,4.3
2026-04-29,Bogotá,E-commerce,Bebidas,Jugo natural 1L,M. Torres,25,10200.0,0.05,242250.0,4.2
2026-07-23,Valle del Cauca,Distribuidor,Bebidas,Té frío 500ml,D. Mejía,12,7100.0,0.15,72420.0,3.7
2026-07-30,Atlántico,E-commerce,Cuidado,Jabón artesanal,S. Vargas,29,23800.0,0.15,586670.0,3.6
2025-11-08,Valle del Cauca,Tienda física,Snacks,Chips de plátano,L. Gómez,5,13100.0,0.0,65500.0,3.0
2025-11-09,Valle del Cauca,Distribuidor,Cuidado,Jabón artesanal,D. Mejía,28,23300.0,0.0,652400.0,3.9
2025-12-23,Atlántico,Distribuidor,Snacks,Chips de plátano,C. Ramírez,13,12100.0,0.0,157300.0,4.4
2026-02-08,Valle del Cauca,Distribuidor,Café,Café molido 500g,J. Peña,11,26300.0,0.0,289300.0,4.2
2026-05-18,Eje Cafetero,Distribuidor,Cuidado,Shampoo sólido,S. Vargas,14,18500.0,0.0,259000.0,4.6
2025-11-19,Atlántico,Marketplace,Cuidado,Shampoo sólido,L. Gómez,22,25900.0,0.05,541310.0,4.1
2025-10-12,Santander,E-commerce,Bebidas,Jugo natural 1L,A. Rojas,7,8100.0,0.1,51030.0,3.3
2026-05-27,Antioquia,Distribuidor,Cuidado,Jabón artesanal,D. Mejía,16,18100.0,0.0,289600.0,3.4
2026-05-23,Eje Cafetero,Tienda física,Café,Café molido 500g,C. Ramírez,7,25200.0,0.05,167580.0,4.6
2026-01-24,Atlántico,Marketplace,Snacks,Barra de cereal,L. Gómez,10,8600.0,0.1,77400.0,3.2
2025-10-23,Bogotá,Tienda física,Snacks,Chips de plátano,L. Gómez,12,10300.0,0.0,123600.0,3.6
2025-12-13,Eje Cafetero,Tienda física,Snacks,Chips de plátano,S. Vargas,21,11900.0,0.15,212415.0,3.1
2025-10-12,Valle del Cauca,Distribuidor,Cuidado,Crema corporal,J. Peña,17,17800.0,0.1,272340.0,3.7
2025-08-29,Valle del Cauca,Marketplace,Snacks,Barra de cereal,J. Peña,21,8200.0,0.0,172200.0,4.0
2025-10-26,Bogotá,Tienda física,Bebidas,Agua saborizada,D. Mejía,19,7500.0,0.0,142500.0,4.9
2026-07-14,Eje Cafetero,Tienda física,Snacks,Mix de frutos secos,L. Gómez,10,9900.0,0.0,99000.0,2.9
2025-12-03,Eje Cafetero,E-commerce,Cuidado,Shampoo sólido,J. Peña,8,27900.0,0.15,189720.0,3.1
2026-03-29,Bogotá,Marketplace,Café,Café molido 500g,A. Rojas,8,36700.0,0.05,278920.0,4.5
2026-05-05,Eje Cafetero,Distribuidor,Snacks,Chips de plátano,J. Peña,16,8800.0,0.0,140800.0,4.9
2025-11-06,Antioquia,Tienda física,Bebidas,Té frío 500ml,L. Gómez,7,9300.0,0.0,65100.0,4.9
2026-02-12,Antioquia,Marketplace,Café,Café molido 500g,M. Torres,28,31900.0,0.0,893200.0,3.7
2026-05-11,Eje Cafetero,E-commerce,Bebidas,Té frío 500ml,A. Rojas,15,6600.0,0.05,94050.0,4.9
2026-07-20,Atlántico,Tienda física,Cuidado,Shampoo sólido,D. Mejía,6,20300.0,0.0,121800.0,3.6
2025-09-07,Atlántico,Marketplace,Café,Café molido 500g,C. Ramírez,5,29400.0,0.0,147000.0,4.7
2026-03-25,Eje Cafetero,Marketplace,Bebidas,Agua saborizada,M. Torres,19,6700.0,0.1,114570.0,4.5
2025-12-02,Bogotá,Distribuidor,Café,Café molido 500g,S. Vargas,13,44900.0,0.0,583700.0,3.3
2026-02-22,Antioquia,Marketplace,Café,Café en grano 1kg,M. Torres,1,29100.0,0.15,24735.0,3.6
2025-09-12,Santander,Distribuidor,Café,Café molido 500g,S. Vargas,15,29400.0,0.0,441000.0,3.5
2025-12-08,Valle del Cauca,Distribuidor,Café,Cápsulas x20,J. Peña,24,39400.0,0.15,803760.0,3.5
2026-07-29,Atlántico,Tienda física,Bebidas,Jugo natural 1L,J. Peña,9,7000.0,0.05,59850.0,4.0
2026-03-14,Valle del Cauca,Tienda física,Bebidas,Té frío 500ml,S. Vargas,17,5900.0,0.0,100300.0,4.0
2026-06-22,Atlántico,Tienda física,Snacks,Barra de cereal,S. Vargas,8,8500.0,0.1,61200.0,4.3
2025-08-20,Atlántico,E-commerce,Bebidas,Agua saborizada,J. Peña,17,6800.0,0.15,98260.0,3.7
2026-05-31,Santander,Distribuidor,Cuidado,Jabón artesanal,M. Torres,30,19100.0,0.0,573000.0,4.7
2026-01-04,Atlántico,Tienda física,Bebidas,Jugo natural 1L,J. Peña,24,6500.0,0.15,132600.0,3.4
2025-09-21,Atlántico,Marketplace,Café,Café en grano 1kg,D. Mejía,11,26100.0,0.1,258390.0,3.2
2026-06-07,Santander,Marketplace,Snacks,Chips de plátano,L. Gómez,8,8900.0,0.0,71200.0,3.5
2025-08-12,Valle del Cauca,Marketplace,Cuidado,Jabón artesanal,L. Gómez,21,21700.0,0.0,455700.0,4.1
2025-08-17,Eje Cafetero,Distribuidor,Café,Café molido 500g,L. Gómez,9,25400.0,0.0,228600.0,3.8
2025-10-26,Bogotá,E-commerce,Snacks,Chips de plátano,A. Rojas,10,11600.0,0.05,110200.0,3.5
2025-10-09,Santander,Distribuidor,Bebidas,Agua saborizada,J. Peña,3,7400.0,0.15,18870.0,3.5
2026-05-03,Santander,Tienda física,Snacks,Mix de frutos secos,J. Peña,22,8500.0,0.0,187000.0,3.3
2026-04-17,Valle del Cauca,E-commerce,Bebidas,Té frío 500ml,J. Peña,15,8000.0,0.0,120000.0,4.9
2025-09-02,Antioquia,E-commerce,Bebidas,Agua saborizada,A. Rojas,11,6700.0,0.1,66330.0,3.1
2025-10-04,Santander,Marketplace,Snacks,Barra de cereal,S. Vargas,14,9900.0,0.05,131670.0,4.4
2026-02-23,Bogotá,E-commerce,Café,Cápsulas x20,L. Gómez,17,37600.0,0.0,639200.0,
2025-09-19,Santander,Marketplace,Café,Café molido 500g,D. Mejía,19,30200.0,0.15,487730.0,3.1
2025-10-25,Bogotá,Marketplace,Snacks,Mix de frutos secos,C. Ramírez,1,12500.0,0.0,12500.0,3.8
2025-10-14,Santander,Distribuidor,Cuidado,Shampoo sólido,L. Gómez,20,19000.0,0.05,361000.0,4.2
2026-07-30,Santander,E-commerce,Snacks,Barra de cereal,M. Torres,17,10000.0,0.05,161500.0,3.0
2026-06-21,Santander,E-commerce,Cuidado,Jabón artesanal,M. Torres,6,22400.0,0.0,134400.0,4.4
2025-12-23,Santander,Tienda física,Bebidas,Jugo natural 1L,A. Rojas,14,9800.0,0.1,123480.0,3.0
2026-02-28,Santander,Tienda física,Café,Café molido 500g,C. Ramírez,15,25600.0,0.05,364800.0,4.9
2026-03-09,Valle del Cauca,Marketplace,Café,Café en grano 1kg,D. Mejía,19,27400.0,0.0,520600.0,3.6
2026-07-16,Bogotá,Distribuidor,Bebidas,Té frío 500ml,A. Rojas,13,7900.0,0.15,87295.0,3.8
2026-03-05,Santander,Tienda física,Cuidado,Jabón artesanal,M. Torres,23,18100.0,0.0,416300.0,3.5
2025-10-20,Santander,Marketplace,Café,Café molido 500g,D. Mejía,18,31800.0,0.0,572400.0,3.2
2026-02-19,Eje Cafetero,E-commerce,Cuidado,Crema corporal,M. Torres,12,20900.0,0.1,225720.0,3.6
2026-02-24,Eje Cafetero,Tienda física,Cuidado,Jabón artesanal,J. Peña,14,20800.0,0.0,291200.0,3.2
2026-02-17,Atlántico,Distribuidor,Snacks,Barra de cereal,A. Rojas,7,9800.0,0.15,58310.0,5.0
2025-12-23,Eje Cafetero,Tienda física,Snacks,Barra de cereal,C. Ramírez,15,12600.0,0.0,189000.0,4.9
2026-03-05,Antioquia,Marketplace,Cuidado,Jabón artesanal,S. Vargas,19,19300.0,0.15,311695.0,4.0
2026-01-22,Santander,Marketplace,Snacks,Barra de cereal,M. Torres,17,8300.0,0.0,141100.0,3.9
2025-11-22,Eje Cafetero,E-commerce,Bebidas,Jugo natural 1L,M. Torres,21,10900.0,0.0,228900.0,4.9
2025-09-05,Valle del Cauca,Distribuidor,Café,Café en grano 1kg,S. Vargas,17,31900.0,0.0,542300.0,4.1
2026-07-17,Santander,E-commerce,Cuidado,Jabón artesanal,J. Peña,10,22300.0,0.0,223000.0,5.0
2026-06-17,Antioquia,E-commerce,Bebidas,Jugo natural 1L,J. Peña,5,6600.0,0.15,28050.0,3.7
2026-04-04,Eje Cafetero,Tienda física,Café,Café molido 500g,J. Peña,26,30700.0,0.0,798200.0,3.3
2025-10-07,Valle del Cauca,E-commerce,Café,Cápsulas x20,M. Torres,15,34000.0,0.0,510000.0,4.8
2026-03-19,Valle del Cauca,Tienda física,Cuidado,Shampoo sólido,C. Ramírez,11,20500.0,0.0,225500.0,3.9
2025-11-11,Atlántico,Marketplace,Café,Café en grano 1kg,L. Gómez,7,35900.0,0.0,251300.0,3.6
2026-01-21,Antioquia,Distribuidor,Snacks,Barra de cereal,S. Vargas,8,9100.0,0.15,61880.0,4.8
2026-02-28,Santander,Tienda física,Café,Café molido 500g,D. Mejía,8,31300.0,0.0,250400.0,3.0
2026-07-03,Bogotá,E-commerce,Cuidado,Crema corporal,J. Peña,15,27800.0,0.0,417000.0,3.3
2026-03-06,Antioquia,Distribuidor,Café,Cápsulas x20,C. Ramírez,22,25400.0,0.0,558800.0,3.1
2026-05-08,Atlántico,Marketplace,Bebidas,Jugo natural 1L,J. Peña,19,7400.0,0.15,119510.0,4.4
2025-12-05,Atlántico,Marketplace,Cuidado,Crema corporal,M. Torres,16,25100.0,0.05,381520.0,5.0
2026-03-11,Bogotá,E-commerce,Snacks,Barra de cereal,D. Mejía,5,11400.0,0.0,57000.0,4.9
2025-11-07,Atlántico,E-commerce,Snacks,Chips de plátano,A. Rojas,11,12400.0,0.1,122760.0,3.8
2026-01-09,Eje Cafetero,Marketplace,Snacks,Mix de frutos secos,L. Gómez,1,10000.0,0.0,10000.0,
2026-03-10,Santander,E-commerce,Cuidado,Crema corporal,S. Vargas,7,21500.0,0.1,135450.0,3.6
2025-09-25,Antioquia,E-commerce,Bebidas,Jugo natural 1L,J. Peña,26,7300.0,0.0,189800.0,4.1
2025-08-30,Valle del Cauca,Distribuidor,Cuidado,Crema corporal,L. Gómez,7,17500.0,0.0,122500.0,3.9
2026-06-14,Antioquia,E-commerce,Bebidas,Té frío 500ml,L. Gómez,21,8200.0,0.0,172200.0,4.7
2025-11-01,Antioquia,E-commerce,Cuidado,Crema corporal,A. Rojas,1,25900.0,0.05,24605.0,5.0
2025-11-15,Bogotá,Distribuidor,Cuidado,Crema corporal,L. Gómez,12,31700.0,0.0,380400.0,3.2
2025-10-11,Antioquia,Distribuidor,Bebidas,Jugo natural 1L,C. Ramírez,13,6100.0,0.15,67405.0,4.6
2025-09-01,Valle del Cauca,Distribuidor,Snacks,Barra de cereal,A. Rojas,22,10000.0,0.15,187000.0,4.1
2026-01-09,Valle del Cauca,Marketplace,Bebidas,Jugo natural 1L,L. Gómez,15,6800.0,0.0,102000.0,4.4
2026-07-17,Atlántico,Tienda física,Cuidado,Crema corporal,C. Ramírez,16,19500.0,0.0,312000.0,3.9
2025-11-06,Atlántico,Tienda física,Snacks,Mix de frutos secos,C. Ramírez,22,11800.0,0.0,259600.0,3.8
2026-01-30,Eje Cafetero,E-commerce,Café,Café en grano 1kg,S. Vargas,12,32900.0,0.0,394800.0,4.6
2026-04-08,Bogotá,E-commerce,Café,Café en grano 1kg,M. Torres,17,44000.0,0.0,748000.0,4.5
2025-08-25,Valle del Cauca,Marketplace,Snacks,Barra de cereal,A. Rojas,11,8600.0,0.0,94600.0,4.5
2025-12-15,Valle del Cauca,Tienda física,Snacks,Chips de plátano,L. Gómez,13,12100.0,0.05,149435.0,3.7
2026-02-09,Valle del Cauca,Distribuidor,Snacks,Chips de plátano,J. Peña,16,10300.0,0.0,164800.0,4.1
2025-12-18,Atlántico,Marketplace,Cuidado,Crema corporal,D. Mejía,1,27200.0,0.0,27200.0,4.9
2026-04-18,Bogotá,Tienda física,Bebidas,Agua saborizada,J. Peña,15,7900.0,0.15,100725.0,3.6
2026-04-25,Bogotá,Marketplace,Bebidas,Jugo natural 1L,C. Ramírez,12,7600.0,0.05,86640.0,2.8
2026-03-23,Valle del Cauca,Distribuidor,Cuidado,Crema corporal,A. Rojas,13,19900.0,0.15,219895.0,3.7
2026-02-25,Atlántico,Marketplace,Cuidado,Shampoo sólido,C. Ramírez,20,17200.0,0.0,344000.0,4.0
2025-08-07,Santander,Distribuidor,Snacks,Chips de plátano,J. Peña,27,10000.0,0.05,256500.0,4.5
2026-06-27,Atlántico,Marketplace,Café,Cápsulas x20,J. Peña,15,26100.0,0.1,352350.0,4.6
2025-08-23,Antioquia,Marketplace,Café,Cápsulas x20,J. Peña,3,31400.0,0.05,89490.0,4.6
2025-12-27,Santander,Distribuidor,Café,Café molido 500g,A. Rojas,17,38100.0,0.0,647700.0,3.4
2025-10-30,Santander,Tienda física,Café,Cápsulas x20,M. Torres,19,29200.0,0.05,527060.0,3.9
2026-07-23,Valle del Cauca,Marketplace,Café,Café en grano 1kg,S. Vargas,20,30500.0,0.15,518500.0,4.0
2025-09-24,Eje Cafetero,Tienda física,Café,Cápsulas x20,C. Ramírez,5,26500.0,0.0,132500.0,
2026-05-16,Valle del Cauca,Distribuidor,Snacks,Chips de plátano,,3,10100.0,0.0,30300.0,4.7
2025-11-17,Valle del Cauca,Distribuidor,Cuidado,Crema corporal,A. Rojas,11,26500.0,0.05,276925.0,5.0
2026-02-28,Antioquia,Distribuidor,Cuidado,Shampoo sólido,C. Ramírez,21,19700.0,0.0,413700.0,3.2
2026-02-27,Eje Cafetero,E-commerce,Cuidado,Jabón artesanal,D. Mejía,6,19300.0,0.0,115800.0,3.4
2026-03-11,Valle del Cauca,E-commerce,Snacks,Chips de plátano,S. Vargas,20,9100.0,0.0,182000.0,3.6
2026-05-01,Atlántico,E-commerce,Bebidas,Agua saborizada,M. Torres,14,7800.0,0.0,109200.0,3.4
2025-12-26,Valle del Cauca,Marketplace,Bebidas,Té frío 500ml,S. Vargas,8,8700.0,0.0,69600.0,3.5
2025-11-20,Valle del Cauca,Tienda física,Cuidado,Jabón artesanal,S. Vargas,4,28600.0,0.0,114400.0,3.8
2026-08-05,Atlántico,Distribuidor,Café,Café molido 500g,C. Ramírez,12,29000.0,0.05,330600.0,3.9
2026-07-07,Valle del Cauca,Tienda física,Café,Cápsulas x20,M. Torres,13,27200.0,0.0,353600.0,3.2
2025-11-23,Bogotá,E-commerce,Snacks,Barra de cereal,A. Rojas,12,17700.0,0.0,212400.0,4.0
2025-10-12,Valle del Cauca,E-commerce,Cuidado,Shampoo sólido,S. Vargas,20,22100.0,0.0,442000.0,4.4
2026-01-13,Atlántico,Marketplace,Cuidado,Jabón artesanal,M. Torres,17,19600.0,0.05,316540.0,3.0
2026-02-21,Antioquia,E-commerce,Café,Café molido 500g,D. Mejía,1,30700.0,0.15,26095.0,4.2
2025-10-20,Santander,E-commerce,Snacks,Barra de cereal,C. Ramírez,25,11100.0,0.0,277500.0,4.9
2025-08-23,Atlántico,Tienda física,Snacks,Chips de plátano,D. Mejía,10,8800.0,0.1,79200.0,3.8
2025-11-29,Santander,Marketplace,Cuidado,Shampoo sólido,J. Peña,19,28200.0,0.0,535800.0,4.1
2025-12-02,Valle del Cauca,Tienda física,Bebidas,Jugo natural 1L,M. Torres,25,9100.0,0.1,204750.0,4.2
2025-10-29,Valle del Cauca,Tienda física,Snacks,Chips de plátano,D. Mejía,11,9500.0,0.1,94050.0,3.1
2025-11-25,Valle del Cauca,E-commerce,Bebidas,Agua saborizada,A. Rojas,30,10500.0,0.0,315000.0,3.3
2025-11-24,Bogotá,Tienda física,Café,Café molido 500g,A. Rojas,1,44300.0,0.15,37655.0,4.5
2025-08-29,Antioquia,E-commerce,Bebidas,Té frío 500ml,D. Mejía,11,7000.0,0.0,77000.0,3.6
2026-06-05,Valle del Cauca,Tienda física,Bebidas,Jugo natural 1L,J. Peña,18,7400.0,0.15,113220.0,4.0
2026-01-26,Santander,Tienda física,Cuidado,Shampoo sólido,D. Mejía,7,18600.0,0.05,123690.0,4.4
2025-08-15,Atlántico,Marketplace,Café,Café molido 500g,S. Vargas,13,31700.0,0.05,391495.0,4.6
2025-09-06,Atlántico,E-commerce,Café,Café molido 500g,L. Gómez,18,28100.0,0.1,455220.0,3.0
2025-12-09,Bogotá,Distribuidor,Café,Café en grano 1kg,S. Vargas,18,50000.0,0.0,900000.0,3.3
2025-11-10,Valle del Cauca,E-commerce,Cuidado,Crema corporal,C. Ramírez,16,27000.0,0.05,410400.0,2.8
2025-11-29,Antioquia,Distribuidor,Cuidado,Crema corporal,D. Mejía,12,26800.0,0.1,289440.0,4.7
2025-08-24,Santander,E-commerce,Snacks,Chips de plátano,D. Mejía,5,9600.0,0.0,48000.0,4.4
2025-11-24,Eje Cafetero,Tienda física,Snacks,Barra de cereal,L. Gómez,13,11700.0,0.1,136890.0,2.9
2026-06-21,Bogotá,E-commerce,Snacks,Barra de cereal,A. Rojas,12,14200.0,0.05,161880.0,3.9
2025-08-17,Valle del Cauca,Tienda física,Bebidas,Jugo natural 1L,J. Peña,9,6900.0,0.05,58995.0,4.4
2025-11-20,Eje Cafetero,E-commerce,Café,Café molido 500g,M. Torres,16,44600.0,0.0,713600.0,3.5
2025-11-17,Atlántico,Distribuidor,Snacks,Barra de cereal,S. Vargas,13,11300.0,0.05,139555.0,3.3
2025-12-22,Eje Cafetero,Marketplace,Café,Cápsulas x20,C. Ramírez,8,39400.0,0.15,267920.0,3.1
2025-10-25,Eje Cafetero,Distribuidor,Cuidado,Jabón artesanal,S. Vargas,24,18200.0,0.15,371280.0,3.3
2026-02-12,Eje Cafetero,Distribuidor,Bebidas,Té frío 500ml,L. Gómez,22,6900.0,0.0,151800.0,3.8
2025-10-02,Eje Cafetero,Marketplace,Café,Café molido 500g,D. Mejía,8,30000.0,0.0,240000.0,3.4
2025-11-17,Bogotá,Tienda física,Snacks,Chips de plátano,J. Peña,18,16600.0,0.0,298800.0,4.3
2026-02-14,Eje Cafetero,Distribuidor,Cuidado,Shampoo sólido,M. Torres,23,18000.0,0.0,414000.0,2.9
2026-06-17,Santander,Tienda física,Café,Café molido 500g,L. Gómez,25,26200.0,0.0,655000.0,3.5
2026-02-23,Atlántico,E-commerce,Cuidado,Crema corporal,L. Gómez,8,23000.0,0.0,184000.0,4.0
2025-12-23,Antioquia,Tienda física,Bebidas,Té frío 500ml,J. Peña,17,8800.0,0.0,149600.0,
2026-01-11,Eje Cafetero,Distribuidor,Bebidas,Agua saborizada,S. Vargas,1,6600.0,0.15,5610.0,3.2
2026-02-12,Eje Cafetero,Tienda física,Snacks,Barra de cereal,J. Peña,24,9900.0,0.05,225720.0,4.2
2026-01-28,Atlántico,Tienda física,Snacks,Mix de frutos secos,S. Vargas,17,8800.0,0.0,149600.0,5.0
2025-09-13,Bogotá,E-commerce,Bebidas,Té frío 500ml,C. Ramírez,19,8900.0,0.05,160645.0,4.1
2025-11-10,Bogotá,Marketplace,Snacks,Chips de plátano,M. Torres,15,16700.0,0.05,237975.0,3.1
2025-12-01,Antioquia,Tienda física,Cuidado,Shampoo sólido,M. Torres,22,28200.0,0.0,620400.0,4.2
2026-05-05,Atlántico,Tienda física,Bebidas,Jugo natural 1L,J. Peña,16,6900.0,0.05,104880.0,4.4
2026-03-20,Antioquia,Marketplace,Cuidado,Jabón artesanal,D. Mejía,16,19800.0,0.0,316800.0,3.5
2025-10-21,Bogotá,Distribuidor,Snacks,Barra de cereal,D. Mejía,19,11700.0,0.0,222300.0,3.0
2026-03-18,Antioquia,Tienda física,Bebidas,Jugo natural 1L,L. Gómez,13,6900.0,0.0,89700.0,3.2
2026-06-18,Eje Cafetero,Tienda física,Snacks,Barra de cereal,L. Gómez,11,8900.0,0.0,97900.0,4.7
2026-07-09,Valle del Cauca,E-commerce,Café,Café en grano 1kg,S. Vargas,12,31600.0,0.0,379200.0,3.1
2025-11-28,Valle del Cauca,Tienda física,Cuidado,Jabón artesanal,A. Rojas,2,29400.0,0.15,49980.0,4.6
2025-10-02,Atlántico,Marketplace,Snacks,Barra de cereal,C. Ramírez,13,8400.0,0.0,109200.0,3.7
2025-10-14,Bogotá,E-commerce,Café,Café molido 500g,J. Peña,17,38000.0,0.0,646000.0,3.7
2025-09-03,Atlántico,Marketplace,Snacks,Chips de plátano,,12,10000.0,0.1,108000.0,3.7
2026-05-18,Valle del Cauca,Distribuidor,Café,Cápsulas x20,A. Rojas,16,27400.0,0.0,438400.0,3.0
2025-12-19,Antioquia,Distribuidor,Cuidado,Crema corporal,A. Rojas,17,27600.0,0.1,422280.0,3.7
2026-03-09,Atlántico,E-commerce,Bebidas,Agua saborizada,D. Mejía,12,6700.0,0.0,80400.0,3.9
2025-08-15,Antioquia,E-commerce,Snacks,Barra de cereal,,9,9600.0,0.15,73440.0,4.5
2026-04-25,Valle del Cauca,Marketplace,Bebidas,Té frío 500ml,D. Mejía,18,6400.0,0.0,115200.0,3.5
2025-08-14,Santander,Marketplace,Café,Cápsulas x20,A. Rojas,16,31900.0,0.15,433840.0,4.3
2025-11-28,Atlántico,Marketplace,Snacks,Mix de frutos secos,D. Mejía,14,12300.0,0.0,172200.0,2.9
2026-06-07,Santander,Marketplace,Snacks,Chips de plátano,D. Mejía,9,9300.0,0.05,79515.0,4.9
2025-08-10,Bogotá,Marketplace,Snacks,Mix de frutos secos,A. Rojas,18,12800.0,0.0,230400.0,3.4
2026-06-10,Bogotá,E-commerce,Bebidas,Jugo natural 1L,L. Gómez,13,9600.0,0.0,124800.0,3.1
2026-03-27,Antioquia,Distribuidor,Cuidado,Crema corporal,M. Torres,29,20900.0,0.0,606100.0,4.4
2025-09-13,Antioquia,E-commerce,Bebidas,Jugo natural 1L,C. Ramírez,23,7100.0,0.05,155135.0,4.7
2026-08-02,Atlántico,E-commerce,Snacks,Mix de frutos secos,S. Vargas,2,9800.0,0.0,19600.0,4.6
2026-06-14,Antioquia,Marketplace,Café,Café en grano 1kg,J. Peña,16,32100.0,0.1,462240.0,4.9
2025-11-10,Antioquia,Distribuidor,Cuidado,Crema corporal,S. Vargas,29,25400.0,0.0,736600.0,3.5
2025-12-03,Valle del Cauca,Distribuidor,Café,Cápsulas x20,J. Peña,21,42700.0,0.0,896700.0,4.4
2025-09-22,Eje Cafetero,Marketplace,Snacks,Mix de frutos secos,M. Torres,1,8800.0,0.0,8800.0,3.8
2026-07-28,Eje Cafetero,Tienda física,Cuidado,Crema corporal,L. Gómez,15,18600.0,0.05,265050.0,4.3
2026-05-23,Valle del Cauca,E-commerce,Cuidado,Shampoo sólido,J. Peña,19,19600.0,0.0,372400.0,
2026-02-24,Valle del Cauca,Tienda física,Bebidas,Agua saborizada,M. Torres,8,6700.0,0.15,45560.0,4.3
2025-11-28,Eje Cafetero,Marketplace,Cuidado,Shampoo sólido,M. Torres,17,26500.0,0.15,382925.0,3.6
2026-01-14,Eje Cafetero,E-commerce,Snacks,Chips de plátano,A. Rojas,3,10800.0,0.1,29160.0,4.3
2026-05-10,Valle del Cauca,Distribuidor,Cuidado,Shampoo sólido,D. Mejía,9,20200.0,0.1,163620.0,3.8
2026-05-14,Santander,Tienda física,Bebidas,Agua saborizada,C. Ramírez,6,6200.0,0.1,33480.0,4.7
2026-04-09,Atlántico,Distribuidor,Cuidado,Crema corporal,J. Peña,16,17300.0,0.1,249120.0,3.8
2026-04-28,Eje Cafetero,Distribuidor,Cuidado,Crema corporal,C. Ramírez,15,20200.0,0.0,303000.0,3.9
2025-12-27,Bogotá,Distribuidor,Snacks,Chips de plátano,M. Torres,14,15600.0,0.15,185640.0,3.4
2026-01-31,Atlántico,Tienda física,Bebidas,Agua saborizada,M. Torres,11,6900.0,0.0,75900.0,4.1
2025-11-04,Antioquia,Marketplace,Cuidado,Crema corporal,M. Torres,13,27400.0,0.0,356200.0,3.9
2026-06-28,Valle del Cauca,Distribuidor,Bebidas,Jugo natural 1L,A. Rojas,15,6700.0,0.15,85425.0,4.0
2026-01-19,Eje Cafetero,Marketplace,Bebidas,Té frío 500ml,C. Ramírez,3,6300.0,0.15,16065.0,4.9
2025-11-09,Valle del Cauca,E-commerce,Snacks,Chips de plátano,J. Peña,20,14900.0,0.15,253300.0,4.0
2026-05-29,Antioquia,Marketplace,Bebidas,Jugo natural 1L,D. Mejía,24,6600.0,0.15,134640.0,3.8
2026-05-06,Antioquia,Distribuidor,Cuidado,Shampoo sólido,L. Gómez,12,18500.0,0.0,222000.0,3.9
2026-06-10,Valle del Cauca,E-commerce,Café,Café en grano 1kg,C. Ramírez,21,31200.0,0.15,556920.0,4.4
2026-01-11,Eje Cafetero,E-commerce,Café,Café en grano 1kg,D. Mejía,22,28700.0,0.0,631400.0,3.5
2025-12-21,Eje Cafetero,Distribuidor,Snacks,Barra de cereal,C. Ramírez,21,13600.0,0.0,285600.0,3.6
2026-07-18,Eje Cafetero,Marketplace,Cuidado,Shampoo sólido,L. Gómez,8,20400.0,0.0,163200.0,2.8
2026-01-23,Bogotá,E-commerce,Cuidado,Crema corporal,D. Mejía,17,26900.0,0.0,457300.0,4.5
2026-05-09,Bogotá,Tienda física,Snacks,Mix de frutos secos,M. Torres,5,12200.0,0.0,61000.0,4.6
2026-07-09,Atlántico,Marketplace,Café,Café molido 500g,M. Torres,6,30200.0,0.0,181200.0,3.4
2026-04-16,Bogotá,Distribuidor,Snacks,Barra de cereal,D. Mejía,16,11600.0,0.05,176320.0,3.0
2026-06-28,Santander,Distribuidor,Bebidas,Jugo natural 1L,D. Mejía,17,6500.0,0.1,99450.0,
2026-02-27,Bogotá,Tienda física,Café,Cápsulas x20,J. Peña,12,35900.0,0.05,409260.0,4.5
2026-04-19,Santander,E-commerce,Café,Café en grano 1kg,C. Ramírez,11,33300.0,0.0,366300.0,5.0
2026-06-04,Eje Cafetero,Tienda física,Café,Cápsulas x20,S. Vargas,1,27000.0,0.0,27000.0,4.1
2026-01-20,Valle del Cauca,E-commerce,Café,Café molido 500g,J. Peña,13,33700.0,0.05,416195.0,4.4
2026-01-29,Antioquia,E-commerce,Café,Café en grano 1kg,D. Mejía,11,30700.0,0.0,337700.0,2.9
2026-05-16,Atlántico,Tienda física,Cuidado,Shampoo sólido,C. Ramírez,14,18300.0,0.0,256200.0,4.3
2025-10-24,Bogotá,E-commerce,Cuidado,Jabón artesanal,M. Torres,8,29700.0,0.05,225720.0,3.4
2026-01-30,Antioquia,Distribuidor,Bebidas,Agua saborizada,A. Rojas,14,6700.0,0.15,79730.0,3.4
2025-10-14,Atlántico,Tienda física,Bebidas,Agua saborizada,S. Vargas,12,6900.0,0.15,70380.0,3.5
2025-12-16,Atlántico,E-commerce,Snacks,Mix de frutos secos,A. Rojas,17,13200.0,0.1,201960.0,4.7
2026-07-09,Eje Cafetero,Distribuidor,Bebidas,Agua saborizada,M. Torres,16,6900.0,0.05,104880.0,3.2
2025-12-07,Santander,Tienda física,Café,Cápsulas x20,M. Torres,16,34900.0,0.15,474640.0,4.5
2026-02-19,Antioquia,E-commerce,Cuidado,Crema corporal,L. Gómez,27,22400.0,0.0,604800.0,2.9
2026-07-19,Santander,Distribuidor,Cuidado,Jabón artesanal,C. Ramírez,12,20200.0,0.0,242400.0,4.6
2026-01-11,Antioquia,Distribuidor,Bebidas,Jugo natural 1L,A. Rojas,21,6000.0,0.0,126000.0,4.3
2025-11-29,Valle del Cauca,Distribuidor,Café,Cápsulas x20,,29,36500.0,0.1,952650.0,3.0
2026-05-03,Antioquia,Marketplace,Cuidado,Jabón artesanal,D. Mejía,7,20100.0,0.0,140700.0,3.3
2025-10-11,Atlántico,Marketplace,Cuidado,Shampoo sólido,C. Ramírez,16,20900.0,0.15,284240.0,3.4
2026-01-13,Bogotá,Tienda física,Cuidado,Jabón artesanal,M. Torres,10,25300.0,0.0,253000.0,3.5
2025-11-26,Atlántico,Marketplace,Bebidas,Té frío 500ml,J. Peña,15,8700.0,0.05,123975.0,4.6
2026-04-04,Eje Cafetero,Distribuidor,Snacks,Chips de plátano,,36,9800.0,0.0,352800.0,3.7
2025-11-05,Santander,E-commerce,Bebidas,Agua saborizada,M. Torres,14,9200.0,0.15,109480.0,4.1
2025-10-23,Santander,Tienda física,Café,Café molido 500g,S. Vargas,19,29700.0,0.0,564300.0,4.7
2026-04-09,Eje Cafetero,E-commerce,Bebidas,Agua saborizada,C. Ramírez,10,7200.0,0.0,72000.0,4.9
2026-05-18,Bogotá,Distribuidor,Café,Café en grano 1kg,M. Torres,15,36000.0,0.1,486000.0,
2026-05-23,Valle del Cauca,Marketplace,Bebidas,Jugo natural 1L,S. Vargas,24,6100.0,0.15,124440.0,4.6
2025-12-01,Santander,E-commerce,Cuidado,Crema corporal,D. Mejía,22,27100.0,0.0,596200.0,3.4
2026-04-25,Atlántico,Tienda física,Café,Café molido 500g,S. Vargas,15,28500.0,0.0,427500.0,4.1
2026-03-21,Atlántico,Marketplace,Bebidas,Té frío 500ml,J. Peña,19,6500.0,0.0,123500.0,3.0
2026-03-20,Santander,E-commerce,Café,Cápsulas x20,L. Gómez,15,34200.0,0.0,513000.0,3.9
2026-07-31,Valle del Cauca,Marketplace,Cuidado,Crema corporal,A. Rojas,10,20600.0,0.0,206000.0,4.4
2025-11-08,Eje Cafetero,Marketplace,Bebidas,Agua saborizada,S. Vargas,14,9700.0,0.1,122220.0,4.8
2026-02-18,Bogotá,E-commerce,Bebidas,Jugo natural 1L,S. Vargas,2,9800.0,0.15,16660.0,3.5
2025-12-25,Eje Cafetero,E-commerce,Cuidado,Crema corporal,L. Gómez,25,28700.0,0.0,717500.0,3.1
2026-04-18,Antioquia,Tienda física,Snacks,Mix de frutos secos,A. Rojas,16,10100.0,0.0,161600.0,4.6
2026-04-03,Bogotá,E-commerce,Café,Café molido 500g,L. Gómez,14,34700.0,0.1,437220.0,4.5
2026-06-01,Atlántico,Distribuidor,Snacks,Chips de plátano,S. Vargas,21,10200.0,0.0,214200.0,3.7
2026-01-11,Antioquia,Marketplace,Bebidas,Agua saborizada,S. Vargas,14,5900.0,0.05,78470.0,4.1
2026-03-02,Santander,Marketplace,Bebidas,Agua saborizada,A. Rojas,13,6900.0,0.0,89700.0,4.1
2025-12-01,Antioquia,Tienda física,Bebidas,Agua saborizada,A. Rojas,14,8600.0,0.0,120400.0,4.5
2026-06-12,Eje Cafetero,E-commerce,Cuidado,Jabón artesanal,C. Ramírez,13,22900.0,0.0,297700.0,
2026-05-22,Santander,E-commerce,Snacks,Mix de frutos secos,A. Rojas,11,10200.0,0.05,106590.0,3.0
2025-10-23,Antioquia,Marketplace,Bebidas,Jugo natural 1L,M. Torres,24,6500.0,0.15,132600.0,3.0
2026-06-03,Eje Cafetero,E-commerce,Bebidas,Té frío 500ml,J. Peña,15,6500.0,0.0,97500.0,2.9
2026-04-25,Bogotá,Tienda física,Bebidas,Té frío 500ml,M. Torres,3,8000.0,0.0,24000.0,3.0
2026-04-20,Antioquia,E-commerce,Cuidado,Jabón artesanal,S. Vargas,20,19500.0,0.1,351000.0,2.9
2026-02-21,Santander,Tienda física,Bebidas,Agua saborizada,M. Torres,7,7000.0,0.15,41650.0,2.9
2026-04-18,Atlántico,Tienda física,Bebidas,Agua saborizada,M. Torres,11,6900.0,0.05,72105.0,4.9
2026-01-07,Eje Cafetero,Distribuidor,Cuidado,Shampoo sólido,M. Torres,14,18000.0,0.0,252000.0,3.4
2026-02-17,Bogotá,E-commerce,Bebidas,Té frío 500ml,A. Rojas,13,8400.0,0.0,109200.0,4.3
2026-06-03,Atlántico,E-commerce,Snacks,Barra de cereal,D. Mejía,12,10800.0,0.0,129600.0,4.8
2025-08-10,Bogotá,Tienda física,Cuidado,Crema corporal,M. Torres,14,25100.0,0.15,298690.0,4.6
2026-04-12,Antioquia,Marketplace,Café,Café molido 500g,A. Rojas,1,28800.0,0.0,28800.0,3.9
2026-04-20,Atlántico,Tienda física,Café,Café molido 500g,L. Gómez,9,31100.0,0.0,279900.0,3.5
2025-10-06,Atlántico,E-commerce,Cuidado,Shampoo sólido,M. Torres,21,20800.0,0.15,371280.0,3.3
2026-06-10,Atlántico,Distribuidor,Bebidas,Agua saborizada,C. Ramírez,16,6400.0,0.0,102400.0,2.9
2026-04-05,Eje Cafetero,E-commerce,Snacks,Mix de frutos secos,J. Peña,16,10400.0,0.0,166400.0,3.7
2026-07-31,Santander,Tienda física,Café,Café en grano 1kg,S. Vargas,18,30000.0,0.15,459000.0,4.6
2026-02-13,Eje Cafetero,Marketplace,Cuidado,Jabón artesanal,D. Mejía,5,19300.0,0.05,91675.0,3.8
2026-06-14,Eje Cafetero,Tienda física,Bebidas,Jugo natural 1L,A. Rojas,10,6500.0,0.0,65000.0,4.4
2025-08-10,Bogotá,E-commerce,Bebidas,Agua saborizada,L. Gómez,5,9600.0,0.1,43200.0,4.7
2026-01-19,Valle del Cauca,E-commerce,Bebidas,Té frío 500ml,S. Vargas,8,7900.0,0.15,53720.0,4.6
2026-02-26,Santander,Distribuidor,Café,Café molido 500g,A. Rojas,12,26400.0,0.1,285120.0,3.1
2026-05-19,Atlántico,Marketplace,Bebidas,Té frío 500ml,M. Torres,12,7100.0,0.1,76680.0,3.9
2026-02-11,Eje Cafetero,Tienda física,Bebidas,Agua saborizada,M. Torres,13,6700.0,0.05,82745.0,4.6
2026-01-12,Valle del Cauca,Marketplace,Bebidas,Agua saborizada,D. Mejía,26,6700.0,0.0,174200.0,3.5
2025-09-10,Valle del Cauca,Marketplace,Bebidas,Agua saborizada,A. Rojas,14,7500.0,0.0,105000.0,3.3
2025-12-15,Antioquia,Tienda física,Snacks,Mix de frutos secos,M. Torres,10,11900.0,0.0,119000.0,3.4
2026-06-24,Antioquia,E-commerce,Café,Cápsulas x20,D. Mejía,18,35000.0,0.0,630000.0,3.3
2026-06-17,Atlántico,E-commerce,Cuidado,Crema corporal,A. Rojas,7,19600.0,0.1,123480.0,3.2
2026-02-21,Antioquia,Marketplace,Café,Café molido 500g,M. Torres,1,25300.0,0.15,21505.0,4.6
2025-10-31,Antioquia,Tienda física,Snacks,Mix de frutos secos,A. Rojas,14,9800.0,0.1,123480.0,3.1
2026-02-13,Santander,Marketplace,Bebidas,Jugo natural 1L,L. Gómez,14,6400.0,0.0,89600.0,4.4
2025-10-25,Valle del Cauca,E-commerce,Cuidado,Jabón artesanal,A. Rojas,21,20600.0,0.0,432600.0,4.7
2025-10-30,Bogotá,E-commerce,Cuidado,Shampoo sólido,L. Gómez,12,24700.0,0.05,281580.0,3.3
2026-06-28,Bogotá,Tienda física,Bebidas,Agua saborizada,J. Peña,18,8600.0,0.05,147060.0,2.9
2025-08-13,Valle del Cauca,Distribuidor,Café,Café en grano 1kg,M. Torres,31,27900.0,0.0,864900.0,2.9
2026-03-17,Eje Cafetero,Tienda física,Snacks,Mix de frutos secos,M. Torres,25,10100.0,0.0,252500.0,2.9
2026-07-14,Antioquia,E-commerce,Bebidas,Té frío 500ml,S. Vargas,12,6700.0,0.0,80400.0,4.7
2025-08-22,Santander,Distribuidor,Snacks,Mix de frutos secos,L. Gómez,23,8400.0,0.1,173880.0,4.0
2026-06-04,Eje Cafetero,Tienda física,Snacks,Chips de plátano,C. Ramírez,2,9400.0,0.05,17860.0,3.9
2026-01-05,Antioquia,Tienda física,Cuidado,Jabón artesanal,J. Peña,16,19500.0,0.0,312000.0,3.9
2026-02-17,Valle del Cauca,Distribuidor,Cuidado,Crema corporal,S. Vargas,18,17200.0,0.1,278640.0,3.6
2025-08-10,Antioquia,Distribuidor,Snacks,Barra de cereal,D. Mejía,13,8800.0,0.0,114400.0,4.8
2026-03-18,Eje Cafetero,E-commerce,Bebidas,Agua saborizada,J. Peña,18,7300.0,0.15,111690.0,3.8
2026-05-04,Atlántico,E-commerce,Cuidado,Jabón artesanal,S. Vargas,13,21800.0,0.05,269230.0,3.5
2026-03-08,Atlántico,E-commerce,Snacks,Barra de cereal,L. Gómez,18,11100.0,0.0,199800.0,4.4
2025-12-05,Santander,Tienda física,Cuidado,Shampoo sólido,C. Ramírez,9,28000.0,0.1,226800.0,3.4
2025-12-05,Bogotá,Marketplace,Cuidado,Shampoo sólido,D. Mejía,4,31800.0,0.15,108120.0,3.3
2025-12-01,Valle del Cauca,Tienda física,Bebidas,Jugo natural 1L,A. Rojas,5,9500.0,0.1,42750.0,4.1
2026-05-24,Santander,Tienda física,Cuidado,Shampoo sólido,C. Ramírez,24,21400.0,0.0,513600.0,3.7
2025-11-14,Valle del Cauca,E-commerce,Bebidas,Té frío 500ml,C. Ramírez,18,10100.0,0.0,181800.0,3.1
2026-05-21,Valle del Cauca,Tienda física,Café,Café en grano 1kg,M. Torres,11,29800.0,0.1,295020.0,4.1
2026-07-14,Valle del Cauca,Distribuidor,Café,Café molido 500g,M. Torres,1,25800.0,0.0,25800.0,5.0
2026-05-15,Eje Cafetero,Tienda física,Cuidado,Shampoo sólido,A. Rojas,16,21700.0,0.0,347200.0,4.9
2025-12-13,Eje Cafetero,Tienda física,Café,Cápsulas x20,J. Peña,1,43500.0,0.0,43500.0,4.8
2025-09-03,Santander,E-commerce,Café,Café en grano 1kg,J. Peña,3,28700.0,0.0,86100.0,3.8
2025-08-24,Eje Cafetero,E-commerce,Café,Café molido 500g,C. Ramírez,8,31500.0,0.1,226800.0,3.5
2025-08-14,Antioquia,Marketplace,Cuidado,Jabón artesanal,L. Gómez,15,20600.0,0.15,262650.0,4.3
2026-06-27,Antioquia,E-commerce,Café,Café molido 500g,M. Torres,8,31900.0,0.05,242440.0,3.7
2025-11-30,Bogotá,Tienda física,Cuidado,Crema corporal,M. Torres,17,34600.0,0.15,499970.0,3.8
2026-06-06,Eje Cafetero,Marketplace,Snacks,Barra de cereal,C. Ramírez,3,9900.0,0.1,26730.0,4.5
2026-06-26,Valle del Cauca,E-commerce,Café,Cápsulas x20,S. Vargas,21,30500.0,0.05,608475.0,3.1
2025-12-04,Antioquia,E-commerce,Bebidas,Jugo natural 1L,C. Ramírez,21,9600.0,0.0,201600.0,
2026-07-29,Bogotá,Tienda física,Cuidado,Crema corporal,D. Mejía,8,23500.0,0.0,188000.0,3.2
2025-12-05,Antioquia,Distribuidor,Snacks,Barra de cereal,M. Torres,20,11300.0,0.0,226000.0,3.0
2026-07-16,Atlántico,Distribuidor,Bebidas,Agua saborizada,D. Mejía,17,7300.0,0.1,111690.0,3.2
2026-03-18,Santander,Distribuidor,Bebidas,Jugo natural 1L,A. Rojas,12,7400.0,0.0,88800.0,4.2
2025-09-03,Bogotá,Marketplace,Cuidado,Jabón artesanal,M. Torres,1,24100.0,0.0,24100.0,3.2
2025-10-15,Valle del Cauca,Distribuidor,Cuidado,Shampoo sólido,J. Peña,9,21500.0,0.0,193500.0,5.0
2025-11-09,Valle del Cauca,Distribuidor,Café,Cápsulas x20,A. Rojas,6,41100.0,0.0,246600.0,3.2
2026-02-13,Valle del Cauca,E-commerce,Bebidas,Té frío 500ml,D. Mejía,7,7300.0,0.15,43435.0,3.7
2025-08-09,Atlántico,E-commerce,Cuidado,Crema corporal,J. Peña,12,21700.0,0.15,221340.0,3.7
2025-11-18,Bogotá,Tienda física,Cuidado,Shampoo sólido,M. Torres,19,31300.0,0.05,564965.0,3.4
2026-05-21,Antioquia,Tienda física,Snacks,Chips de plátano,A. Rojas,2,8800.0,0.0,17600.0,4.9
2026-04-22,Valle del Cauca,E-commerce,Cuidado,Shampoo sólido,D. Mejía,11,22800.0,0.1,225720.0,4.7
2025-08-16,Atlántico,Tienda física,Bebidas,Té frío 500ml,A. Rojas,13,6600.0,0.0,85800.0,3.7
2026-04-06,Antioquia,Marketplace,Cuidado,Crema corporal,M. Torres,13,19400.0,0.15,214370.0,2.9
2026-06-21,Bogotá,Distribuidor,Café,Café molido 500g,L. Gómez,23,31600.0,0.0,726800.0,4.5
2026-07-20,Atlántico,Marketplace,Café,Cápsulas x20,M. Torres,13,30600.0,0.15,338130.0,4.7
2026-01-21,Antioquia,Distribuidor,Cuidado,Jabón artesanal,M. Torres,5,17300.0,0.05,82175.0,2.9
2026-01-02,Atlántico,Distribuidor,Bebidas,Agua saborizada,S. Vargas,26,7400.0,0.1,173160.0,4.1
2026-04-08,Bogotá,E-commerce,Café,Cápsulas x20,S. Vargas,23,39400.0,0.15,770270.0,4.8
2025-11-24,Antioquia,Tienda física,Café,Café molido 500g,A. Rojas,23,40600.0,0.1,840420.0,4.2
2026-07-11,Atlántico,E-commerce,Café,Café en grano 1kg,D. Mejía,21,33800.0,0.0,709800.0,4.8
2026-04-10,Santander,Distribuidor,Snacks,Chips de plátano,D. Mejía,17,8600.0,0.15,124270.0,4.3
2025-12-21,Eje Cafetero,Tienda física,Café,Café en grano 1kg,S. Vargas,12,41100.0,0.1,443880.0,3.4
2026-04-04,Atlántico,Tienda física,Bebidas,Jugo natural 1L,D. Mejía,17,7100.0,0.05,114665.0,3.7
2025-09-29,Atlántico,Tienda física,Bebidas,Jugo natural 1L,J. Peña,15,6000.0,0.1,81000.0,3.6
2026-01-16,Antioquia,Distribuidor,Snacks,Chips de plátano,D. Mejía,15,9300.0,0.0,139500.0,4.0
2026-01-18,Valle del Cauca,Distribuidor,Snacks,Mix de frutos secos,D. Mejía,10,8800.0,0.15,74800.0,4.8
2025-08-18,Antioquia,Distribuidor,Cuidado,Shampoo sólido,L. Gómez,16,20200.0,0.05,307040.0,3.8
2026-07-23,Atlántico,Distribuidor,Café,Cápsulas x20,J. Peña,20,31300.0,0.0,626000.0,4.6
2026-03-17,Valle del Cauca,Marketplace,Snacks,Chips de plátano,D. Mejía,7,9700.0,0.0,67900.0,3.2
2026-06-20,Bogotá,E-commerce,Café,Café en grano 1kg,A. Rojas,14,39200.0,0.0,548800.0,4.6
2026-01-15,Atlántico,E-commerce,Snacks,Barra de cereal,D. Mejía,8,9100.0,0.15,61880.0,3.9
2026-02-11,Eje Cafetero,Tienda física,Snacks,Chips de plátano,L. Gómez,19,9600.0,0.0,182400.0,4.2
2026-03-28,Bogotá,Distribuidor,Bebidas,Agua saborizada,D. Mejía,15,8400.0,0.0,126000.0,4.2
2025-09-08,Valle del Cauca,Distribuidor,Bebidas,Agua saborizada,J. Peña,21,6300.0,0.15,112455.0,4.0
2025-12-04,Bogotá,Marketplace,Bebidas,Té frío 500ml,M. Torres,9,10700.0,0.15,81855.0,4.9
2026-02-17,Eje Cafetero,Distribuidor,Café,Café en grano 1kg,J. Peña,18,28400.0,0.15,434520.0,3.6
2026-05-07,Valle del Cauca,Tienda física,Snacks,Chips de plátano,A. Rojas,17,9400.0,0.0,159800.0,3.1
2025-11-13,Atlántico,E-commerce,Café,Cápsulas x20,M. Torres,8,46200.0,0.0,369600.0,4.8
2026-02-22,Valle del Cauca,E-commerce,Snacks,Barra de cereal,D. Mejía,12,11000.0,0.0,132000.0,4.8
2026-01-06,Santander,E-commerce,Bebidas,Jugo natural 1L,L. Gómez,20,7100.0,0.1,127800.0,4.6
2026-04-16,Atlántico,Marketplace,Snacks,Mix de frutos secos,J. Peña,16,8500.0,0.0,136000.0,4.2
2026-07-05,Atlántico,E-commerce,Cuidado,Crema corporal,D. Mejía,4,21900.0,0.0,87600.0,4.8
2026-06-30,Valle del Cauca,Distribuidor,Bebidas,Agua saborizada,C. Ramírez,21,5900.0,0.1,111510.0,3.2
2026-04-03,Bogotá,Distribuidor,Snacks,Mix de frutos secos,A. Rojas,3,11600.0,0.15,29580.0,4.9
2026-01-25,Santander,Distribuidor,Cuidado,Crema corporal,A. Rojas,14,18100.0,0.0,253400.0,3.6
2026-04-21,Antioquia,Distribuidor,Café,Café en grano 1kg,L. Gómez,16,27500.0,0.1,396000.0,3.7
2025-12-20,Valle del Cauca,Tienda física,Snacks,Barra de cereal,C. Ramírez,12,12300.0,0.0,147600.0,3.2
2026-01-26,Valle del Cauca,Distribuidor,Cuidado,Shampoo sólido,A. Rojas,22,17700.0,0.0,389400.0,4.3
2026-07-01,Bogotá,Tienda física,Bebidas,Té frío 500ml,S. Vargas,20,8800.0,0.15,149600.0,4.2
2025-12-14,Eje Cafetero,Marketplace,Cuidado,Jabón artesanal,S. Vargas,6,29200.0,0.0,175200.0,4.6
2026-07-17,Antioquia,Distribuidor,Snacks,Mix de frutos secos,S. Vargas,9,8200.0,0.05,70110.0,3.3
2026-05-13,Eje Cafetero,Tienda física,Café,Café en grano 1kg,D. Mejía,9,31600.0,0.0,284400.0,4.9
2025-12-29,Atlántico,E-commerce,Snacks,Chips de plátano,A. Rojas,9,15200.0,0.0,136800.0,3.2
2025-08-17,Atlántico,Distribuidor,Bebidas,Jugo natural 1L,C. Ramírez,22,6400.0,0.0,140800.0,5.0
2026-04-27,Antioquia,Marketplace,Snacks,Chips de plátano,A. Rojas,16,9900.0,0.1,142560.0,4.7
2026-03-22,Antioquia,Marketplace,Cuidado,Crema corporal,L. Gómez,19,18900.0,0.15,305235.0,4.8
2025-10-06,Antioquia,E-commerce,Snacks,Barra de cereal,M. Torres,15,10100.0,0.0,151500.0,3.9
2026-04-22,Bogotá,Marketplace,Café,Cápsulas x20,J. Peña,9,35700.0,0.0,321300.0,4.0
2026-04-27,Eje Cafetero,Tienda física,Café,Café molido 500g,S. Vargas,30,27200.0,0.1,734400.0,3.6
2026-01-13,Eje Cafetero,E-commerce,Bebidas,Jugo natural 1L,J. Peña,1,7200.0,0.05,6840.0,2.8
2026-02-15,Atlántico,Marketplace,Bebidas,Jugo natural 1L,C. Ramírez,10,6700.0,0.0,67000.0,3.9
2026-02-27,Bogotá,Marketplace,Snacks,Chips de plátano,S. Vargas,1,12100.0,0.0,12100.0,3.2
2026-01-17,Santander,Tienda física,Bebidas,Agua saborizada,M. Torres,8,7000.0,0.05,53200.0,3.3
2026-04-23,Antioquia,Tienda física,Café,Café molido 500g,C. Ramírez,20,29900.0,0.05,568100.0,3.3
2025-08-08,Antioquia,Distribuidor,Bebidas,Agua saborizada,C. Ramírez,26,6500.0,0.05,160550.0,3.4
2025-12-01,Atlántico,Marketplace,Snacks,Mix de frutos secos,C. Ramírez,11,11100.0,0.0,122100.0,4.6
2026-01-13,Santander,Distribuidor,Cuidado,Crema corporal,L. Gómez,14,18000.0,0.05,239400.0,2.9
2026-03-22,Eje Cafetero,Marketplace,Bebidas,Té frío 500ml,L. Gómez,14,6800.0,0.15,80920.0,4.3
2026-04-28,Eje Cafetero,Distribuidor,Bebidas,Té frío 500ml,A. Rojas,27,6400.0,0.0,172800.0,3.4
2025-09-23,Antioquia,Distribuidor,Café,Café molido 500g,C. Ramírez,25,31600.0,0.0,790000.0,3.8
2026-05-27,Santander,Distribuidor,Cuidado,Jabón artesanal,C. Ramírez,22,17200.0,0.0,378400.0,4.4
2026-01-22,Eje Cafetero,Marketplace,Cuidado,Shampoo sólido,J. Peña,4,19900.0,0.0,79600.0,3.8
2026-05-17,Santander,Marketplace,Café,Café molido 500g,M. Torres,20,27400.0,0.0,548000.0,4.6
2026-05-14,Antioquia,Marketplace,Snacks,Barra de cereal,A. Rojas,10,8800.0,0.1,79200.0,4.8
2025-09-01,Bogotá,E-commerce,Café,Café molido 500g,M. Torres,14,36800.0,0.0,515200.0,3.2
2026-02-24,Santander,Distribuidor,Snacks,Chips de plátano,M. Torres,12,10200.0,0.15,104040.0,3.2
2025-12-05,Atlántico,E-commerce,Snacks,Chips de plátano,M. Torres,5,12300.0,0.0,61500.0,3.0
2025-09-11,Eje Cafetero,E-commerce,Bebidas,Agua saborizada,M. Torres,7,6800.0,0.0,47600.0,4.4
2026-01-03,Eje Cafetero,Tienda física,Snacks,Chips de plátano,L. Gómez,28,8900.0,0.15,211820.0,3.9
2026-06-08,Santander,Marketplace,Snacks,Mix de frutos secos,M. Torres,1,10100.0,0.0,10100.0,4.3
2025-11-23,Bogotá,Marketplace,Bebidas,Jugo natural 1L,S. Vargas,21,10700.0,0.0,224700.0,3.9
2025-12-16,Valle del Cauca,Distribuidor,Cuidado,Crema corporal,D. Mejía,16,28300.0,0.0,452800.0,3.6
2025-12-06,Valle del Cauca,E-commerce,Bebidas,Té frío 500ml,M. Torres,15,9400.0,0.1,126900.0,3.3
2026-07-05,Atlántico,Tienda física,Bebidas,Té frío 500ml,,24,7300.0,0.1,157680.0,3.0
2025-09-14,Santander,Distribuidor,Snacks,Barra de cereal,S. Vargas,10,10200.0,0.05,96900.0,2.9
2026-05-29,Valle del Cauca,Distribuidor,Café,Cápsulas x20,J. Peña,24,26500.0,0.05,604200.0,
2025-12-28,Atlántico,Distribuidor,Bebidas,Jugo natural 1L,D. Mejía,11,10100.0,0.0,111100.0,
2025-11-23,Antioquia,Distribuidor,Snacks,Mix de frutos secos,S. Vargas,21,11300.0,0.0,237300.0,3.9
2026-03-03,Valle del Cauca,Distribuidor,Cuidado,Jabón artesanal,S. Vargas,14,18200.0,0.0,254800.0,3.5
2026-06-11,Antioquia,E-commerce,Snacks,Barra de cereal,D. Mejía,17,10100.0,0.15,145945.0,4.8
2025-08-17,Antioquia,Tienda física,Cuidado,Jabón artesanal,L. Gómez,19,19000.0,0.05,342950.0,4.0
2026-01-19,Valle del Cauca,Tienda física,Snacks,Barra de cereal,S. Vargas,6,8300.0,0.05,47310.0,4.3
2025-11-12,Eje Cafetero,Marketplace,Snacks,Barra de cereal,M. Torres,3,12400.0,0.0,37200.0,3.0
2026-03-13,Santander,Distribuidor,Cuidado,Jabón artesanal,L. Gómez,1,20200.0,0.0,20200.0,4.6
2026-05-06,Antioquia,Marketplace,Café,Café molido 500g,S. Vargas,10,25800.0,0.05,245100.0,4.2
2025-08-22,Eje Cafetero,E-commerce,Bebidas,Té frío 500ml,A. Rojas,18,7600.0,0.15,116280.0,3.7
2026-07-21,Valle del Cauca,Marketplace,Bebidas,Jugo natural 1L,A. Rojas,14,6400.0,0.05,85120.0,3.0
2025-11-01,Atlántico,Distribuidor,Snacks,Chips de plátano,S. Vargas,15,13400.0,0.0,201000.0,3.3
2025-12-25,Antioquia,E-commerce,Café,Cápsulas x20,J. Peña,9,42500.0,0.1,344250.0,5.0
2026-05-13,Santander,Distribuidor,Café,Cápsulas x20,D. Mejía,9,26000.0,0.0,234000.0,4.3
2026-06-30,Atlántico,Distribuidor,Cuidado,Shampoo sólido,M. Torres,8,20900.0,0.05,158840.0,4.2
2026-04-02,Valle del Cauca,Tienda física,Cuidado,Jabón artesanal,L. Gómez,14,19700.0,0.05,262010.0,2.9
2026-01-01,Eje Cafetero,E-commerce,Café,Cápsulas x20,D. Mejía,11,31000.0,0.1,306900.0,
2025-08-31,Antioquia,Marketplace,Café,Cápsulas x20,A. Rojas,13,26100.0,0.15,288405.0,4.5
2026-01-15,Bogotá,Marketplace,Cuidado,Shampoo sólido,A. Rojas,13,27200.0,0.0,353600.0,4.6
2025-12-11,Atlántico,Marketplace,Snacks,Mix de frutos secos,S. Vargas,8,13900.0,0.0,111200.0,3.2
2026-02-01,Atlántico,E-commerce,Cuidado,Shampoo sólido,L. Gómez,11,20900.0,0.0,229900.0,4.6
2025-09-14,Atlántico,E-commerce,Bebidas,Agua saborizada,D. Mejía,17,7600.0,0.1,116280.0,3.7
2025-09-27,Valle del Cauca,Marketplace,Bebidas,Té frío 500ml,C. Ramírez,20,6600.0,0.05,125400.0,2.8
2026-02-02,Atlántico,Marketplace,Bebidas,Agua saborizada,C. Ramírez,10,7300.0,0.0,73000.0,4.4
2025-12-14,Valle del Cauca,E-commerce,Bebidas,Jugo natural 1L,J. Peña,12,9400.0,0.0,112800.0,4.3
2025-12-04,Bogotá,Distribuidor,Cuidado,Crema corporal,J. Peña,11,35200.0,0.1,348480.0,4.8
2025-09-28,Antioquia,E-commerce,Cuidado,Jabón artesanal,D. Mejía,20,20000.0,0.1,360000.0,4.2
2025-09-15,Valle del Cauca,Tienda física,Bebidas,Jugo natural 1L,L. Gómez,7,6700.0,0.0,46900.0,3.3
2026-06-14,Antioquia,Tienda física,Café,Cápsulas x20,A. Rojas,12,25800.0,0.15,263160.0,3.1
2025-12-25,Santander,Marketplace,Café,Café molido 500g,J. Peña,15,40100.0,0.0,601500.0,3.1
2026-07-02,Eje Cafetero,Marketplace,Snacks,Mix de frutos secos,M. Torres,22,8800.0,0.15,164560.0,
2025-11-28,Eje Cafetero,Distribuidor,Cuidado,Crema corporal,A. Rojas,11,26000.0,0.05,271700.0,3.0
2026-05-21,Valle del Cauca,Tienda física,Cuidado,Crema corporal,S. Vargas,18,17700.0,0.0,318600.0,3.2
2025-09-12,Bogotá,Distribuidor,Cuidado,Shampoo sólido,M. Torres,13,25800.0,0.0,335400.0,3.2
2025-11-18,Bogotá,E-commerce,Snacks,Chips de plátano,M. Torres,26,15500.0,0.15,342550.0,3.7
2025-12-22,Valle del Cauca,Marketplace,Bebidas,Té frío 500ml,M. Torres,6,9600.0,0.0,57600.0,4.7
2026-06-04,Antioquia,Marketplace,Cuidado,Crema corporal,D. Mejía,13,18800.0,0.1,219960.0,4.8
2026-03-21,Valle del Cauca,Marketplace,Snacks,Barra de cereal,D. Mejía,8,8400.0,0.1,60480.0,4.7
2026-05-23,Atlántico,Distribuidor,Cuidado,Shampoo sólido,A. Rojas,17,21300.0,0.0,362100.0,3.5
2026-02-22,Antioquia,Tienda física,Snacks,Mix de frutos secos,L. Gómez,17,9200.0,0.0,156400.0,4.7
2025-10-31,Santander,E-commerce,Snacks,Mix de frutos secos,A. Rojas,11,10000.0,0.0,110000.0,4.8
2025-11-02,Bogotá,Marketplace,Bebidas,Agua saborizada,C. Ramírez,9,10800.0,0.0,97200.0,4.6
2026-05-17,Valle del Cauca,Tienda física,Café,Cápsulas x20,M. Torres,1,30400.0,0.0,30400.0,3.9
2026-08-01,Eje Cafetero,E-commerce,Cuidado,Crema corporal,M. Torres,1,19200.0,0.0,19200.0,3.2
2026-07-20,Eje Cafetero,E-commerce,Snacks,Barra de cereal,S. Vargas,10,9100.0,0.15,77350.0,3.5
2026-06-26,Atlántico,Marketplace,Bebidas,Jugo natural 1L,C. Ramírez,10,7100.0,0.0,71000.0,3.7
2025-09-04,Valle del Cauca,Marketplace,Bebidas,Agua saborizada,J. Peña,22,7400.0,0.0,162800.0,3.0
2026-02-27,Valle del Cauca,Distribuidor,Cuidado,Shampoo sólido,A. Rojas,9,18300.0,0.0,164700.0,3.7
2025-12-27,Santander,E-commerce,Cuidado,Shampoo sólido,A. Rojas,11,26800.0,0.0,294800.0,3.8
2026-04-29,Eje Cafetero,Tienda física,Snacks,Chips de plátano,C. Ramírez,16,9900.0,0.15,134640.0,
2025-08-29,Eje Cafetero,Tienda física,Bebidas,Té frío 500ml,J. Peña,11,6400.0,0.15,59840.0,4.3
2025-12-13,Santander,Marketplace,Café,Cápsulas x20,M. Torres,10,37600.0,0.0,376000.0,4.2
2025-08-28,Santander,Tienda física,Bebidas,Agua saborizada,D. Mejía,6,7300.0,0.15,37230.0,4.3
2025-12-07,Antioquia,Marketplace,Café,Café en grano 1kg,J. Peña,8,39800.0,0.0,318400.0,3.2
2026-02-04,Atlántico,E-commerce,Bebidas,Té frío 500ml,S. Vargas,7,7700.0,0.0,53900.0,3.5
2026-05-05,Atlántico,Distribuidor,Cuidado,Shampoo sólido,S. Vargas,13,21500.0,0.0,279500.0,4.9
2025-11-06,Antioquia,Tienda física,Bebidas,Té frío 500ml,L. Gómez,15,8500.0,0.0,127500.0,2.8
2025-10-24,Valle del Cauca,Marketplace,Snacks,Chips de plátano,A. Rojas,26,9500.0,0.1,222300.0,4.1
2025-12-11,Eje Cafetero,E-commerce,Café,Cápsulas x20,M. Torres,8,41100.0,0.0,328800.0,5.0
2025-12-04,Bogotá,Distribuidor,Bebidas,Jugo natural 1L,D. Mejía,22,11300.0,0.05,236170.0,5.0
2026-01-30,Valle del Cauca,E-commerce,Cuidado,Crema corporal,J. Peña,1,20400.0,0.1,18360.0,3.4
2026-01-11,Antioquia,Distribuidor,Snacks,Mix de frutos secos,M. Torres,24,10000.0,0.1,216000.0,5.0
2026-02-22,Atlántico,Tienda física,Snacks,Barra de cereal,L. Gómez,15,8600.0,0.15,109650.0,4.2
2025-08-31,Valle del Cauca,Marketplace,Bebidas,Agua saborizada,S. Vargas,15,7300.0,0.0,109500.0,3.3
2026-03-02,Antioquia,E-commerce,Bebidas,Té frío 500ml,S. Vargas,8,8000.0,0.0,64000.0,3.5
2025-11-14,Atlántico,Marketplace,Bebidas,Té frío 500ml,S. Vargas,7,8100.0,0.0,56700.0,4.5
2026-07-17,Antioquia,Marketplace,Cuidado,Shampoo sólido,J. Peña,22,20500.0,0.1,405900.0,4.1
2026-08-03,Eje Cafetero,Tienda física,Cuidado,Crema corporal,C. Ramírez,15,20400.0,0.1,275400.0,2.9
2025-08-18,Atlántico,E-commerce,Snacks,Mix de frutos secos,M. Torres,12,9400.0,0.0,112800.0,4.7
2025-09-01,Valle del Cauca,Tienda física,Bebidas,Té frío 500ml,L. Gómez,8,7000.0,0.0,56000.0,3.5
2025-08-25,Valle del Cauca,Distribuidor,Snacks,Chips de plátano,A. Rojas,9,9900.0,0.15,75735.0,4.8
2026-05-14,Valle del Cauca,Marketplace,Cuidado,Crema corporal,L. Gómez,8,19100.0,0.15,129880.0,4.4
2025-11-04,Bogotá,Distribuidor,Cuidado,Shampoo sólido,D. Mejía,20,34600.0,0.1,622800.0,3.8
2026-02-03,Antioquia,Marketplace,Bebidas,Agua saborizada,L. Gómez,11,6900.0,0.0,75900.0,3.0
2026-03-28,Antioquia,Distribuidor,Café,Cápsulas x20,J. Peña,18,29600.0,0.15,452880.0,4.3
2026-05-09,Bogotá,Marketplace,Cuidado,Crema corporal,A. Rojas,18,24300.0,0.1,393660.0,3.8
2026-06-23,Atlántico,E-commerce,Cuidado,Crema corporal,M. Torres,17,19700.0,0.05,318155.0,3.5
2026-06-19,Atlántico,E-commerce,Snacks,Barra de cereal,S. Vargas,6,10100.0,0.15,51510.0,4.0
2026-04-08,Santander,Marketplace,Café,Café molido 500g,D. Mejía,1,29700.0,0.15,25245.0,4.8
2025-12-03,Santander,Distribuidor,Cuidado,Jabón artesanal,C. Ramírez,18,23400.0,0.05,400140.0,3.7
2026-05-15,Bogotá,Distribuidor,Café,Cápsulas x20,D. Mejía,12,31700.0,0.0,380400.0,3.7
2025-09-06,Antioquia,Marketplace,Bebidas,Agua saborizada,D. Mejía,12,7400.0,0.1,79920.0,3.0
2026-06-29,Valle del Cauca,Tienda física,Snacks,Mix de frutos secos,A. Rojas,10,9700.0,0.0,97000.0,4.2
2025-10-06,Eje Cafetero,Distribuidor,Café,Cápsulas x20,C. Ramírez,10,27000.0,0.1,243000.0,4.9
2025-08-27,Santander,Tienda física,Cuidado,Crema corporal,A. Rojas,16,18400.0,0.0,294400.0,4.7
2026-07-31,Atlántico,Tienda física,Café,Café molido 500g,S. Vargas,17,31900.0,0.0,542300.0,3.4
2026-06-23,Santander,Distribuidor,Cuidado,Jabón artesanal,J. Peña,21,18000.0,0.0,378000.0,4.2
2025-12-23,Eje Cafetero,E-commerce,Cuidado,Jabón artesanal,L. Gómez,13,32300.0,0.1,377910.0,3.6
2025-11-28,Bogotá,E-commerce,Café,Café molido 500g,D. Mejía,16,52900.0,0.05,804080.0,3.8
2026-05-11,Atlántico,Tienda física,Cuidado,Shampoo sólido,D. Mejía,14,17600.0,0.15,209440.0,2.8
2026-04-25,Santander,E-commerce,Cuidado,Jabón artesanal,L. Gómez,7,20800.0,0.0,145600.0,4.8
2026-07-23,Atlántico,Distribuidor,Café,Café en grano 1kg,C. Ramírez,15,25400.0,0.05,361950.0,4.2
2025-08-23,Valle del Cauca,E-commerce,Bebidas,Agua saborizada,D. Mejía,3,6900.0,0.0,20700.0,3.5
2026-03-05,Atlántico,E-commerce,Snacks,Mix de frutos secos,J. Peña,21,11000.0,0.0,231000.0,4.9
2026-02-16,Santander,E-commerce,Café,Cápsulas x20,L. Gómez,7,29800.0,0.05,198170.0,4.1
2026-08-06,Valle del Cauca,Distribuidor,Cuidado,Jabón artesanal,A. Rojas,11,19700.0,0.05,205865.0,4.3
2026-01-21,Eje Cafetero,Tienda física,Café,Cápsulas x20,J. Peña,11,27400.0,0.0,301400.0,2.9
2026-04-21,Valle del Cauca,Tienda física,Café,Café molido 500g,J. Peña,20,26300.0,0.1,473400.0,3.9
2026-05-31,Bogotá,Marketplace,Café,Cápsulas x20,A. Rojas,13,37000.0,0.0,481000.0,3.0
2026-05-04,Antioquia,E-commerce,Snacks,Mix de frutos secos,C. Ramírez,16,10400.0,0.0,166400.0,3.5
2026-02-10,Bogotá,Distribuidor,Cuidado,Shampoo sólido,J. Peña,9,25100.0,0.0,225900.0,3.7
2026-08-03,Eje Cafetero,Distribuidor,Cuidado,Shampoo sólido,S. Vargas,19,17100.0,0.1,292410.0,4.4
2026-01-16,Antioquia,Distribuidor,Bebidas,Agua saborizada,A. Rojas,13,7500.0,0.05,92625.0,4.4
2025-10-19,Santander,E-commerce,Snacks,Barra de cereal,C. Ramírez,31,10100.0,0.0,313100.0,
2026-03-19,Eje Cafetero,Marketplace,Snacks,Chips de plátano,C. Ramírez,20,8300.0,0.05,157700.0,3.8
2026-01-24,Santander,Marketplace,Café,Cápsulas x20,A. Rojas,11,30700.0,0.05,320815.0,5.0
2026-06-17,Atlántico,Tienda física,Cuidado,Crema corporal,D. Mejía,18,21800.0,0.15,333540.0,4.8
2026-02-14,Valle del Cauca,Marketplace,Café,Cápsulas x20,C. Ramírez,17,29400.0,0.15,424830.0,4.3
2026-08-06,Santander,E-commerce,Snacks,Mix de frutos secos,J. Peña,20,11300.0,0.0,226000.0,4.6
2026-03-13,Eje Cafetero,Marketplace,Snacks,Barra de cereal,S. Vargas,24,9300.0,0.15,189720.0,4.3
2025-11-22,Santander,Tienda física,Bebidas,Té frío 500ml,S. Vargas,5,8500.0,0.05,40375.0,3.0
2025-12-31,Bogotá,Tienda física,Cuidado,Shampoo sólido,S. Vargas,10,33400.0,0.0,334000.0,3.3
2026-07-24,Antioquia,Distribuidor,Cuidado,Shampoo sólido,J. Peña,23,19700.0,0.15,385135.0,3.0
2026-07-06,Atlántico,Marketplace,Bebidas,Té frío 500ml,S. Vargas,6,6000.0,0.0,36000.0,4.6
2026-08-03,Eje Cafetero,Tienda física,Café,Cápsulas x20,D. Mejía,15,27700.0,0.05,394725.0,3.0
2025-12-20,Santander,E-commerce,Bebidas,Agua saborizada,C. Ramírez,18,9800.0,0.0,176400.0,4.0
2025-10-30,Atlántico,E-commerce,Cuidado,Jabón artesanal,D. Mejía,19,22700.0,0.0,431300.0,3.0
2026-07-24,Eje Cafetero,Marketplace,Cuidado,Shampoo sólido,L. Gómez,18,17700.0,0.0,318600.0,3.9
2026-04-22,Eje Cafetero,Marketplace,Snacks,Mix de frutos secos,S. Vargas,2,8700.0,0.0,17400.0,4.5
2026-02-27,Bogotá,E-commerce,Café,Café molido 500g,D. Mejía,17,38400.0,0.0,652800.0,2.8
2025-10-30,Santander,Tienda física,Cuidado,Crema corporal,L. Gómez,9,19800.0,0.15,151470.0,4.6
2025-08-27,Atlántico,Marketplace,Bebidas,Té frío 500ml,M. Torres,10,7400.0,0.0,74000.0,3.1
2025-11-19,Santander,Tienda física,Café,Cápsulas x20,A. Rojas,11,34300.0,0.1,339570.0,4.8
2026-02-12,Eje Cafetero,E-commerce,Bebidas,Agua saborizada,C. Ramírez,13,7400.0,0.1,86580.0,2.9
2025-12-03,Valle del Cauca,Marketplace,Bebidas,Agua saborizada,D. Mejía,24,9900.0,0.1,213840.0,3.6
2026-01-31,Eje Cafetero,Tienda física,Cuidado,Shampoo sólido,C. Ramírez,13,17700.0,0.0,230100.0,4.2
2026-08-06,Santander,Distribuidor,Bebidas,Jugo natural 1L,M. Torres,4,6500.0,0.15,22100.0,
2026-03-30,Bogotá,Tienda física,Bebidas,Agua saborizada,,26,8000.0,0.0,208000.0,
2026-07-26,Valle del Cauca,Marketplace,Cuidado,Shampoo sólido,L. Gómez,12,20200.0,0.15,206040.0,5.0
2026-06-11,Valle del Cauca,Tienda física,Snacks,Mix de frutos secos,M. Torres,23,8200.0,0.1,169740.0,2.9
2026-04-05,Santander,Marketplace,Bebidas,Agua saborizada,C. Ramírez,22,7400.0,0.0,162800.0,3.8
2026-06-17,Antioquia,Tienda física,Snacks,Chips de plátano,M. Torres,12,10300.0,0.0,123600.0,2.9
2026-06-08,Atlántico,Tienda física,Café,Café en grano 1kg,A. Rojas,12,30400.0,0.1,328320.0,3.2
2026-03-28,Atlántico,Distribuidor,Cuidado,Crema corporal,L. Gómez,13,17900.0,0.1,209430.0,3.7
2025-11-24,Atlántico,Distribuidor,Snacks,Chips de plátano,D. Mejía,6,11300.0,0.0,67800.0,4.0
2026-04-29,Atlántico,Distribuidor,Café,Cápsulas x20,S. Vargas,13,29000.0,0.05,358150.0,3.7
2026-01-08,Antioquia,Marketplace,Bebidas,Té frío 500ml,M. Torres,18,7100.0,0.0,127800.0,4.9
2026-08-01,Antioquia,Marketplace,Snacks,Chips de plátano,D. Mejía,12,8700.0,0.1,93960.0,2.8
2025-08-16,Valle del Cauca,E-commerce,Snacks,Chips de plátano,A. Rojas,19,11200.0,0.0,212800.0,4.8
2026-02-10,Antioquia,Marketplace,Cuidado,Crema corporal,C. Ramírez,8,20000.0,0.1,144000.0,3.4
2026-01-15,Atlántico,Marketplace,Cuidado,Jabón artesanal,M. Torres,19,17500.0,0.05,315875.0,4.7
2025-11-09,Bogotá,Tienda física,Cuidado,Jabón artesanal,L. Gómez,23,35100.0,0.0,807300.0,3.5
2026-07-20,Bogotá,Distribuidor,Cuidado,Jabón artesanal,M. Torres,24,24900.0,0.0,597600.0,3.3
2026-07-08,Eje Cafetero,Marketplace,Bebidas,Jugo natural 1L,L. Gómez,9,6100.0,0.05,52155.0,3.9
2025-12-30,Valle del Cauca,E-commerce,Snacks,Mix de frutos secos,M. Torres,26,13800.0,0.0,358800.0,3.2
2025-12-28,Eje Cafetero,Distribuidor,Cuidado,Crema corporal,A. Rojas,30,25300.0,0.0,759000.0,
2026-02-13,Santander,Tienda física,Café,Café en grano 1kg,L. Gómez,9,29400.0,0.0,264600.0,3.6
2026-05-20,Atlántico,Distribuidor,Bebidas,Jugo natural 1L,L. Gómez,20,6600.0,0.0,132000.0,3.7
2025-12-30,Antioquia,Distribuidor,Snacks,Chips de plátano,J. Peña,13,13000.0,0.0,169000.0,2.8
2026-03-30,Atlántico,E-commerce,Cuidado,Shampoo sólido,D. Mejía,24,23400.0,0.15,477360.0,4.9
2026-01-10,Atlántico,Tienda física,Snacks,Mix de frutos secos,C. Ramírez,19,8300.0,0.0,157700.0,3.2
2025-12-10,Santander,Distribuidor,Snacks,Mix de frutos secos,,23,13100.0,0.05,286235.0,3.2
2025-11-13,Bogotá,Distribuidor,Cuidado,Jabón artesanal,S. Vargas,8,31100.0,0.1,223920.0,3.0
2026-05-22,Valle del Cauca,Distribuidor,Cuidado,Crema corporal,M. Torres,20,21100.0,0.15,358700.0,4.4
2026-01-08,Bogotá,E-commerce,Cuidado,Jabón artesanal,L. Gómez,17,26500.0,0.0,450500.0,3.2
2025-09-01,Valle del Cauca,E-commerce,Bebidas,Agua saborizada,J. Peña,16,6900.0,0.0,110400.0,4.1
2026-05-28,Atlántico,Marketplace,Cuidado,Crema corporal,A. Rojas,1,19700.0,0.1,17730.0,3.1
2026-01-22,Eje Cafetero,Marketplace,Snacks,Barra de cereal,M. Torres,19,9800.0,0.0,186200.0,
2026-07-24,Santander,E-commerce,Cuidado,Jabón artesanal,A. Rojas,20,19500.0,0.1,351000.0,3.8
2026-05-27,Valle del Cauca,Distribuidor,Cuidado,Crema corporal,J. Peña,15,18800.0,0.0,282000.0,2.9
2025-11-21,Antioquia,E-commerce,Café,Cápsulas x20,C. Ramírez,15,44400.0,0.0,666000.0,3.0
2026-02-22,Valle del Cauca,Distribuidor,Snacks,Chips de plátano,J. Peña,11,9900.0,0.15,92565.0,3.5
2025-10-15,Antioquia,Tienda física,Cuidado,Jabón artesanal,M. Torres,3,20900.0,0.15,53295.0,4.1
2026-03-04,Atlántico,Tienda física,Café,Café molido 500g,A. Rojas,18,30600.0,0.1,495720.0,4.8
2026-04-25,Antioquia,E-commerce,Snacks,Mix de frutos secos,L. Gómez,17,10700.0,0.15,154615.0,4.0
2025-10-08,Santander,Tienda física,Cuidado,Crema corporal,M. Torres,25,17400.0,0.05,413250.0,4.7
2026-05-19,Atlántico,E-commerce,Cuidado,Shampoo sólido,C. Ramírez,8,20900.0,0.0,167200.0,3.6
2026-04-05,Antioquia,Marketplace,Cuidado,Shampoo sólido,S. Vargas,18,19800.0,0.05,338580.0,3.9
2026-02-04,Valle del Cauca,Marketplace,Cuidado,Crema corporal,M. Torres,22,18500.0,0.1,366300.0,3.5
2026-03-11,Valle del Cauca,Distribuidor,Café,Cápsulas x20,J. Peña,4,30600.0,0.0,122400.0,3.5
2025-12-09,Valle del Cauca,Tienda física,Cuidado,Shampoo sólido,S. Vargas,16,26300.0,0.1,378720.0,3.1
2026-06-29,Bogotá,E-commerce,Bebidas,Agua saborizada,A. Rojas,6,8500.0,0.05,48450.0,3.2
2026-06-23,Santander,Marketplace,Bebidas,Agua saborizada,S. Vargas,6,6700.0,0.0,40200.0,3.7
2025-08-17,Valle del Cauca,Distribuidor,Snacks,Mix de frutos secos,M. Torres,10,9700.0,0.0,97000.0,3.3
2026-07-11,Antioquia,Marketplace,Snacks,Barra de cereal,L. Gómez,5,9400.0,0.05,44650.0,4.7
2025-11-29,Valle del Cauca,Marketplace,Cuidado,Crema corporal,D. Mejía,26,27700.0,0.0,720200.0,3.7
2025-09-24,Eje Cafetero,E-commerce,Bebidas,Agua saborizada,M. Torres,12,7000.0,0.0,84000.0,4.4
2026-01-15,Antioquia,Tienda física,Snacks,Chips de plátano,S. Vargas,11,8200.0,0.15,76670.0,4.5
2026-01-31,Atlántico,Marketplace,Café,Café molido 500g,S. Vargas,13,30000.0,0.15,331500.0,4.2
2025-10-16,Santander,E-commerce,Café,Cápsulas x20,S. Vargas,7,32600.0,0.0,228200.0,4.7
2025-09-17,Valle del Cauca,Tienda física,Cuidado,Shampoo sólido,D. Mejía,21,18800.0,0.0,394800.0,4.2
2026-05-07,Bogotá,Tienda física,Snacks,Chips de plátano,A. Rojas,10,10300.0,0.05,97850.0,3.1
2026-06-27,Bogotá,Marketplace,Bebidas,Té frío 500ml,C. Ramírez,12,8600.0,0.0,103200.0,4.7
2026-07-22,Antioquia,Distribuidor,Snacks,Mix de frutos secos,L. Gómez,14,9300.0,0.15,110670.0,4.9
2026-06-19,Bogotá,Tienda física,Café,Café molido 500g,C. Ramírez,12,39000.0,0.0,468000.0,4.7
2026-02-02,Santander,Tienda física,Bebidas,Agua saborizada,A. Rojas,18,6200.0,0.15,94860.0,4.9
2025-11-30,Valle del Cauca,Tienda física,Snacks,Chips de plátano,C. Ramírez,5,13300.0,0.0,66500.0,4.0
2026-08-04,Atlántico,Tienda física,Café,Café en grano 1kg,J. Peña,8,28500.0,0.0,228000.0,
2025-09-08,Antioquia,Marketplace,Cuidado,Crema corporal,J. Peña,17,17600.0,0.15,254320.0,
2026-02-26,Eje Cafetero,Marketplace,Snacks,Mix de frutos secos,C. Ramírez,12,10200.0,0.15,104040.0,4.8
2026-03-26,Valle del Cauca,Tienda física,Bebidas,Té frío 500ml,D. Mejía,5,7200.0,0.0,36000.0,5.0
2025-10-22,Santander,Tienda física,Cuidado,Jabón artesanal,L. Gómez,14,21000.0,0.0,294000.0,3.6
2026-06-07,Bogotá,Tienda física,Snacks,Barra de cereal,L. Gómez,19,12400.0,0.0,235600.0,4.4
2025-09-19,Bogotá,Distribuidor,Snacks,Chips de plátano,D. Mejía,13,11400.0,0.0,148200.0,4.7
2025-10-10,Santander,E-commerce,Cuidado,Crema corporal,J. Peña,4,18800.0,0.0,75200.0,3.2
2025-10-02,Eje Cafetero,Marketplace,Café,Cápsulas x20,S. Vargas,7,30400.0,0.0,212800.0,4.6
2026-07-31,Atlántico,E-commerce,Snacks,Chips de plátano,M. Torres,8,9100.0,0.15,61880.0,4.5
2025-08-23,Bogotá,Tienda física,Bebidas,Jugo natural 1L,L. Gómez,9,8700.0,0.0,78300.0,4.9
2026-02-11,Eje Cafetero,Marketplace,Bebidas,Agua saborizada,J. Peña,10,6400.0,0.05,60800.0,4.5
2026-07-04,Antioquia,E-commerce,Café,Café molido 500g,L. Gómez,21,28400.0,0.0,596400.0,3.4
2025-10-26,Antioquia,E-commerce,Café,Café en grano 1kg,D. Mejía,22,34200.0,0.15,639540.0,3.4
2026-01-31,Antioquia,Marketplace,Bebidas,Agua saborizada,L. Gómez,12,6600.0,0.1,71280.0,3.9
2026-07-23,Atlántico,E-commerce,Bebidas,Té frío 500ml,J. Peña,14,8100.0,0.05,107730.0,4.5
2026-04-22,Eje Cafetero,Marketplace,Bebidas,Té frío 500ml,A. Rojas,16,6800.0,0.0,108800.0,3.4
2026-03-19,Eje Cafetero,Tienda física,Café,Café en grano 1kg,J. Peña,14,25800.0,0.0,361200.0,4.7
2025-12-16,Santander,Marketplace,Café,Café molido 500g,D. Mejía,7,42200.0,0.1,265860.0,4.7
2025-12-14,Eje Cafetero,Tienda física,Café,Cápsulas x20,M. Torres,25,34100.0,0.0,852500.0,3.9
2026-04-09,Bogotá,Marketplace,Snacks,Barra de cereal,S. Vargas,5,12200.0,0.05,57950.0,4.5
2025-10-21,Santander,Marketplace,Café,Café en grano 1kg,J. Peña,9,25400.0,0.1,205740.0,4.9
2025-09-26,Valle del Cauca,E-commerce,Cuidado,Crema corporal,C. Ramírez,5,21600.0,0.15,91800.0,5.0
2026-07-10,Atlántico,E-commerce,Café,Café molido 500g,S. Vargas,11,31800.0,0.0,349800.0,4.9
2025-09-25,Bogotá,Tienda física,Bebidas,Té frío 500ml,D. Mejía,23,7700.0,0.05,168245.0,4.6
2025-12-21,Bogotá,E-commerce,Café,Café en grano 1kg,D. Mejía,15,50800.0,0.1,685800.0,4.7
2026-07-31,Santander,Distribuidor,Snacks,Mix de frutos secos,D. Mejía,20,9200.0,0.0,184000.0,3.6
2026-01-04,Santander,Tienda física,Bebidas,Jugo natural 1L,C. Ramírez,6,6700.0,0.0,40200.0,4.8
2026-06-16,Santander,Distribuidor,Café,Café en grano 1kg,J. Peña,16,30500.0,0.1,439200.0,4.2
2025-09-08,Bogotá,Marketplace,Bebidas,Agua saborizada,J. Peña,4,9200.0,0.05,34960.0,2.8
2025-10-05,Antioquia,Tienda física,Cuidado,Shampoo sólido,M. Torres,21,18700.0,0.15,333795.0,3.6
2026-04-08,Antioquia,Marketplace,Cuidado,Shampoo sólido,L. Gómez,11,18900.0,0.05,197505.0,3.1
2025-10-12,Eje Cafetero,Tienda física,Café,Cápsulas x20,S. Vargas,15,27600.0,0.15,351900.0,4.8
2026-07-24,Santander,E-commerce,Bebidas,Jugo natural 1L,J. Peña,12,7100.0,0.0,85200.0,4.8
2025-09-10,Atlántico,Tienda física,Bebidas,Té frío 500ml,C. Ramírez,1,7100.0,0.0,7100.0,3.9
2026-06-06,Antioquia,Marketplace,Café,Café en grano 1kg,M. Torres,4,30900.0,0.15,105060.0,4.4
2026-03-26,Antioquia,Distribuidor,Café,Café molido 500g,D. Mejía,3,31300.0,0.1,84510.0,3.3
2026-06-13,Valle del Cauca,Distribuidor,Café,Café molido 500g,L. Gómez,15,29700.0,0.0,445500.0,3.9
2026-06-04,Valle del Cauca,Marketplace,Café,Café en grano 1kg,S. Vargas,4,29900.0,0.05,113620.0,4.7
2025-08-19,Atlántico,Tienda física,Cuidado,Jabón artesanal,C. Ramírez,13,21200.0,0.05,261820.0,3.2
2025-08-26,Valle del Cauca,Tienda física,Café,Café en grano 1kg,D. Mejía,9,28400.0,0.15,217260.0,3.0
2026-01-20,Valle del Cauca,E-commerce,Snacks,Chips de plátano,D. Mejía,15,9600.0,0.0,144000.0,4.9
2026-04-10,Atlántico,Marketplace,Snacks,Barra de cereal,L. Gómez,16,9100.0,0.15,123760.0,2.8
2026-03-14,Bogotá,Distribuidor,Snacks,Barra de cereal,M. Torres,19,12300.0,0.0,233700.0,
2026-03-03,Eje Cafetero,Tienda física,Bebidas,Té frío 500ml,J. Peña,15,6100.0,0.0,91500.0,4.2
2026-04-08,Eje Cafetero,Tienda física,Café,Cápsulas x20,J. Peña,13,27200.0,0.15,300560.0,3.9
2026-02-23,Bogotá,Tienda física,Snacks,Mix de frutos secos,D. Mejía,13,12600.0,0.05,155610.0,3.2
2026-02-06,Valle del Cauca,Tienda física,Snacks,Barra de cereal,C. Ramírez,12,8200.0,0.05,93480.0,4.9
2026-04-11,Bogotá,Distribuidor,Cuidado,Jabón artesanal,S. Vargas,14,21800.0,0.0,305200.0,3.8
2026-07-28,Eje Cafetero,E-commerce,Cuidado,Shampoo sólido,L. Gómez,7,20100.0,0.0,140700.0,4.2
2025-11-28,Valle del Cauca,E-commerce,Cuidado,Jabón artesanal,C. Ramírez,16,25700.0,0.0,411200.0,3.7
2026-07-23,Valle del Cauca,Tienda física,Cuidado,Crema corporal,S. Vargas,17,18500.0,0.0,314500.0,4.1
2026-02-11,Bogotá,Marketplace,Snacks,Barra de cereal,D. Mejía,11,12200.0,0.05,127490.0,4.5
2026-06-02,Santander,Tienda física,Café,Cápsulas x20,A. Rojas,24,31000.0,0.1,669600.0,4.1
2025-09-26,Eje Cafetero,Distribuidor,Snacks,Chips de plátano,M. Torres,16,10000.0,0.15,136000.0,4.4
2026-05-08,Santander,Marketplace,Bebidas,Té frío 500ml,A. Rojas,11,6600.0,0.0,72600.0,3.1
2026-06-02,Bogotá,E-commerce,Bebidas,Té frío 500ml,C. Ramírez,11,10100.0,0.0,111100.0,3.5
2026-02-20,Antioquia,Tienda física,Cuidado,Shampoo sólido,A. Rojas,13,20800.0,0.0,270400.0,4.9
2025-09-28,Atlántico,Marketplace,Bebidas,Agua saborizada,J. Peña,14,7400.0,0.15,88060.0,3.1
2026-03-04,Atlántico,Distribuidor,Cuidado,Shampoo sólido,S. Vargas,17,19500.0,0.15,281775.0,5.0
2026-01-24,Santander,Distribuidor,Café,Cápsulas x20,S. Vargas,18,25300.0,0.0,455400.0,4.6
2026-01-14,Antioquia,Marketplace,Snacks,Mix de frutos secos,A. Rojas,24,8400.0,0.15,171360.0,3.2
2025-08-25,Valle del Cauca,Tienda física,Bebidas,Té frío 500ml,M. Torres,16,6200.0,0.05,94240.0,3.5
2026-05-31,Eje Cafetero,Distribuidor,Snacks,Mix de frutos secos,J. Peña,13,8300.0,0.0,107900.0,3.3
2026-01-14,Eje Cafetero,Tienda física,Cuidado,Crema corporal,C. Ramírez,12,19100.0,0.0,229200.0,4.0
2025-09-18,Eje Cafetero,Tienda física,Bebidas,Té frío 500ml,D. Mejía,15,7100.0,0.1,95850.0,2.9
2026-02-04,Valle del Cauca,E-commerce,Bebidas,Agua saborizada,S. Vargas,16,7900.0,0.0,126400.0,3.4
2025-09-26,Santander,E-commerce,Café,Café en grano 1kg,J. Peña,19,31800.0,0.05,573990.0,3.6
2026-02-24,Santander,Marketplace,Café,Café molido 500g,C. Ramírez,10,30900.0,0.05,293550.0,4.8
2025-11-09,Bogotá,Marketplace,Snacks,Chips de plátano,A. Rojas,15,14800.0,0.0,222000.0,4.9
2026-04-30,Antioquia,Tienda física,Bebidas,Jugo natural 1L,M. Torres,11,6300.0,0.0,69300.0,3.6
2026-05-13,Bogotá,Marketplace,Bebidas,Jugo natural 1L,J. Peña,2,8700.0,0.1,15660.0,3.1
2026-08-04,Bogotá,E-commerce,Cuidado,Jabón artesanal,A. Rojas,22,25900.0,0.1,512820.0,4.4
2026-04-15,Valle del Cauca,Marketplace,Café,Café molido 500g,S. Vargas,20,30700.0,0.0,614000.0,3.3
2026-01-02,Eje Cafetero,Distribuidor,Cuidado,Shampoo sólido,M. Torres,17,17200.0,0.1,263160.0,4.1
2026-03-15,Valle del Cauca,Distribuidor,Café,Café en grano 1kg,M. Torres,17,28200.0,0.05,455430.0,3.0
2026-01-17,Atlántico,E-commerce,Bebidas,Agua saborizada,C. Ramírez,10,6600.0,0.0,66000.0,2.8
2026-04-27,Santander,E-commerce,Snacks,Barra de cereal,M. Torres,17,10300.0,0.0,175100.0,3.8
2025-09-03,Santander,Marketplace,Cuidado,Shampoo sólido,S. Vargas,8,21500.0,0.15,146200.0,4.3
2025-12-05,Santander,E-commerce,Cuidado,Shampoo sólido,L. Gómez,25,26100.0,0.05,619875.0,4.0
2026-03-11,Valle del Cauca,Distribuidor,Café,Café molido 500g,S. Vargas,21,30800.0,0.1,582120.0,4.2
2025-09-09,Bogotá,E-commerce,Café,Café molido 500g,L. Gómez,12,35200.0,0.1,380160.0,4.2
2026-05-28,Atlántico,Tienda física,Bebidas,Jugo natural 1L,A. Rojas,12,6400.0,0.0,76800.0,3.8
2026-01-29,Atlántico,Tienda física,Cuidado,Shampoo sólido,C. Ramírez,8,18200.0,0.05,138320.0,3.8
2025-10-15,Antioquia,E-commerce,Cuidado,Crema corporal,L. Gómez,18,23100.0,0.05,395010.0,4.2
2026-04-18,Valle del Cauca,Tienda física,Café,Café en grano 1kg,S. Vargas,14,28300.0,0.0,396200.0,3.5
2025-10-05,Bogotá,Marketplace,Cuidado,Jabón artesanal,C. Ramírez,10,26000.0,0.0,260000.0,2.9
2026-05-20,Santander,E-commerce,Café,Café molido 500g,M. Torres,9,34900.0,0.15,266985.0,4.9
2026-05-23,Santander,Tienda física,Snacks,Chips de plátano,J. Peña,10,9000.0,0.0,90000.0,4.4
2026-01-26,Santander,Tienda física,Snacks,Chips de plátano,A. Rojas,6,8700.0,0.0,52200.0,3.7
2026-06-15,Valle del Cauca,Tienda física,Snacks,Chips de plátano,C. Ramírez,4,8300.0,0.0,33200.0,3.6
2026-01-19,Santander,E-commerce,Snacks,Barra de cereal,J. Peña,8,11000.0,0.0,88000.0,4.8
2026-04-26,Santander,E-commerce,Snacks,Chips de plátano,M. Torres,23,10200.0,0.15,199410.0,4.3
2025-09-02,Bogotá,Marketplace,Bebidas,Agua saborizada,S. Vargas,4,7700.0,0.0,30800.0,4.7
2025-10-16,Valle del Cauca,Distribuidor,Café,Café molido 500g,S. Vargas,26,30500.0,0.1,713700.0,4.8
2026-05-31,Eje Cafetero,Distribuidor,Bebidas,Té frío 500ml,,16,5900.0,0.15,80240.0,3.1
2026-02-21,Atlántico,Distribuidor,Cuidado,Crema corporal,S. Vargas,4,20700.0,0.0,82800.0,4.0
2026-05-03,Atlántico,E-commerce,Snacks,Barra de cereal,S. Vargas,18,10700.0,0.0,192600.0,4.5
2025-09-24,Antioquia,Tienda física,Cuidado,Crema corporal,A. Rojas,11,20100.0,0.0,221100.0,3.4
2025-09-03,Bogotá,Tienda física,Bebidas,Agua saborizada,S. Vargas,16,9100.0,0.1,131040.0,3.1
2026-02-23,Bogotá,E-commerce,Café,Café molido 500g,S. Vargas,19,37700.0,0.0,716300.0,4.4
2026-05-17,Atlántico,Distribuidor,Café,Café molido 500g,L. Gómez,9,30600.0,0.15,234090.0,4.3
2026-04-19,Santander,Marketplace,Café,Cápsulas x20,M. Torres,13,28500.0,0.0,370500.0,3.6
2026-05-05,Antioquia,Tienda física,Cuidado,Crema corporal,M. Torres,18,17700.0,0.0,318600.0,3.2
2025-11-06,Santander,Marketplace,Snacks,Mix de frutos secos,C. Ramírez,25,11400.0,0.0,285000.0,4.8
2026-03-10,Valle del Cauca,Distribuidor,Bebidas,Jugo natural 1L,S. Vargas,14,6200.0,0.1,78120.0,2.8
2026-01-29,Valle del Cauca,Tienda física,Cuidado,Jabón artesanal,,6,20800.0,0.0,124800.0,4.0
2025-08-16,Atlántico,Tienda física,Snacks,Barra de cereal,J. Peña,3,8200.0,0.0,24600.0,3.5
2025-11-07,Santander,Marketplace,Snacks,Mix de frutos secos,L. Gómez,25,12200.0,0.05,289750.0,3.5
2025-11-13,Antioquia,Marketplace,Cuidado,Crema corporal,M. Torres,3,26900.0,0.1,72630.0,2.9
2026-06-20,Atlántico,Marketplace,Bebidas,Té frío 500ml,L. Gómez,16,7000.0,0.15,95200.0,4.4
2026-03-31,Eje Cafetero,Tienda física,Cuidado,Shampoo sólido,C. Ramírez,15,17800.0,0.0,267000.0,4.0
2026-03-12,Bogotá,E-commerce,Cuidado,Jabón artesanal,D. Mejía,11,27500.0,0.05,287375.0,4.5
2026-06-20,Antioquia,Tienda física,Cuidado,Shampoo sólido,L. Gómez,15,17400.0,0.15,221850.0,4.1
2025-11-24,Valle del Cauca,Marketplace,Bebidas,Jugo natural 1L,J. Peña,4,8900.0,0.0,35600.0,3.9
2025-09-13,Antioquia,Marketplace,Café,Cápsulas x20,,2,27300.0,0.0,54600.0,3.7
2025-10-28,Atlántico,Tienda física,Bebidas,Té frío 500ml,C. Ramírez,22,5900.0,0.05,123310.0,4.7
2026-05-09,Antioquia,Marketplace,Café,Café en grano 1kg,L. Gómez,5,28600.0,0.0,143000.0,3.5
2025-10-23,Bogotá,Tienda física,Café,Cápsulas x20,L. Gómez,12,39900.0,0.05,454860.0,3.3
2026-07-31,Eje Cafetero,Tienda física,Cuidado,Jabón artesanal,D. Mejía,13,18500.0,0.15,204425.0,4.5
2026-04-01,Antioquia,Tienda física,Cuidado,Crema corporal,M. Torres,13,21300.0,0.0,276900.0,4.9
2025-08-23,Bogotá,E-commerce,Snacks,Barra de cereal,D. Mejía,24,11500.0,0.0,276000.0,3.2
2026-05-21,Santander,Tienda física,Cuidado,Jabón artesanal,M. Torres,19,17400.0,0.15,281010.0,4.9
2026-03-03,Valle del Cauca,E-commerce,Café,Café molido 500g,M. Torres,10,33500.0,0.05,318250.0,4.6
2025-12-11,Atlántico,Marketplace,Bebidas,Agua saborizada,C. Ramírez,10,7900.0,0.0,79000.0,3.5
2026-01-03,Antioquia,Marketplace,Bebidas,Jugo natural 1L,J. Peña,15,7300.0,0.05,104025.0,4.7
2026-04-24,Atlántico,Distribuidor,Café,Café en grano 1kg,M. Torres,10,30200.0,0.1,271800.0,3.3
2026-06-16,Eje Cafetero,Distribuidor,Cuidado,Shampoo sólido,S. Vargas,15,21300.0,0.1,287550.0,4.6
2026-06-12,Valle del Cauca,Distribuidor,Snacks,Barra de cereal,A. Rojas,11,9800.0,0.0,107800.0,3.5
2025-11-13,Atlántico,E-commerce,Café,Café en grano 1kg,C. Ramírez,19,47600.0,0.15,768740.0,4.5
2026-06-21,Valle del Cauca,Tienda física,Bebidas,Jugo natural 1L,A. Rojas,11,6600.0,0.1,65340.0,3.2
2026-02-26,Atlántico,E-commerce,Café,Café molido 500g,C. Ramírez,29,34700.0,0.05,955985.0,4.7
2025-10-24,Atlántico,E-commerce,Cuidado,Jabón artesanal,L. Gómez,12,19700.0,0.15,200940.0,4.6
2026-03-26,Antioquia,Distribuidor,Café,Café en grano 1kg,A. Rojas,4,31300.0,0.15,106420.0,3.2
2025-09-22,Eje Cafetero,Tienda física,Snacks,Barra de cereal,S. Vargas,13,9000.0,0.15,99450.0,4.0
2025-09-20,Valle del Cauca,Distribuidor,Bebidas,Té frío 500ml,C. Ramírez,17,6900.0,0.0,117300.0,4.3
2026-05-10,Atlántico,E-commerce,Cuidado,Shampoo sólido,M. Torres,19,23700.0,0.0,450300.0,4.1
2025-11-18,Valle del Cauca,Distribuidor,Cuidado,Jabón artesanal,M. Torres,12,27500.0,0.0,330000.0,3.6
2026-02-24,Bogotá,Tienda física,Snacks,Barra de cereal,L. Gómez,26,12400.0,0.0,322400.0,4.6
2026-07-28,Valle del Cauca,Tienda física,Snacks,Barra de cereal,C. Ramírez,18,9900.0,0.1,160380.0,4.0
2025-11-18,Valle del Cauca,Tienda física,Café,Café molido 500g,D. Mejía,1,39500.0,0.05,37525.0,
2026-05-11,Santander,Marketplace,Café,Café molido 500g,J. Peña,17,29100.0,0.1,445230.0,4.8
2025-08-25,Antioquia,E-commerce,Cuidado,Jabón artesanal,A. Rojas,11,19300.0,0.0,212300.0,4.8
2026-04-11,Valle del Cauca,Distribuidor,Bebidas,Jugo natural 1L,L. Gómez,8,7400.0,0.1,53280.0,3.6
2025-11-14,Bogotá,Marketplace,Cuidado,Jabón artesanal,L. Gómez,14,32600.0,0.1,410760.0,3.6
2025-11-05,Bogotá,E-commerce,Snacks,Chips de plátano,C. Ramírez,17,18200.0,0.0,309400.0,3.5
2026-05-23,Valle del Cauca,E-commerce,Snacks,Chips de plátano,D. Mejía,5,9700.0,0.0,48500.0,4.3
2025-08-08,Atlántico,Marketplace,Café,Café molido 500g,C. Ramírez,22,26200.0,0.1,518760.0,4.2
2026-05-10,Santander,Tienda física,Snacks,Barra de cereal,C. Ramírez,19,8300.0,0.05,149815.0,4.5
2025-10-08,Valle del Cauca,E-commerce,Bebidas,Agua saborizada,M. Torres,15,7400.0,0.0,111000.0,4.8
2025-09-19,Santander,Marketplace,Cuidado,Jabón artesanal,S. Vargas,15,19500.0,0.05,277875.0,3.8
2025-08-14,Eje Cafetero,E-commerce,Cuidado,Crema corporal,M. Torres,16,23300.0,0.0,372800.0,4.5
2025-11-18,Antioquia,Tienda física,Café,Café molido 500g,J. Peña,9,41300.0,0.0,371700.0,3.8
2026-07-04,Santander,E-commerce,Snacks,Mix de frutos secos,S. Vargas,9,9600.0,0.0,86400.0,2.8
2025-12-05,Santander,Tienda física,Snacks,Mix de frutos secos,L. Gómez,15,11700.0,0.15,149175.0,
2025-08-28,Bogotá,Marketplace,Café,Café en grano 1kg,S. Vargas,12,35300.0,0.1,381240.0,4.1
2025-11-19,Atlántico,Marketplace,Bebidas,Jugo natural 1L,J. Peña,28,9600.0,0.1,241920.0,3.5
2026-06-07,Valle del Cauca,E-commerce,Cuidado,Crema corporal,C. Ramírez,8,21200.0,0.05,161120.0,3.7
2026-04-14,Santander,Marketplace,Cuidado,Shampoo sólido,D. Mejía,16,21800.0,0.0,348800.0,4.7
2025-09-08,Antioquia,Tienda física,Cuidado,Crema corporal,J. Peña,8,20300.0,0.15,138040.0,4.7
2026-02-17,Valle del Cauca,Tienda física,Snacks,Chips de plátano,C. Ramírez,14,9800.0,0.0,137200.0,4.9
2025-09-09,Eje Cafetero,Tienda física,Cuidado,Crema corporal,C. Ramírez,13,18000.0,0.0,234000.0,2.8
2026-04-08,Bogotá,Marketplace,Snacks,Mix de frutos secos,J. Peña,18,12500.0,0.1,202500.0,4.7
2025-09-29,Santander,Tienda física,Cuidado,Jabón artesanal,S. Vargas,6,18500.0,0.1,99900.0,4.4
2026-04-25,Eje Cafetero,Marketplace,Cuidado,Crema corporal,A. Rojas,14,20300.0,0.1,255780.0,3.8
2026-03-14,Atlántico,Marketplace,Snacks,Chips de plátano,S. Vargas,12,10200.0,0.05,116280.0,3.0
2026-04-06,Eje Cafetero,Tienda física,Bebidas,Jugo natural 1L,S. Vargas,9,7200.0,0.0,64800.0,3.4
2025-09-23,Valle del Cauca,E-commerce,Bebidas,Agua saborizada,C. Ramírez,20,6800.0,0.1,122400.0,3.7
2026-05-25,Eje Cafetero,E-commerce,Cuidado,Crema corporal,C. Ramírez,8,19800.0,0.0,158400.0,3.6
2025-10-02,Antioquia,E-commerce,Cuidado,Shampoo sólido,L. Gómez,14,19600.0,0.0,274400.0,4.3
2026-01-15,Eje Cafetero,Distribuidor,Café,Café molido 500g,A. Rojas,11,25500.0,0.0,280500.0,4.7
2026-02-10,Valle del Cauca,Distribuidor,Café,Cápsulas x20,D. Mejía,19,28300.0,0.0,537700.0,3.3
2026-02-01,Eje Cafetero,Distribuidor,Snacks,Mix de frutos secos,L. Gómez,10,8500.0,0.0,85000.0,4.9
2026-01-25,Atlántico,Distribuidor,Bebidas,Jugo natural 1L,L. Gómez,15,7200.0,0.15,91800.0,3.7
2025-09-05,Eje Cafetero,Tienda física,Café,Café en grano 1kg,L. Gómez,27,27500.0,0.1,668250.0,2.9
2026-07-05,Bogotá,Distribuidor,Snacks,Chips de plátano,D. Mejía,16,11500.0,0.0,184000.0,3.1
2025-08-29,Santander,Distribuidor,Café,Café en grano 1kg,L. Gómez,17,28900.0,0.05,466735.0,4.6
2026-07-20,Antioquia,Marketplace,Snacks,Mix de frutos secos,M. Torres,8,10300.0,0.0,82400.0,3.4
2025-11-09,Atlántico,Distribuidor,Snacks,Mix de frutos secos,D. Mejía,13,11700.0,0.05,144495.0,4.9
2026-07-10,Eje Cafetero,E-commerce,Cuidado,Shampoo sólido,M. Torres,26,21600.0,0.0,561600.0,3.5
2025-11-07,Antioquia,Marketplace,Bebidas,Jugo natural 1L,A. Rojas,8,7900.0,0.1,56880.0,5.0
2025-09-27,Bogotá,Marketplace,Bebidas,Té frío 500ml,S. Vargas,3,7600.0,0.15,19380.0,3.1
2026-04-08,Atlántico,Distribuidor,Café,Cápsulas x20,C. Ramírez,9,25200.0,0.0,226800.0,4.6
2026-07-09,Atlántico,Marketplace,Café,Cápsulas x20,L. Gómez,19,26700.0,0.15,431205.0,3.9
2026-07-15,Eje Cafetero,Tienda física,Cuidado,Crema corporal,M. Torres,15,17400.0,0.15,221850.0,4.0
2026-06-10,Eje Cafetero,Marketplace,Café,Café molido 500g,C. Ramírez,20,26500.0,0.15,450500.0,4.6
2026-03-18,Valle del Cauca,Tienda física,Cuidado,Jabón artesanal,A. Rojas,20,17400.0,0.0,348000.0,4.8
2025-12-03,Valle del Cauca,Tienda física,Cuidado,Jabón artesanal,D. Mejía,18,27100.0,0.0,487800.0,3.6
2026-03-17,Santander,Tienda física,Bebidas,Té frío 500ml,S. Vargas,5,5900.0,0.15,25075.0,4.1
2025-09-16,Antioquia,Marketplace,Snacks,Mix de frutos secos,C. Ramírez,21,9300.0,0.0,195300.0,3.1
2025-12-21,Bogotá,Distribuidor,Café,Cápsulas x20,S. Vargas,9,45900.0,0.05,392445.0,3.7
2026-06-18,Eje Cafetero,E-commerce,Bebidas,Té frío 500ml,D. Mejía,10,7600.0,0.15,64600.0,3.9
2026-06-03,Eje Cafetero,Tienda física,Café,Cápsulas x20,M. Torres,8,25800.0,0.0,206400.0,4.8
2026-04-01,Atlántico,Distribuidor,Cuidado,Shampoo sólido,L. Gómez,10,17300.0,0.0,173000.0,3.5
2026-06-17,Valle del Cauca,Tienda física,Cuidado,Jabón artesanal,J. Peña,19,17700.0,0.0,336300.0,
2025-08-25,Santander,Distribuidor,Bebidas,Té frío 500ml,A. Rojas,10,6800.0,0.0,68000.0,4.1
2026-06-02,Valle del Cauca,Tienda física,Cuidado,Jabón artesanal,D. Mejía,13,17400.0,0.0,226200.0,4.9
2026-07-03,Santander,Distribuidor,Cuidado,Jabón artesanal,A. Rojas,10,19600.0,0.05,186200.0,4.2
2025-11-20,Atlántico,E-commerce,Café,Café en grano 1kg,M. Torres,1,44000.0,0.0,44000.0,4.1
2026-01-26,Bogotá,Tienda física,Café,Cápsulas x20,D. Mejía,8,31900.0,0.0,255200.0,3.8
2026-06-24,Antioquia,Marketplace,Café,Café molido 500g,A. Rojas,22,27400.0,0.0,602800.0,2.9
2026-06-29,Bogotá,E-commerce,Cuidado,Shampoo sólido,A. Rojas,19,24000.0,0.05,433200.0,4.4
2026-03-08,Antioquia,Marketplace,Snacks,Mix de frutos secos,C. Ramírez,24,8200.0,0.0,196800.0,4.3
2025-12-03,Santander,Marketplace,Cuidado,Crema corporal,M. Torres,15,24100.0,0.0,361500.0,5.0
2026-07-01,Antioquia,E-commerce,Snacks,Mix de frutos secos,J. Peña,29,10900.0,0.1,284490.0,4.3
2026-05-06,Antioquia,E-commerce,Snacks,Chips de plátano,L. Gómez,17,8900.0,0.0,151300.0,3.7
2026-04-14,Valle del Cauca,E-commerce,Café,Café molido 500g,D. Mejía,17,29800.0,0.0,506600.0,3.9
2026-01-12,Antioquia,E-commerce,Bebidas,Jugo natural 1L,J. Peña,22,6600.0,0.0,145200.0,4.9
2026-07-19,Eje Cafetero,Tienda física,Snacks,Barra de cereal,A. Rojas,7,8500.0,0.0,59500.0,4.3
2025-09-19,Antioquia,Tienda física,Cuidado,Shampoo sólido,M. Torres,14,20000.0,0.0,280000.0,3.8
2026-02-14,Eje Cafetero,Tienda física,Café,Café en grano 1kg,L. Gómez,1,26800.0,0.1,24120.0,3.8
2026-04-20,Antioquia,Marketplace,Cuidado,Shampoo sólido,C. Ramírez,27,20700.0,0.1,503010.0,3.4
2025-11-21,Antioquia,E-commerce,Cuidado,Shampoo sólido,A. Rojas,25,28400.0,0.0,710000.0,4.2
2025-09-05,Santander,Tienda física,Bebidas,Té frío 500ml,J. Peña,8,7400.0,0.0,59200.0,4.2
2025-09-16,Santander,Tienda física,Café,Café molido 500g,S. Vargas,25,29000.0,0.15,616250.0,3.3
2026-06-26,Eje Cafetero,Distribuidor,Café,Café en grano 1kg,J. Peña,15,31200.0,0.0,468000.0,4.5
2026-03-05,Antioquia,Tienda física,Cuidado,Shampoo sólido,A. Rojas,5,18700.0,0.1,84150.0,3.7
2026-08-01,Atlántico,Distribuidor,Snacks,Chips de plátano,L. Gómez,15,9800.0,0.0,147000.0,4.8
2026-03-25,Eje Cafetero,Distribuidor,Bebidas,Jugo natural 1L,J. Peña,18,5900.0,0.15,90270.0,4.5
2026-04-05,Antioquia,Marketplace,Cuidado,Crema corporal,J. Peña,22,21000.0,0.1,415800.0,2.9
2026-05-30,Antioquia,Tienda física,Snacks,Chips de plátano,S. Vargas,15,8800.0,0.05,125400.0,4.0
2026-06-30,Valle del Cauca,Distribuidor,Cuidado,Shampoo sólido,C. Ramírez,18,18300.0,0.0,329400.0,3.8
2025-09-15,Valle del Cauca,Marketplace,Café,Café en grano 1kg,J. Peña,12,26500.0,0.0,318000.0,3.7
2026-04-21,Antioquia,Distribuidor,Snacks,Mix de frutos secos,C. Ramírez,9,8700.0,0.05,74385.0,3.6
2025-12-27,Atlántico,Tienda física,Snacks,Barra de cereal,M. Torres,8,13800.0,0.05,104880.0,3.0
2025-10-07,Atlántico,Distribuidor,Café,Café en grano 1kg,J. Peña,7,31000.0,0.05,206150.0,3.3
2026-02-24,Valle del Cauca,Distribuidor,Cuidado,Shampoo sólido,S. Vargas,15,19400.0,0.05,276450.0,4.6
2026-02-28,Bogotá,Marketplace,Café,Café molido 500g,L. Gómez,10,33000.0,0.0,330000.0,4.1
2026-01-31,Bogotá,Tienda física,Café,Cápsulas x20,S. Vargas,21,37500.0,0.0,787500.0,4.9
2025-09-14,Bogotá,E-commerce,Snacks,Mix de frutos secos,C. Ramírez,14,13700.0,0.0,191800.0,3.1
2026-06-17,Valle del Cauca,Marketplace,Cuidado,Crema corporal,A. Rojas,16,17600.0,0.15,239360.0,
2025-12-03,Eje Cafetero,Tienda física,Café,Café molido 500g,D. Mejía,23,39700.0,0.0,913100.0,4.0
2026-02-14,Antioquia,E-commerce,Bebidas,Agua saborizada,S. Vargas,17,7700.0,0.05,124355.0,3.5
2026-06-19,Atlántico,Distribuidor,Snacks,Mix de frutos secos,S. Vargas,14,9700.0,0.1,122220.0,3.3
2026-03-09,Santander,Tienda física,Cuidado,Shampoo sólido,J. Peña,11,20600.0,0.0,226600.0,4.2
2025-09-05,Atlántico,Tienda física,Café,Café molido 500g,S. Vargas,6,26500.0,0.05,151050.0,3.2
2026-01-02,Atlántico,Tienda física,Café,Café en grano 1kg,M. Torres,11,27500.0,0.15,257125.0,3.8
2025-08-27,Antioquia,Tienda física,Café,Cápsulas x20,S. Vargas,6,30500.0,0.0,183000.0,2.9
2026-07-08,Eje Cafetero,Tienda física,Bebidas,Jugo natural 1L,L. Gómez,20,7400.0,0.0,148000.0,3.1
2026-06-15,Valle del Cauca,E-commerce,Bebidas,Agua saborizada,C. Ramírez,6,7100.0,0.0,42600.0,3.0
2025-09-08,Bogotá,Distribuidor,Snacks,Mix de frutos secos,S. Vargas,11,10800.0,0.05,112860.0,4.2
2025-10-16,Eje Cafetero,Distribuidor,Snacks,Chips de plátano,M. Torres,23,8100.0,0.0,186300.0,3.6
2026-07-24,Antioquia,Marketplace,Café,Cápsulas x20,C. Ramírez,22,29800.0,0.0,655600.0,4.3
2025-09-16,Santander,Tienda física,Snacks,Chips de plátano,J. Peña,10,9200.0,0.05,87400.0,3.5
2026-04-05,Eje Cafetero,Marketplace,Bebidas,Jugo natural 1L,C. Ramírez,18,6100.0,0.0,109800.0,3.6
2025-11-25,Bogotá,Tienda física,Snacks,Chips de plátano,A. Rojas,7,15900.0,0.0,111300.0,4.4
2026-03-02,Atlántico,Distribuidor,Café,Cápsulas x20,S. Vargas,12,28300.0,0.0,339600.0,4.4
2025-12-15,Bogotá,Tienda física,Cuidado,Jabón artesanal,L. Gómez,13,35900.0,0.0,466700.0,3.2
2026-01-10,Santander,Marketplace,Bebidas,Agua saborizada,S. Vargas,10,6000.0,0.0,60000.0,4.9
2026-07-05,Atlántico,E-commerce,Café,Cápsulas x20,C. Ramírez,15,31400.0,0.05,447450.0,5.0
2025-11-06,Eje Cafetero,Marketplace,Snacks,Mix de frutos secos,A. Rojas,13,13400.0,0.15,148070.0,4.5
2025-09-23,Atlántico,Distribuidor,Snacks,Chips de plátano,C. Ramírez,15,9000.0,0.0,135000.0,4.0
2026-06-08,Santander,Distribuidor,Bebidas,Agua saborizada,A. Rojas,18,6000.0,0.05,102600.0,3.1
2026-06-09,Santander,Tienda física,Cuidado,Crema corporal,D. Mejía,15,19600.0,0.0,294000.0,3.9
2026-02-14,Antioquia,Marketplace,Bebidas,Agua saborizada,M. Torres,10,5900.0,0.0,59000.0,3.4
2026-01-14,Atlántico,Distribuidor,Snacks,Barra de cereal,M. Torres,12,9600.0,0.15,97920.0,3.5
2026-06-04,Eje Cafetero,Marketplace,Café,Café molido 500g,C. Ramírez,16,26900.0,0.05,408880.0,3.0
2025-10-28,Antioquia,Marketplace,Café,Café molido 500g,M. Torres,23,27300.0,0.05,596505.0,3.5
2026-05-06,Eje Cafetero,Distribuidor,Café,Cápsulas x20,L. Gómez,19,30300.0,0.0,575700.0,4.7
2026-03-20,Bogotá,Distribuidor,Cuidado,Shampoo sólido,L. Gómez,3,24100.0,0.1,65070.0,2.9
2025-09-04,Santander,Distribuidor,Café,Café molido 500g,J. Peña,12,31200.0,0.05,355680.0,
2026-02-24,Atlántico,Tienda física,Café,Café en grano 1kg,M. Torres,8,28800.0,0.05,218880.0,3.5
2026-07-14,Bogotá,Distribuidor,Bebidas,Agua saborizada,D. Mejía,20,9100.0,0.1,163800.0,4.3
2026-01-26,Atlántico,Tienda física,Snacks,Chips de plátano,J. Peña,10,9000.0,0.15,76500.0,3.4
2026-04-02,Antioquia,E-commerce,Snacks,Chips de plátano,L. Gómez,11,10000.0,0.0,110000.0,3.8
2026-02-23,Antioquia,Distribuidor,Café,Café molido 500g,J. Peña,17,27800.0,0.0,472600.0,4.3
2026-02-07,Valle del Cauca,Tienda física,Café,Cápsulas x20,D. Mejía,22,30000.0,0.15,561000.0,2.8
2026-07-11,Eje Cafetero,Tienda física,Cuidado,Shampoo sólido,S. Vargas,5,17400.0,0.1,78300.0,3.2
2026-02-18,Bogotá,Distribuidor,Bebidas,Té frío 500ml,A. Rojas,18,7400.0,0.0,133200.0,3.5
2026-04-25,Santander,E-commerce,Snacks,Chips de plátano,A. Rojas,14,10000.0,0.0,140000.0,4.7
2026-07-20,Santander,Marketplace,Snacks,Barra de cereal,M. Torres,4,9500.0,0.15,32300.0,4.7
2026-04-18,Atlántico,Distribuidor,Café,Café en grano 1kg,L. Gómez,26,25900.0,0.0,673400.0,3.0
2026-06-21,Valle del Cauca,E-commerce,Cuidado,Jabón artesanal,A. Rojas,23,21900.0,0.05,478515.0,
2025-09-09,Santander,Marketplace,Cuidado,Shampoo sólido,S. Vargas,6,21000.0,0.1,113400.0,4.0
2026-07-08,Atlántico,Marketplace,Snacks,Mix de frutos secos,J. Peña,1,8400.0,0.0,8400.0,3.3
2025-08-23,Atlántico,E-commerce,Café,Café en grano 1kg,D. Mejía,13,28000.0,0.0,364000.0,5.0
2026-01-29,Eje Cafetero,Tienda física,Cuidado,Jabón artesanal,S. Vargas,20,18100.0,0.15,307700.0,2.9
2026-02-05,Bogotá,Distribuidor,Café,Café molido 500g,J. Peña,18,39800.0,0.0,716400.0,4.6
2026-04-10,Valle del Cauca,Marketplace,Cuidado,Crema corporal,C. Ramírez,3,19000.0,0.0,57000.0,4.0
2026-04-30,Antioquia,Tienda física,Cuidado,Jabón artesanal,M. Torres,14,20300.0,0.15,241570.0,4.6
2025-12-04,Eje Cafetero,Tienda física,Snacks,Mix de frutos secos,A. Rojas,20,11100.0,0.0,222000.0,4.1
2026-05-16,Antioquia,Marketplace,Cuidado,Shampoo sólido,L. Gómez,6,21600.0,0.15,110160.0,3.8
2025-10-25,Atlántico,E-commerce,Cuidado,Shampoo sólido,L. Gómez,13,21000.0,0.0,273000.0,4.6
2026-02-06,Valle del Cauca,Distribuidor,Cuidado,Shampoo sólido,A. Rojas,14,21700.0,0.1,273420.0,4.9
2026-05-12,Antioquia,Tienda física,Café,Café en grano 1kg,C. Ramírez,13,29300.0,0.0,380900.0,3.4
2026-03-19,Atlántico,E-commerce,Cuidado,Jabón artesanal,A. Rojas,15,20200.0,0.0,303000.0,3.1
2025-11-14,Atlántico,Tienda física,Snacks,Mix de frutos secos,D. Mejía,11,12400.0,0.15,115940.0,3.9
2026-03-23,Antioquia,Tienda física,Café,Café en grano 1kg,L. Gómez,1,26200.0,0.1,23580.0,3.7
2026-06-18,Eje Cafetero,Tienda física,Bebidas,Jugo natural 1L,J. Peña,27,7200.0,0.05,184680.0,3.1
2026-01-19,Eje Cafetero,Tienda física,Snacks,Chips de plátano,M. Torres,14,9100.0,0.1,114660.0,4.9
2026-05-03,Antioquia,Tienda física,Cuidado,Jabón artesanal,M. Torres,7,21700.0,0.1,136710.0,4.3
2026-07-17,Eje Cafetero,E-commerce,Café,Café en grano 1kg,D. Mejía,20,29800.0,0.1,536400.0,4.8
2026-04-02,Valle del Cauca,Distribuidor,Café,Café en grano 1kg,C. Ramírez,16,31000.0,0.1,446400.0,3.2
2026-04-28,Valle del Cauca,E-commerce,Bebidas,Agua saborizada,J. Peña,11,6900.0,0.15,64515.0,3.1
2026-01-09,Santander,E-commerce,Café,Cápsulas x20,,10,34300.0,0.1,308700.0,4.1
2025-12-29,Valle del Cauca,Marketplace,Bebidas,Jugo natural 1L,L. Gómez,8,9700.0,0.0,77600.0,
2025-09-12,Eje Cafetero,Marketplace,Snacks,Barra de cereal,S. Vargas,7,9200.0,0.1,57960.0,3.3
2026-01-18,Eje Cafetero,Marketplace,Snacks,Barra de cereal,J. Peña,10,10100.0,0.0,101000.0,3.2
2026-07-20,Antioquia,E-commerce,Bebidas,Té frío 500ml,A. Rojas,6,7500.0,0.05,42750.0,4.1
2025-12-29,Atlántico,Distribuidor,Café,Cápsulas x20,L. Gómez,19,38300.0,0.05,691315.0,4.0
2025-09-24,Santander,E-commerce,Café,Cápsulas x20,L. Gómez,7,30000.0,0.15,178500.0,3.8
2025-08-25,Bogotá,E-commerce,Bebidas,Agua saborizada,M. Torres,2,8300.0,0.0,16600.0,5.0
2026-03-19,Antioquia,Marketplace,Bebidas,Jugo natural 1L,L. Gómez,9,7100.0,0.05,60705.0,4.6
2025-12-11,Santander,E-commerce,Snacks,Chips de plátano,C. Ramírez,22,13000.0,0.0,286000.0,4.8
2025-08-20,Atlántico,Marketplace,Cuidado,Shampoo sólido,M. Torres,6,17900.0,0.05,102030.0,3.9
2025-08-16,Eje Cafetero,Tienda física,Café,Café molido 500g,,13,27400.0,0.15,302770.0,3.9
2026-06-07,Antioquia,Marketplace,Snacks,Mix de frutos secos,L. Gómez,23,9500.0,0.0,218500.0,4.6
2026-03-17,Eje Cafetero,Tienda física,Cuidado,Shampoo sólido,A. Rojas,6,19700.0,0.15,100470.0,2.8
2026-04-30,Atlántico,Marketplace,Bebidas,Té frío 500ml,C. Ramírez,10,6900.0,0.0,69000.0,4.7
2026-03-12,Santander,Distribuidor,Café,Cápsulas x20,D. Mejía,2,29700.0,0.0,59400.0,4.3
2026-01-11,Bogotá,Marketplace,Bebidas,Té frío 500ml,A. Rojas,2,7400.0,0.0,14800.0,3.2
2026-04-26,Atlántico,E-commerce,Cuidado,Shampoo sólido,D. Mejía,19,19200.0,0.0,364800.0,4.2
2026-01-25,Eje Cafetero,E-commerce,Bebidas,Jugo natural 1L,M. Torres,12,7800.0,0.1,84240.0,3.2
2026-07-29,Eje Cafetero,Distribuidor,Cuidado,Jabón artesanal,L. Gómez,20,17500.0,0.0,350000.0,3.5
2026-06-09,Eje Cafetero,E-commerce,Bebidas,Té frío 500ml,D. Mejía,11,8200.0,0.0,90200.0,3.7
2025-08-14,Valle del Cauca,E-commerce,Cuidado,Crema corporal,C. Ramírez,18,22500.0,0.0,405000.0,5.0
2026-06-10,Antioquia,E-commerce,Café,Cápsulas x20,C. Ramírez,2,31700.0,0.0,63400.0,3.2
2026-01-05,Valle del Cauca,E-commerce,Cuidado,Crema corporal,A. Rojas,7,21700.0,0.1,136710.0,3.5
2026-04-03,Santander,Tienda física,Bebidas,Té frío 500ml,J. Peña,6,7400.0,0.0,44400.0,4.0
2026-02-09,Eje Cafetero,Tienda física,Snacks,Chips de plátano,C. Ramírez,12,8900.0,0.0,106800.0,3.4
2026-03-09,Eje Cafetero,Tienda física,Bebidas,Té frío 500ml,J. Peña,1,6600.0,0.15,5610.0,4.2
2026-01-15,Valle del Cauca,Marketplace,Bebidas,Agua saborizada,S. Vargas,23,6200.0,0.05,135470.0,4.0
2026-03-29,Santander,Marketplace,Bebidas,Jugo natural 1L,M. Torres,20,5900.0,0.05,112100.0,
2026-02-21,Antioquia,Tienda física,Café,Café molido 500g,S. Vargas,1,25400.0,0.0,25400.0,4.0
2025-08-31,Bogotá,Marketplace,Snacks,Mix de frutos secos,L. Gómez,17,11000.0,0.0,187000.0,4.0
2026-07-30,Bogotá,E-commerce,Café,Café en grano 1kg,D. Mejía,22,39000.0,0.1,772200.0,4.7
2025-09-22,Bogotá,Tienda física,Café,Café en grano 1kg,D. Mejía,29,32300.0,0.1,843030.0,3.2
2026-07-26,Eje Cafetero,Marketplace,Bebidas,Té frío 500ml,L. Gómez,15,7400.0,0.0,111000.0,4.0
2026-06-06,Eje Cafetero,Tienda física,Café,Cápsulas x20,A. Rojas,20,29700.0,0.0,594000.0,3.2
2026-01-31,Eje Cafetero,Tienda física,Café,Cápsulas x20,L. Gómez,15,30800.0,0.05,438900.0,
2026-02-09,Atlántico,Tienda física,Snacks,Chips de plátano,A. Rojas,20,10200.0,0.0,204000.0,4.1
2025-08-29,Santander,Distribuidor,Café,Cápsulas x20,C. Ramírez,17,30200.0,0.0,513400.0,3.4
2026-03-23,Valle del Cauca,Distribuidor,Café,Cápsulas x20,M. Torres,23,28400.0,0.0,653200.0,3.6
2026-07-10,Valle del Cauca,Tienda física,Bebidas,Agua saborizada,M. Torres,20,6600.0,0.15,112200.0,3.1
2026-07-07,Eje Cafetero,Tienda física,Café,Café molido 500g,A. Rojas,12,25800.0,0.1,278640.0,3.4
2025-10-16,Valle del Cauca,Distribuidor,Café,Café molido 500g,L. Gómez,3,30100.0,0.1,81270.0,2.9
2025-10-28,Atlántico,Marketplace,Bebidas,Jugo natural 1L,A. Rojas,17,6500.0,0.0,110500.0,4.2
2026-02-16,Atlántico,E-commerce,Snacks,Chips de plátano,L. Gómez,18,10500.0,0.0,189000.0,4.3
2025-11-05,Eje Cafetero,Marketplace,Cuidado,Jabón artesanal,C. Ramírez,4,26000.0,0.15,88400.0,3.6
2026-03-05,Santander,Distribuidor,Bebidas,Té frío 500ml,M. Torres,15,6200.0,0.0,93000.0,4.7
2026-08-06,Eje Cafetero,Distribuidor,Snacks,Mix de frutos secos,L. Gómez,14,8200.0,0.0,114800.0,4.6
2025-11-29,Eje Cafetero,Tienda física,Café,Cápsulas x20,M. Torres,26,35900.0,0.0,933400.0,2.9
2025-08-25,Eje Cafetero,Marketplace,Bebidas,Agua saborizada,L. Gómez,11,7000.0,0.0,77000.0,4.0
2026-02-18,Santander,E-commerce,Cuidado,Jabón artesanal,A. Rojas,11,21300.0,0.05,222585.0,4.1
2025-09-29,Antioquia,Distribuidor,Cuidado,Shampoo sólido,M. Torres,24,21000.0,0.05,478800.0,3.9
2025-09-13,Bogotá,Distribuidor,Cuidado,Crema corporal,A. Rojas,4,26500.0,0.15,90100.0,4.3
2025-11-27,Valle del Cauca,E-commerce,Café,Café molido 500g,D. Mejía,16,46800.0,0.0,748800.0,3.0
2026-06-30,Atlántico,Tienda física,Cuidado,Jabón artesanal,M. Torres,15,18700.0,0.15,238425.0,3.1
2026-04-19,Atlántico,Tienda física,Snacks,Chips de plátano,S. Vargas,5,9700.0,0.0,48500.0,4.3
2026-07-28,Atlántico,Marketplace,Bebidas,Jugo natural 1L,L. Gómez,12,7400.0,0.05,84360.0,3.8
2025-08-18,Valle del Cauca,Distribuidor,Snacks,Chips de plátano,A. Rojas,13,9300.0,0.0,120900.0,3.4
2026-04-04,Eje Cafetero,Distribuidor,Café,Café en grano 1kg,J. Peña,26,30400.0,0.05,750880.0,4.5
2025-10-24,Antioquia,Marketplace,Café,Café en grano 1kg,D. Mejía,10,27000.0,0.0,270000.0,4.8
2025-08-20,Antioquia,Distribuidor,Bebidas,Agua saborizada,J. Peña,21,6000.0,0.0,126000.0,3.3
2026-01-08,Antioquia,Distribuidor,Café,Café molido 500g,,12,28900.0,0.0,346800.0,3.1
2026-02-20,Valle del Cauca,Marketplace,Cuidado,Shampoo sólido,S. Vargas,6,17600.0,0.05,100320.0,3.9
2026-02-02,Santander,E-commerce,Bebidas,Agua saborizada,L. Gómez,16,7100.0,0.1,102240.0,4.4
2025-10-14,Santander,Tienda física,Café,Café en grano 1kg,S. Vargas,29,27400.0,0.0,794600.0,4.5
2025-10-12,Valle del Cauca,Marketplace,Bebidas,Té frío 500ml,A. Rojas,17,6000.0,0.0,102000.0,3.4
2026-04-28,Eje Cafetero,Distribuidor,Snacks,Barra de cereal,S. Vargas,17,9000.0,0.15,130050.0,3.8
2025-09-16,Eje Cafetero,Distribuidor,Cuidado,Crema corporal,J. Peña,17,17500.0,0.0,297500.0,4.8
2026-01-01,Santander,Marketplace,Cuidado,Crema corporal,D. Mejía,11,18200.0,0.05,190190.0,3.8
2026-04-11,Valle del Cauca,Marketplace,Snacks,Barra de cereal,D. Mejía,15,9300.0,0.1,125550.0,2.9
2025-09-30,Antioquia,E-commerce,Snacks,Mix de frutos secos,S. Vargas,22,10700.0,0.1,211860.0,3.5
2026-05-24,Bogotá,Distribuidor,Snacks,Chips de plátano,C. Ramírez,20,10800.0,0.0,216000.0,4.5
2025-12-03,Antioquia,Tienda física,Snacks,Barra de cereal,L. Gómez,20,11700.0,0.0,234000.0,4.4
2025-12-30,Eje Cafetero,Distribuidor,Café,Café en grano 1kg,J. Peña,23,37900.0,0.0,871700.0,4.9
2025-12-14,Bogotá,Tienda física,Cuidado,Shampoo sólido,J. Peña,26,34300.0,0.05,847210.0,4.8
2026-07-30,Atlántico,Tienda física,Café,Café molido 500g,J. Peña,25,28300.0,0.0,707500.0,3.1
2026-02-27,Santander,Tienda física,Bebidas,Jugo natural 1L,C. Ramírez,13,7200.0,0.15,79560.0,
2026-01-10,Antioquia,E-commerce,Cuidado,Jabón artesanal,C. Ramírez,13,21700.0,0.05,267995.0,3.5
2025-10-08,Valle del Cauca,Distribuidor,Bebidas,Agua saborizada,L. Gómez,9,7200.0,0.0,64800.0,4.8
2026-04-15,Bogotá,Tienda física,Snacks,Mix de frutos secos,L. Gómez,11,11200.0,0.1,110880.0,3.2
2026-04-23,Santander,Tienda física,Cuidado,Crema corporal,C. Ramírez,18,19500.0,0.05,333450.0,4.1
2025-12-06,Eje Cafetero,Distribuidor,Café,Cápsulas x20,J. Peña,9,41400.0,0.0,372600.0,3.1
2025-11-25,Santander,E-commerce,Cuidado,Crema corporal,J. Peña,21,30800.0,0.0,646800.0,3.3
2025-10-23,Antioquia,Distribuidor,Cuidado,Jabón artesanal,C. Ramírez,14,19500.0,0.0,273000.0,
2025-12-16,Bogotá,E-commerce,Cuidado,Crema corporal,D. Mejía,16,34400.0,0.0,550400.0,3.9
2026-06-23,Valle del Cauca,Marketplace,Café,Café en grano 1kg,S. Vargas,22,27100.0,0.0,596200.0,3.0
2026-04-12,Eje Cafetero,Distribuidor,Cuidado,Shampoo sólido,M. Torres,12,19100.0,0.1,206280.0,3.7
2026-02-09,Eje Cafetero,E-commerce,Bebidas,Jugo natural 1L,S. Vargas,24,7300.0,0.0,175200.0,4.9
2026-05-05,Atlántico,Tienda física,Café,Cápsulas x20,L. Gómez,12,32200.0,0.0,386400.0,5.0
2025-12-13,Eje Cafetero,E-commerce,Café,Café en grano 1kg,M. Torres,12,38500.0,0.15,392700.0,4.6
2025-11-25,Antioquia,E-commerce,Bebidas,Agua saborizada,S. Vargas,19,10100.0,0.15,163115.0,3.3
2026-04-14,Atlántico,Marketplace,Bebidas,Té frío 500ml,D. Mejía,24,7400.0,0.0,177600.0,3.7
2025-08-26,Antioquia,Distribuidor,Cuidado,Crema corporal,S. Vargas,4,21800.0,0.15,74120.0,4.1
2025-08-30,Bogotá,Tienda física,Cuidado,Shampoo sólido,C. Ramírez,8,23500.0,0.0,188000.0,3.6
2026-07-08,Valle del Cauca,Marketplace,Bebidas,Agua saborizada,,17,7400.0,0.1,113220.0,3.0
2026-01-19,Valle del Cauca,E-commerce,Café,Cápsulas x20,J. Peña,21,33700.0,0.05,672315.0,2.9
2025-12-27,Santander,Tienda física,Café,Cápsulas x20,J. Peña,10,43200.0,0.0,432000.0,3.7
2026-03-08,Atlántico,E-commerce,Bebidas,Té frío 500ml,L. Gómez,25,7900.0,0.1,177750.0,
2025-09-23,Bogotá,Tienda física,Cuidado,Crema corporal,M. Torres,1,24200.0,0.05,22990.0,2.8
2026-05-21,Santander,Marketplace,Bebidas,Agua saborizada,M. Torres,25,6500.0,0.1,146250.0,4.9
2026-07-24,Antioquia,E-commerce,Bebidas,Jugo natural 1L,J. Peña,3,7900.0,0.0,23700.0,3.2
2025-09-08,Eje Cafetero,Tienda física,Bebidas,Té frío 500ml,D. Mejía,13,6200.0,0.1,72540.0,
2026-04-25,Atlántico,Marketplace,Bebidas,Jugo natural 1L,A. Rojas,16,6600.0,0.15,89760.0,4.4
2026-03-18,Atlántico,Tienda física,Bebidas,Jugo natural 1L,J. Peña,7,6000.0,0.0,42000.0,3.4
2026-02-07,Antioquia,E-commerce,Café,Café molido 500g,S. Vargas,22,30300.0,0.0,666600.0,
2026-08-05,Atlántico,Distribuidor,Cuidado,Shampoo sólido,C. Ramírez,19,20900.0,0.0,397100.0,5.0
2026-07-22,Bogotá,Marketplace,Café,Café en grano 1kg,D. Mejía,11,37900.0,0.0,416900.0,4.0
2026-01-12,Antioquia,Marketplace,Bebidas,Jugo natural 1L,M. Torres,15,6900.0,0.0,103500.0,4.0
2025-12-01,Santander,E-commerce,Cuidado,Shampoo sólido,M. Torres,1,28100.0,0.15,23885.0,4.1
2025-11-03,Antioquia,Tienda física,Cuidado,Crema corporal,C. Ramírez,19,24800.0,0.0,471200.0,3.1
2026-08-01,Santander,E-commerce,Café,Café en grano 1kg,J. Peña,10,29600.0,0.15,251600.0,4.4
2025-08-22,Eje Cafetero,E-commerce,Snacks,Chips de plátano,D. Mejía,15,10200.0,0.0,153000.0,4.0
2026-01-13,Bogotá,Marketplace,Cuidado,Jabón artesanal,L. Gómez,5,25100.0,0.05,119225.0,3.6
2026-01-04,Santander,Marketplace,Snacks,Chips de plátano,L. Gómez,15,8600.0,0.0,129000.0,4.0
2025-11-11,Antioquia,E-commerce,Snacks,Mix de frutos secos,S. Vargas,15,12500.0,0.1,168750.0,3.0
2026-06-10,Valle del Cauca,Distribuidor,Cuidado,Shampoo sólido,D. Mejía,9,21600.0,0.05,184680.0,3.3
2026-03-04,Bogotá,E-commerce,Snacks,Barra de cereal,D. Mejía,13,12200.0,0.0,158600.0,4.2
2026-05-10,Santander,Distribuidor,Cuidado,Shampoo sólido,A. Rojas,8,19000.0,0.05,144400.0,3.8
2025-12-12,Valle del Cauca,E-commerce,Cuidado,Jabón artesanal,A. Rojas,1,29300.0,0.0,29300.0,3.4
2025-08-26,Eje Cafetero,Marketplace,Bebidas,Jugo natural 1L,M. Torres,7,6600.0,0.0,46200.0,4.3
2025-08-14,Antioquia,E-commerce,Cuidado,Crema corporal,C. Ramírez,14,22100.0,0.0,309400.0,
2025-09-21,Atlántico,Distribuidor,Bebidas,Agua saborizada,J. Peña,13,6000.0,0.0,78000.0,3.1
2026-07-11,Eje Cafetero,Marketplace,Cuidado,Jabón artesanal,L. Gómez,1,20700.0,0.1,18630.0,3.2
2026-06-25,Bogotá,Marketplace,Bebidas,Agua saborizada,J. Peña,19,7800.0,0.0,148200.0,4.1
2026-06-07,Bogotá,Tienda física,Café,Cápsulas x20,C. Ramírez,19,37300.0,0.0,708700.0,4.2
2025-12-04,Santander,E-commerce,Snacks,Barra de cereal,D. Mejía,12,14100.0,0.1,152280.0,2.8
2025-12-29,Santander,E-commerce,Bebidas,Jugo natural 1L,S. Vargas,12,10700.0,0.15,109140.0,4.0
2025-08-29,Eje Cafetero,E-commerce,Snacks,Chips de plátano,J. Peña,13,9400.0,0.0,122200.0,4.8
2025-11-19,Eje Cafetero,Tienda física,Bebidas,Té frío 500ml,L. Gómez,19,9400.0,0.0,178600.0,3.8
2026-01-15,Atlántico,Tienda física,Snacks,Chips de plátano,D. Mejía,3,10000.0,0.0,30000.0,3.3
2026-03-01,Bogotá,Tienda física,Bebidas,Jugo natural 1L,A. Rojas,15,7600.0,0.0,114000.0,3.3
2026-05-05,Eje Cafetero,E-commerce,Café,Cápsulas x20,L. Gómez,20,33500.0,0.0,670000.0,3.7
2026-05-24,Atlántico,E-commerce,Bebidas,Té frío 500ml,M. Torres,21,7000.0,0.1,132300.0,4.0
2025-10-07,Santander,E-commerce,Cuidado,Shampoo sólido,M. Torres,6,20100.0,0.0,120600.0,4.6
2026-06-07,Atlántico,Distribuidor,Bebidas,Agua saborizada,D. Mejía,19,7200.0,0.1,123120.0,4.2
2026-01-16,Antioquia,Tienda física,Cuidado,Shampoo sólido,M. Torres,12,18600.0,0.1,200880.0,4.8
2025-10-05,Eje Cafetero,Marketplace,Bebidas,Té frío 500ml,A. Rojas,12,6200.0,0.15,63240.0,2.8
2026-03-19,Santander,Tienda física,Bebidas,Jugo natural 1L,D. Mejía,12,7400.0,0.0,88800.0,3.8
2026-03-26,Atlántico,Distribuidor,Cuidado,Crema corporal,L. Gómez,14,19500.0,0.0,273000.0,4.4
2026-02-26,Eje Cafetero,Tienda física,Café,Café molido 500g,S. Vargas,16,30100.0,0.0,481600.0,3.6
2025-12-17,Eje Cafetero,Distribuidor,Cuidado,Crema corporal,L. Gómez,1,27400.0,0.05,26030.0,3.2
2026-05-13,Atlántico,Marketplace,Café,Café en grano 1kg,S. Vargas,26,26900.0,0.15,594490.0,3.8
2026-05-04,Eje Cafetero,E-commerce,Bebidas,Té frío 500ml,J. Peña,12,7700.0,0.0,92400.0,3.5
2026-03-09,Bogotá,Distribuidor,Bebidas,Agua saborizada,M. Torres,22,7800.0,0.0,171600.0,4.2
2026-05-18,Bogotá,Tienda física,Cuidado,Jabón artesanal,C. Ramírez,13,26000.0,0.15,287300.0,3.1
2025-10-28,Santander,Distribuidor,Café,Café en grano 1kg,A. Rojas,22,29500.0,0.1,584100.0,4.0
2026-07-06,Atlántico,Marketplace,Bebidas,Jugo natural 1L,J. Peña,20,6900.0,0.0,138000.0,4.4
2026-07-27,Eje Cafetero,E-commerce,Bebidas,Agua saborizada,J. Peña,5,7600.0,0.15,32300.0,4.3
2025-12-06,Antioquia,Distribuidor,Bebidas,Jugo natural 1L,C. Ramírez,16,8900.0,0.05,135280.0,4.0
2026-07-01,Valle del Cauca,Tienda física,Cuidado,Jabón artesanal,L. Gómez,1,19200.0,0.05,18240.0,2.9
2025-10-01,Santander,Marketplace,Bebidas,Té frío 500ml,A. Rojas,2,6400.0,0.0,12800.0,4.1
2026-04-20,Antioquia,Tienda física,Bebidas,Té frío 500ml,C. Ramírez,8,6400.0,0.15,43520.0,4.4
2026-01-18,Antioquia,Marketplace,Café,Café en grano 1kg,L. Gómez,16,30200.0,0.0,483200.0,3.6
2026-04-05,Antioquia,E-commerce,Cuidado,Crema corporal,M. Torres,10,19600.0,0.05,186200.0,3.7
2026-01-04,Bogotá,Tienda física,Cuidado,Jabón artesanal,C. Ramírez,14,23600.0,0.0,330400.0,4.3
2026-02-10,Eje Cafetero,Distribuidor,Bebidas,Agua saborizada,A. Rojas,12,6800.0,0.0,81600.0,3.5
2026-04-30,Atlántico,Distribuidor,Café,Café molido 500g,J. Peña,15,27900.0,0.15,355725.0,3.9
2026-03-04,Atlántico,Marketplace,Café,Café molido 500g,J. Peña,15,26700.0,0.0,400500.0,4.5
2025-10-13,Atlántico,Marketplace,Cuidado,Crema corporal,L. Gómez,13,18400.0,0.0,239200.0,3.5
2025-12-25,Antioquia,Distribuidor,Café,Cápsulas x20,M. Torres,4,36700.0,0.0,146800.0,3.7
2026-06-03,Atlántico,E-commerce,Cuidado,Jabón artesanal,C. Ramírez,8,22100.0,0.0,176800.0,3.0
2025-08-22,Eje Cafetero,E-commerce,Cuidado,Crema corporal,C. Ramírez,1,22700.0,0.15,19295.0,3.2
2025-12-24,Valle del Cauca,Marketplace,Bebidas,Jugo natural 1L,D. Mejía,2,8300.0,0.0,16600.0,4.9
2026-06-28,Bogotá,E-commerce,Snacks,Chips de plátano,C. Ramírez,13,13200.0,0.15,145860.0,3.0
2025-10-06,Santander,Tienda física,Cuidado,Jabón artesanal,C. Ramírez,15,20400.0,0.05,290700.0,3.1
2026-03-08,Antioquia,Marketplace,Cuidado,Jabón artesanal,M. Torres,19,17800.0,0.1,304380.0,4.8
2026-05-31,Santander,Distribuidor,Bebidas,Jugo natural 1L,C. Ramírez,20,6500.0,0.15,110500.0,4.3
2026-01-10,Valle del Cauca,E-commerce,Snacks,Barra de cereal,S. Vargas,13,10700.0,0.0,139100.0,4.3
2025-11-22,Bogotá,Marketplace,Bebidas,Té frío 500ml,S. Vargas,19,10300.0,0.0,195700.0,3.2
2026-03-20,Antioquia,Tienda física,Bebidas,Jugo natural 1L,J. Peña,10,6800.0,0.0,68000.0,3.0
2025-10-30,Bogotá,Distribuidor,Bebidas,Té frío 500ml,J. Peña,17,8000.0,0.1,122400.0,4.1
2026-07-18,Valle del Cauca,Marketplace,Bebidas,Jugo natural 1L,J. Peña,13,6400.0,0.0,83200.0,3.9
2026-03-03,Bogotá,E-commerce,Cuidado,Jabón artesanal,A. Rojas,12,25000.0,0.0,300000.0,3.0
2025-11-12,Santander,E-commerce,Café,Café en grano 1kg,S. Vargas,28,41200.0,0.0,1153600.0,3.9
2025-09-07,Atlántico,Distribuidor,Bebidas,Agua saborizada,J. Peña,18,6800.0,0.0,122400.0,4.9
2026-05-08,Eje Cafetero,Distribuidor,Café,Café molido 500g,S. Vargas,19,28400.0,0.1,485640.0,4.5
2026-01-02,Bogotá,E-commerce,Café,Café en grano 1kg,L. Gómez,16,37100.0,0.0,593600.0,3.0
2026-07-23,Eje Cafetero,Distribuidor,Café,Cápsulas x20,C. Ramírez,22,29000.0,0.15,542300.0,
2025-12-24,Atlántico,E-commerce,Bebidas,Jugo natural 1L,L. Gómez,11,8900.0,0.1,88110.0,3.0
2026-01-28,Valle del Cauca,Distribuidor,Snacks,Chips de plátano,M. Torres,17,8900.0,0.15,128605.0,3.8
2025-08-10,Santander,Distribuidor,Bebidas,Agua saborizada,C. Ramírez,19,6800.0,0.15,109820.0,3.4
2026-05-15,Santander,E-commerce,Cuidado,Crema corporal,M. Torres,6,22500.0,0.0,135000.0,4.0
2026-04-21,Bogotá,E-commerce,Snacks,Barra de cereal,M. Torres,27,13000.0,0.0,351000.0,4.4
2026-03-08,Antioquia,Marketplace,Bebidas,Agua saborizada,A. Rojas,9,7300.0,0.05,62415.0,3.0
2026-06-03,Santander,Marketplace,Café,Café en grano 1kg,M. Torres,8,29200.0,0.15,198560.0,2.8
2025-08-20,Santander,Tienda física,Cuidado,Shampoo sólido,D. Mejía,18,21400.0,0.1,346680.0,3.9
2025-11-01,Valle del Cauca,Distribuidor,Bebidas,Jugo natural 1L,S. Vargas,9,10000.0,0.15,76500.0,4.9
2025-08-12,Valle del Cauca,E-commerce,Cuidado,Crema corporal,S. Vargas,2,19200.0,0.0,38400.0,3.2
2026-05-14,Eje Cafetero,Tienda física,Bebidas,Agua saborizada,L. Gómez,1,6700.0,0.0,6700.0,
2026-01-29,Bogotá,E-commerce,Cuidado,Shampoo sólido,M. Torres,15,23700.0,0.0,355500.0,4.3
2025-08-18,Antioquia,Marketplace,Snacks,Barra de cereal,C. Ramírez,19,10300.0,0.05,185915.0,4.6
2026-05-03,Santander,Distribuidor,Café,Cápsulas x20,J. Peña,14,28600.0,0.0,400400.0,4.7
2025-08-08,Antioquia,Tienda física,Bebidas,Té frío 500ml,L. Gómez,3,6800.0,0.05,19380.0,3.6
2026-05-27,Bogotá,Marketplace,Cuidado,Crema corporal,J. Peña,20,26200.0,0.1,471600.0,4.1
2026-05-28,Eje Cafetero,Tienda física,Bebidas,Agua saborizada,J. Peña,14,7000.0,0.0,98000.0,3.1
2026-02-02,Valle del Cauca,E-commerce,Bebidas,Jugo natural 1L,L. Gómez,9,6800.0,0.0,61200.0,4.1
2025-08-17,Bogotá,Tienda física,Bebidas,Agua saborizada,C. Ramírez,16,7700.0,0.05,117040.0,4.4
2026-05-13,Atlántico,Tienda física,Café,Café molido 500g,L. Gómez,14,27900.0,0.15,332010.0,4.6
2026-01-19,Bogotá,E-commerce,Bebidas,Jugo natural 1L,A. Rojas,17,8600.0,0.05,138890.0,4.7
2025-09-13,Santander,Marketplace,Snacks,Mix de frutos secos,D. Mejía,8,8700.0,0.05,66120.0,4.7
2026-07-05,Bogotá,Tienda física,Bebidas,Té frío 500ml,A. Rojas,19,7700.0,0.1,131670.0,3.7
2025-08-22,Bogotá,Tienda física,Snacks,Chips de plátano,M. Torres,10,12500.0,0.0,125000.0,4.5
2026-05-08,Santander,Tienda física,Cuidado,Shampoo sólido,J. Peña,6,18600.0,0.15,94860.0,5.0
2026-03-13,Antioquia,E-commerce,Café,Cápsulas x20,M. Torres,27,35200.0,0.0,950400.0,5.0
2025-10-18,Bogotá,Tienda física,Cuidado,Shampoo sólido,S. Vargas,16,21800.0,0.0,348800.0,4.1
2026-05-22,Antioquia,Distribuidor,Cuidado,Shampoo sólido,M. Torres,5,17900.0,0.0,89500.0,4.1
2025-11-10,Antioquia,E-commerce,Café,Café en grano 1kg,A. Rojas,16,47500.0,0.15,646000.0,4.5
2025-08-20,Valle del Cauca,Marketplace,Café,Café molido 500g,M. Torres,20,27300.0,0.15,464100.0,4.5
2026-02-19,Atlántico,Distribuidor,Cuidado,Jabón artesanal,S. Vargas,10,18300.0,0.1,164700.0,2.8
2025-09-06,Atlántico,E-commerce,Cuidado,Shampoo sólido,S. Vargas,16,22600.0,0.1,325440.0,4.6
2025-09-02,Santander,Marketplace,Snacks,Chips de plátano,D. Mejía,14,9600.0,0.0,134400.0,4.8
2026-07-07,Atlántico,E-commerce,Café,Café en grano 1kg,D. Mejía,16,34600.0,0.05,525920.0,3.4
2026-04-27,Eje Cafetero,Marketplace,Cuidado,Crema corporal,C. Ramírez,13,17800.0,0.0,231400.0,3.0
2026-03-17,Antioquia,Tienda física,Snacks,Mix de frutos secos,J. Peña,10,9300.0,0.05,88350.0,4.0
2026-02-05,Antioquia,Marketplace,Cuidado,Shampoo sólido,J. Peña,11,20600.0,0.0,226600.0,3.3
2026-04-23,Valle del Cauca,E-commerce,Café,Cápsulas x20,S. Vargas,17,34800.0,0.0,591600.0,3.3
2026-05-23,Atlántico,Tienda física,Café,Café molido 500g,A. Rojas,3,26700.0,0.0,80100.0,3.9
2025-08-15,Eje Cafetero,Distribuidor,Bebidas,Jugo natural 1L,L. Gómez,2,6400.0,0.15,10880.0,5.0
2026-02-12,Eje Cafetero,E-commerce,Cuidado,Shampoo sólido,J. Peña,14,21100.0,0.1,265860.0,3.1
2025-08-24,Santander,E-commerce,Cuidado,Shampoo sólido,D. Mejía,19,23200.0,0.0,440800.0,3.4
2026-04-17,Antioquia,Distribuidor,Bebidas,Jugo natural 1L,S. Vargas,20,7100.0,0.0,142000.0,3.3
2026-06-20,Bogotá,E-commerce,Snacks,Barra de cereal,J. Peña,14,12100.0,0.0,169400.0,3.9
2026-04-22,Bogotá,Marketplace,Café,Café en grano 1kg,L. Gómez,1,31500.0,0.05,29925.0,3.9
2025-10-14,Bogotá,Distribuidor,Café,Cápsulas x20,J. Peña,11,38300.0,0.0,421300.0,4.5
2026-06-08,Atlántico,Tienda física,Bebidas,Té frío 500ml,A. Rojas,16,6900.0,0.1,99360.0,3.4
2026-06-29,Antioquia,Marketplace,Snacks,Barra de cereal,M. Torres,2,8200.0,0.0,16400.0,3.8
2025-09-20,Santander,E-commerce,Café,Café molido 500g,A. Rojas,18,32100.0,0.0,577800.0,3.6
2026-04-07,Bogotá,Distribuidor,Cuidado,Shampoo sólido,S. Vargas,5,21400.0,0.1,96300.0,3.4
2026-02-24,Antioquia,E-commerce,Café,Café en grano 1kg,D. Mejía,17,29400.0,0.15,424830.0,3.9
2026-03-19,Antioquia,Marketplace,Bebidas,Agua saborizada,A. Rojas,8,6400.0,0.15,43520.0,4.9
2025-10-05,Antioquia,Tienda física,Cuidado,Crema corporal,J. Peña,5,20200.0,0.0,101000.0,4.0
2025-08-30,Bogotá,Marketplace,Bebidas,Agua saborizada,D. Mejía,7,9000.0,0.1,56700.0,3.7
2025-09-19,Atlántico,Marketplace,Snacks,Barra de cereal,M. Torres,5,8900.0,0.15,37825.0,4.4
2025-10-03,Atlántico,Distribuidor,Cuidado,Jabón artesanal,S. Vargas,9,20800.0,0.15,159120.0,4.0
2026-01-18,Eje Cafetero,Tienda física,Cuidado,Shampoo sólido,L. Gómez,9,19000.0,0.0,171000.0,4.9
2025-08-17,Antioquia,Distribuidor,Snacks,Chips de plátano,J. Peña,16,8500.0,0.1,122400.0,4.6
2025-10-20,Bogotá,Tienda física,Cuidado,Jabón artesanal,S. Vargas,18,26400.0,0.05,451440.0,4.6
2026-05-20,Valle del Cauca,E-commerce,Bebidas,Té frío 500ml,A. Rojas,13,7400.0,0.0,96200.0,3.9
2025-08-08,Eje Cafetero,E-commerce,Café,Café molido 500g,D. Mejía,7,30800.0,0.0,215600.0,3.4
2026-02-23,Antioquia,Tienda física,Cuidado,Crema corporal,J. Peña,3,17700.0,0.05,50445.0,4.4
2025-11-19,Bogotá,Marketplace,Cuidado,Shampoo sólido,A. Rojas,3,32700.0,0.1,88290.0,3.9
2025-09-22,Santander,E-commerce,Bebidas,Agua saborizada,A. Rojas,14,6700.0,0.1,84420.0,4.8
2026-07-13,Antioquia,Tienda física,Bebidas,Té frío 500ml,M. Torres,10,6400.0,0.15,54400.0,5.0
2026-04-21,Santander,Marketplace,Cuidado,Shampoo sólido,,22,19200.0,0.0,422400.0,2.9
2026-08-06,Antioquia,Distribuidor,Bebidas,Jugo natural 1L,C. Ramírez,2,7400.0,0.1,13320.0,3.7
2025-11-10,Antioquia,Distribuidor,Bebidas,Agua saborizada,A. Rojas,14,7900.0,0.0,110600.0,3.5
2025-11-10,Bogotá,Distribuidor,Cuidado,Jabón artesanal,J. Peña,23,30600.0,0.0,703800.0,3.2
2026-06-28,Atlántico,E-commerce,Bebidas,Té frío 500ml,S. Vargas,15,7100.0,0.0,106500.0,3.6
2025-12-26,Bogotá,Tienda física,Snacks,Mix de frutos secos,J. Peña,28,15200.0,0.05,404320.0,2.9
2026-04-15,Valle del Cauca,E-commerce,Cuidado,Shampoo sólido,C. Ramírez,16,21200.0,0.0,339200.0,3.3
2025-11-03,Santander,E-commerce,Snacks,Mix de frutos secos,D. Mejía,22,12600.0,0.15,235620.0,3.6
2025-09-28,Eje Cafetero,Tienda física,Snacks,Barra de cereal,C. Ramírez,9,8300.0,0.05,70965.0,4.6
2025-11-28,Eje Cafetero,Tienda física,Café,Café molido 500g,S. Vargas,22,42700.0,0.0,939400.0,4.2
2026-04-20,Valle del Cauca,Distribuidor,Café,Café molido 500g,J. Peña,8,26600.0,0.15,180880.0,3.7
2025-12-03,Antioquia,Tienda física,Snacks,Mix de frutos secos,J. Peña,12,13100.0,0.0,157200.0,5.0
2026-04-08,Valle del Cauca,Marketplace,Snacks,Mix de frutos secos,M. Torres,9,8800.0,0.0,79200.0,3.8
2025-11-08,Antioquia,Marketplace,Café,Cápsulas x20,L. Gómez,18,43100.0,0.0,775800.0,3.8
2026-08-03,Eje Cafetero,Marketplace,Cuidado,Crema corporal,D. Mejía,18,18700.0,0.0,336600.0,4.0
2026-02-22,Antioquia,Tienda física,Café,Café en grano 1kg,D. Mejía,24,27800.0,0.0,667200.0,3.3
2025-10-18,Antioquia,E-commerce,Cuidado,Shampoo sólido,S. Vargas,13,21400.0,0.0,278200.0,4.0
2026-06-08,Eje Cafetero,E-commerce,Café,Cápsulas x20,J. Peña,19,33600.0,0.0,638400.0,4.6
2025-11-24,Bogotá,Tienda física,Café,Café en grano 1kg,M. Torres,13,53200.0,0.0,691600.0,3.2
2025-11-13,Eje Cafetero,Distribuidor,Cuidado,Jabón artesanal,S. Vargas,22,24600.0,0.1,487080.0,4.5
2026-06-15,Eje Cafetero,Tienda física,Bebidas,Agua saborizada,J. Peña,23,6000.0,0.1,124200.0,3.8
2025-08-14,Bogotá,Marketplace,Café,Café en grano 1kg,D. Mejía,10,36400.0,0.0,364000.0,4.8
2025-09-13,Valle del Cauca,E-commerce,Bebidas,Té frío 500ml,C. Ramírez,19,7300.0,0.15,117895.0,
2026-04-29,Atlántico,Marketplace,Snacks,Barra de cereal,J. Peña,20,10300.0,0.1,185400.0,3.0
2025-08-19,Valle del Cauca,E-commerce,Snacks,Mix de frutos secos,M. Torres,9,10700.0,0.05,91485.0,3.6
2026-03-30,Atlántico,Tienda física,Bebidas,Agua saborizada,L. Gómez,1,7100.0,0.1,6390.0,3.8
2026-06-05,Atlántico,Tienda física,Bebidas,Jugo natural 1L,M. Torres,11,6900.0,0.0,75900.0,3.4
2026-07-28,Santander,E-commerce,Bebidas,Agua saborizada,L. Gómez,9,7000.0,0.0,63000.0,4.2
2025-10-14,Eje Cafetero,Distribuidor,Café,Cápsulas x20,S. Vargas,15,31200.0,0.1,421200.0,3.0
2026-07-24,Eje Cafetero,Tienda física,Café,Cápsulas x20,C. Ramírez,12,30600.0,0.05,348840.0,3.5
2026-03-03,Atlántico,E-commerce,Cuidado,Shampoo sólido,M. Torres,7,23700.0,0.1,149310.0,3.8
2026-03-12,Eje Cafetero,Distribuidor,Cuidado,Shampoo sólido,C. Ramírez,23,17800.0,0.15,347990.0,4.9
2026-06-05,Bogotá,E-commerce,Snacks,Chips de plátano,L. Gómez,1,13500.0,0.15,11475.0,3.3
2025-12-08,Atlántico,E-commerce,Cuidado,Shampoo sólido,A. Rojas,5,28500.0,0.1,128250.0,4.9
2026-04-26,Bogotá,Marketplace,Bebidas,Té frío 500ml,L. Gómez,6,8200.0,0.0,49200.0,4.2
2026-03-26,Antioquia,Tienda física,Bebidas,Jugo natural 1L,D. Mejía,16,5900.0,0.0,94400.0,4.7
2026-01-01,Atlántico,Marketplace,Bebidas,Té frío 500ml,A. Rojas,8,7300.0,0.15,49640.0,4.0
2026-04-04,Eje Cafetero,Marketplace,Snacks,Mix de frutos secos,S. Vargas,17,8500.0,0.1,130050.0,4.2
2026-04-05,Eje Cafetero,Marketplace,Snacks,Chips de plátano,C. Ramírez,14,8400.0,0.1,105840.0,4.6
2025-12-27,Eje Cafetero,Marketplace,Snacks,Chips de plátano,S. Vargas,7,13400.0,0.1,84420.0,4.6
2025-10-13,Antioquia,Distribuidor,Cuidado,Jabón artesanal,A. Rojas,10,20000.0,0.05,190000.0,4.1
2025-10-26,Bogotá,Marketplace,Snacks,Barra de cereal,J. Peña,7,12800.0,0.0,89600.0,4.6
2025-09-17,Valle del Cauca,Distribuidor,Café,Cápsulas x20,J. Peña,2,26200.0,0.0,52400.0,3.0
2025-11-30,Eje Cafetero,E-commerce,Cuidado,Shampoo sólido,D. Mejía,7,30300.0,0.0,212100.0,3.2
2025-09-29,Bogotá,Tienda física,Bebidas,Té frío 500ml,D. Mejía,10,7900.0,0.1,71100.0,4.3
2026-07-19,Santander,Distribuidor,Snacks,Chips de plátano,J. Peña,13,10100.0,0.0,131300.0,3.9
2025-09-16,Atlántico,Distribuidor,Bebidas,Té frío 500ml,C. Ramírez,12,6600.0,0.15,67320.0,3.8
2026-07-12,Valle del Cauca,Marketplace,Bebidas,Agua saborizada,L. Gómez,7,5900.0,0.05,39235.0,3.1
2025-08-26,Antioquia,E-commerce,Café,Café molido 500g,J. Peña,6,28200.0,0.1,152280.0,4.7
2025-09-05,Santander,E-commerce,Snacks,Barra de cereal,S. Vargas,3,11100.0,0.05,31635.0,3.9
2026-02-05,Antioquia,Distribuidor,Snacks,Barra de cereal,M. Torres,22,9300.0,0.15,173910.0,4.9
2025-10-26,Atlántico,Marketplace,Cuidado,Crema corporal,D. Mejía,31,18900.0,0.15,498015.0,4.7
2025-11-21,Valle del Cauca,Tienda física,Cuidado,Shampoo sólido,A. Rojas,11,25500.0,0.0,280500.0,2.8
2026-06-20,Eje Cafetero,E-commerce,Bebidas,Té frío 500ml,L. Gómez,13,7600.0,0.15,83980.0,4.6
2026-02-04,Bogotá,Tienda física,Café,Café molido 500g,C. Ramírez,6,35400.0,0.0,212400.0,3.1
2025-10-26,Atlántico,Tienda física,Cuidado,Shampoo sólido,M. Torres,9,17400.0,0.0,156600.0,3.2
2026-04-26,Valle del Cauca,Tienda física,Bebidas,Agua saborizada,S. Vargas,16,7300.0,0.0,116800.0,4.6
2026-03-01,Santander,Marketplace,Café,Cápsulas x20,J. Peña,21,25600.0,0.0,537600.0,4.6
2026-02-19,Eje Cafetero,Distribuidor,Cuidado,Crema corporal,D. Mejía,12,20300.0,0.0,243600.0,4.9
2025-08-11,Valle del Cauca,E-commerce,Cuidado,Crema corporal,S. Vargas,16,20200.0,0.15,274720.0,3.7
2026-06-11,Valle del Cauca,Distribuidor,Café,Café en grano 1kg,A. Rojas,14,25700.0,0.1,323820.0,4.5
2026-07-28,Santander,Marketplace,Bebidas,Jugo natural 1L,J. Peña,12,6000.0,0.15,61200.0,2.9
2026-04-30,Atlántico,Distribuidor,Cuidado,Crema corporal,D. Mejía,20,19900.0,0.05,378100.0,4.3
2026-07-05,Atlántico,E-commerce,Bebidas,Té frío 500ml,L. Gómez,4,7000.0,0.15,23800.0,3.3
2026-06-06,Atlántico,E-commerce,Cuidado,Jabón artesanal,J. Peña,21,20700.0,0.1,391230.0,4.3
2026-05-10,Antioquia,Marketplace,Cuidado,Crema corporal,C. Ramírez,16,20600.0,0.0,329600.0,4.7
2026-03-11,Bogotá,Distribuidor,Snacks,Mix de frutos secos,C. Ramírez,5,11000.0,0.15,46750.0,3.7
2026-07-22,Antioquia,E-commerce,Snacks,Chips de plátano,J. Peña,7,9100.0,0.0,63700.0,3.9
2025-10-15,Santander,Distribuidor,Snacks,Chips de plátano,D. Mejía,25,8300.0,0.05,197125.0,3.7
2026-05-26,Atlántico,Tienda física,Bebidas,Té frío 500ml,A. Rojas,7,7400.0,0.0,51800.0,4.9
2026-04-25,Eje Cafetero,Distribuidor,Bebidas,Agua saborizada,S. Vargas,12,6000.0,0.0,72000.0,3.7
2025-11-25,Eje Cafetero,Distribuidor,Cuidado,Shampoo sólido,D. Mejía,4,28200.0,0.0,112800.0,2.8
2026-01-02,Atlántico,Tienda física,Cuidado,Shampoo sólido,A. Rojas,8,19300.0,0.1,138960.0,2.8
2025-12-17,Atlántico,Distribuidor,Café,Café en grano 1kg,S. Vargas,10,36100.0,0.15,306850.0,2.8
2026-02-22,Atlántico,Distribuidor,Snacks,Chips de plátano,S. Vargas,11,10200.0,0.05,106590.0,3.4
2025-11-17,Eje Cafetero,E-commerce,Cuidado,Jabón artesanal,L. Gómez,13,25400.0,0.1,297180.0,3.4
2026-07-03,Atlántico,Distribuidor,Café,Café molido 500g,J. Peña,21,26800.0,0.15,478380.0,
2025-11-28,Eje Cafetero,E-commerce,Café,Cápsulas x20,,9,45300.0,0.0,407700.0,3.2
2026-01-13,Atlántico,Distribuidor,Bebidas,Agua saborizada,L. Gómez,13,7000.0,0.15,77350.0,2.9
2026-03-19,Valle del Cauca,Distribuidor,Café,Café en grano 1kg,J. Peña,12,29700.0,0.0,356400.0,3.4
2026-05-15,Bogotá,Distribuidor,Cuidado,Jabón artesanal,C. Ramírez,6,23300.0,0.0,139800.0,3.8
2025-12-03,Bogotá,E-commerce,Snacks,Mix de frutos secos,A. Rojas,15,16300.0,0.1,220050.0,3.8
2025-09-20,Antioquia,E-commerce,Café,Café molido 500g,D. Mejía,12,29800.0,0.05,339720.0,3.1
2026-01-09,Santander,Distribuidor,Cuidado,Jabón artesanal,L. Gómez,14,20000.0,0.15,238000.0,3.2
2026-04-05,Bogotá,E-commerce,Cuidado,Shampoo sólido,A. Rojas,10,25100.0,0.0,251000.0,4.7
2026-05-18,Atlántico,Marketplace,Snacks,Chips de plátano,D. Mejía,7,9200.0,0.0,64400.0,3.4
2025-11-13,Eje Cafetero,Distribuidor,Cuidado,Shampoo sólido,L. Gómez,19,29100.0,0.0,552900.0,3.6
2025-12-28,Antioquia,Tienda física,Snacks,Chips de plátano,A. Rojas,14,13200.0,0.05,175560.0,3.4
2025-09-01,Eje Cafetero,E-commerce,Cuidado,Shampoo sólido,D. Mejía,14,20400.0,0.0,285600.0,4.7
2026-04-24,Valle del Cauca,Marketplace,Café,Cápsulas x20,L. Gómez,14,29500.0,0.0,413000.0,4.5
2025-11-19,Bogotá,Distribuidor,Cuidado,Shampoo sólido,S. Vargas,13,33400.0,0.05,412490.0,4.2
2025-09-22,Atlántico,Tienda física,Cuidado,Crema corporal,J. Peña,29,17100.0,0.15,421515.0,3.7
2026-02-25,Eje Cafetero,E-commerce,Snacks,Chips de plátano,A. Rojas,26,10100.0,0.0,262600.0,2.9
2026-04-18,Valle del Cauca,Marketplace,Cuidado,Jabón artesanal,S. Vargas,3,21200.0,0.1,57240.0,5.0
2025-10-28,Valle del Cauca,Marketplace,Café,Café en grano 1kg,J. Peña,12,25800.0,0.0,309600.0,4.2
2026-06-02,Bogotá,Marketplace,Café,Cápsulas x20,J. Peña,12,38400.0,0.1,414720.0,
2025-10-29,Atlántico,Tienda física,Cuidado,Shampoo sólido,D. Mejía,9,21100.0,0.15,161415.0,3.5
2025-12-12,Valle del Cauca,Marketplace,Snacks,Barra de cereal,D. Mejía,11,12100.0,0.1,119790.0,3.7
2025-08-09,Atlántico,Distribuidor,Cuidado,Shampoo sólido,S. Vargas,6,17300.0,0.15,88230.0,4.0
2026-06-29,Valle del Cauca,Tienda física,Café,Cápsulas x20,M. Torres,25,31300.0,0.0,782500.0,
2026-04-29,Valle del Cauca,Marketplace,Cuidado,Jabón artesanal,L. Gómez,17,18200.0,0.0,309400.0,3.3
2026-05-20,Antioquia,Tienda física,Cuidado,Jabón artesanal,S. Vargas,11,18500.0,0.15,172975.0,3.3
2026-07-26,Bogotá,Tienda física,Bebidas,Té frío 500ml,C. Ramírez,6,8600.0,0.0,51600.0,4.8
2026-01-01,Atlántico,Distribuidor,Snacks,Barra de cereal,D. Mejía,24,8700.0,0.0,208800.0,4.2
2026-02-14,Atlántico,Tienda física,Bebidas,Jugo natural 1L,J. Peña,19,6500.0,0.05,117325.0,3.5
2025-08-27,Bogotá,Distribuidor,Snacks,Mix de frutos secos,A. Rojas,19,11900.0,0.0,226100.0,3.6
2025-10-11,Eje Cafetero,E-commerce,Cuidado,Shampoo sólido,J. Peña,18,21200.0,0.0,381600.0,4.1
2025-09-09,Atlántico,Tienda física,Snacks,Chips de plátano,M. Torres,1,8500.0,0.1,7650.0,
2026-05-16,Eje Cafetero,Distribuidor,Café,Café molido 500g,L. Gómez,25,25400.0,0.15,539750.0,3.3
2026-01-28,Valle del Cauca,Distribuidor,Bebidas,Jugo natural 1L,L. Gómez,17,7200.0,0.05,116280.0,2.8
2025-08-07,Eje Cafetero,E-commerce,Bebidas,Té frío 500ml,,10,6600.0,0.15,56100.0,3.9
2025-08-19,Eje Cafetero,Marketplace,Bebidas,Agua saborizada,C. Ramírez,14,6900.0,0.0,96600.0,3.6
2026-04-01,Antioquia,Marketplace,Bebidas,Té frío 500ml,J. Peña,5,6500.0,0.0,32500.0,4.1
2026-04-03,Bogotá,Tienda física,Cuidado,Crema corporal,D. Mejía,22,25600.0,0.05,535040.0,3.1
2026-03-27,Eje Cafetero,Marketplace,Cuidado,Crema corporal,D. Mejía,19,19800.0,0.1,338580.0,4.0
2025-09-23,Santander,Distribuidor,Cuidado,Jabón artesanal,J. Peña,16,20900.0,0.0,334400.0,4.6
2026-05-11,Eje Cafetero,Distribuidor,Cuidado,Crema corporal,L. Gómez,11,19800.0,0.15,185130.0,3.8
2026-04-25,Antioquia,Distribuidor,Cuidado,Shampoo sólido,J. Peña,2,21300.0,0.0,42600.0,4.4
2026-05-31,Eje Cafetero,Distribuidor,Café,Café molido 500g,L. Gómez,11,30200.0,0.0,332200.0,3.2
2025-12-16,Eje Cafetero,Marketplace,Bebidas,Jugo natural 1L,S. Vargas,8,8000.0,0.1,57600.0,4.2
2026-07-06,Santander,Distribuidor,Snacks,Mix de frutos secos,A. Rojas,8,10300.0,0.15,70040.0,2.8
2026-02-01,Eje Cafetero,Distribuidor,Cuidado,Shampoo sólido,J. Peña,21,19800.0,0.0,415800.0,3.0
2026-06-23,Valle del Cauca,Tienda física,Bebidas,Agua saborizada,J. Peña,13,6500.0,0.0,84500.0,3.5
2026-02-09,Valle del Cauca,Marketplace,Cuidado,Jabón artesanal,A. Rojas,19,21800.0,0.1,372780.0,4.9
2026-07-30,Valle del Cauca,Distribuidor,Bebidas,Té frío 500ml,C. Ramírez,13,6300.0,0.1,73710.0,3.8
2025-11-23,Atlántico,Tienda física,Cuidado,Shampoo sólido,C. Ramírez,11,26700.0,0.0,293700.0,2.9
2026-06-05,Valle del Cauca,Tienda física,Cuidado,Shampoo sólido,J. Peña,16,19600.0,0.0,313600.0,4.3
2025-11-23,Eje Cafetero,Marketplace,Cuidado,Shampoo sólido,C. Ramírez,18,23600.0,0.15,361080.0,4.0
2026-04-11,Antioquia,E-commerce,Café,Cápsulas x20,A. Rojas,23,34400.0,0.1,712080.0,3.1
2026-01-04,Atlántico,Distribuidor,Cuidado,Jabón artesanal,M. Torres,9,18000.0,0.0,162000.0,3.9
2025-09-11,Santander,Distribuidor,Snacks,Barra de cereal,S. Vargas,20,10000.0,0.0,200000.0,2.9
2026-07-28,Antioquia,E-commerce,Cuidado,Jabón artesanal,A. Rojas,13,21700.0,0.05,267995.0,4.3
2026-03-07,Atlántico,Tienda física,Café,Café en grano 1kg,L. Gómez,10,30500.0,0.05,289750.0,3.8
2026-07-23,Eje Cafetero,Tienda física,Bebidas,Agua saborizada,M. Torres,19,7300.0,0.1,124830.0,3.5
2026-06-12,Bogotá,Tienda física,Bebidas,Té frío 500ml,D. Mejía,20,7400.0,0.1,133200.0,
2025-08-19,Santander,Marketplace,Cuidado,Jabón artesanal,M. Torres,16,21400.0,0.0,342400.0,3.6
2026-06-16,Santander,E-commerce,Cuidado,Crema corporal,C. Ramírez,10,23300.0,0.15,198050.0,3.1
2025-09-22,Bogotá,E-commerce,Café,Café en grano 1kg,C. Ramírez,18,40500.0,0.15,619650.0,4.5
2026-01-08,Santander,E-commerce,Café,Café molido 500g,J. Peña,15,28700.0,0.15,365925.0,5.0
2025-11-18,Bogotá,Distribuidor,Cuidado,Jabón artesanal,L. Gómez,11,29800.0,0.0,327800.0,3.1
2026-05-29,Bogotá,Distribuidor,Bebidas,Agua saborizada,D. Mejía,15,7700.0,0.15,98175.0,3.7
2025-08-08,Atlántico,Marketplace,Cuidado,Jabón artesanal,M. Torres,18,17400.0,0.0,313200.0,4.0
2025-08-07,Santander,Tienda física,Café,Café molido 500g,A. Rojas,13,25200.0,0.15,278460.0,2.9
2025-08-25,Eje Cafetero,E-commerce,Snacks,Chips de plátano,C. Ramírez,10,9800.0,0.05,93100.0,4.5
2025-11-25,Valle del Cauca,E-commerce,Snacks,Barra de cereal,C. Ramírez,11,14000.0,0.0,154000.0,4.5
2025-10-24,Valle del Cauca,E-commerce,Snacks,Barra de cereal,L. Gómez,13,10700.0,0.0,139100.0,3.9
2026-07-06,Bogotá,E-commerce,Snacks,Mix de frutos secos,D. Mejía,15,13600.0,0.0,204000.0,4.1
2025-12-03,Valle del Cauca,Marketplace,Cuidado,Crema corporal,D. Mejía,10,25300.0,0.1,227700.0,3.7
2025-09-03,Eje Cafetero,E-commerce,Cuidado,Crema corporal,C. Ramírez,17,19500.0,0.0,331500.0,
2025-11-13,Valle del Cauca,Marketplace,Snacks,Mix de frutos secos,L. Gómez,1,12200.0,0.0,12200.0,3.1
2025-11-17,Valle del Cauca,E-commerce,Café,Café en grano 1kg,A. Rojas,14,47700.0,0.1,601020.0,3.8
2026-05-27,Santander,Marketplace,Bebidas,Agua saborizada,J. Peña,15,7100.0,0.15,90525.0,3.7
2026-03-06,Valle del Cauca,Distribuidor,Snacks,Barra de cereal,A. Rojas,17,9900.0,0.0,168300.0,3.7
2025-11-21,Antioquia,E-commerce,Cuidado,Crema corporal,S. Vargas,25,26900.0,0.0,672500.0,4.6
2026-05-06,Atlántico,Tienda física,Snacks,Mix de frutos secos,D. Mejía,12,8900.0,0.0,106800.0,4.6
2025-10-30,Eje Cafetero,Distribuidor,Snacks,Mix de frutos secos,D. Mejía,27,9200.0,0.0,248400.0,3.1
2026-03-08,Antioquia,Tienda física,Bebidas,Agua saborizada,D. Mejía,7,6400.0,0.1,40320.0,3.6
2026-02-28,Eje Cafetero,Marketplace,Snacks,Mix de frutos secos,M. Torres,11,9600.0,0.15,89760.0,3.2
2025-11-10,Atlántico,Tienda física,Café,Cápsulas x20,D. Mejía,24,41400.0,0.0,993600.0,3.5
2026-06-23,Atlántico,Marketplace,Cuidado,Shampoo sólido,D. Mejía,18,20400.0,0.0,367200.0,2.9
2025-08-26,Atlántico,E-commerce,Bebidas,Jugo natural 1L,A. Rojas,24,6900.0,0.0,165600.0,4.2
2026-02-16,Eje Cafetero,Marketplace,Bebidas,Jugo natural 1L,D. Mejía,22,6700.0,0.0,147400.0,4.8
2025-09-06,Valle del Cauca,Marketplace,Bebidas,Jugo natural 1L,D. Mejía,17,6200.0,0.1,94860.0,3.9
2025-08-26,Valle del Cauca,E-commerce,Bebidas,Agua saborizada,S. Vargas,9,7000.0,0.0,63000.0,4.8
2026-05-29,Valle del Cauca,E-commerce,Cuidado,Shampoo sólido,C. Ramírez,24,19300.0,0.1,416880.0,4.6
2026-08-01,Santander,E-commerce,Café,Café en grano 1kg,J. Peña,5,29600.0,0.1,133200.0,4.3
2025-09-22,Santander,Distribuidor,Snacks,Chips de plátano,L. Gómez,19,8600.0,0.15,138890.0,3.2
2025-12-09,Bogotá,Marketplace,Bebidas,Agua saborizada,L. Gómez,24,12100.0,0.0,290400.0,4.7
2026-04-01,Antioquia,Tienda física,Cuidado,Crema corporal,L. Gómez,13,18000.0,0.1,210600.0,4.2
2026-01-19,Eje Cafetero,E-commerce,Bebidas,Té frío 500ml,C. Ramírez,1,7100.0,0.0,7100.0,3.6
2025-09-25,Eje Cafetero,Distribuidor,Café,Café molido 500g,J. Peña,3,31200.0,0.1,84240.0,3.7
2026-03-19,Valle del Cauca,Distribuidor,Snacks,Chips de plátano,C. Ramírez,21,9700.0,0.0,203700.0,3.9
2026-03-18,Santander,Distribuidor,Cuidado,Crema corporal,J. Peña,15,19600.0,0.0,294000.0,4.3
2025-11-04,Eje Cafetero,Distribuidor,Café,Café molido 500g,D. Mejía,13,38400.0,0.0,499200.0,3.4
2025-11-01,Atlántico,E-commerce,Bebidas,Agua saborizada,D. Mejía,15,11000.0,0.0,165000.0,3.6
2025-09-18,Antioquia,Marketplace,Snacks,Barra de cereal,A. Rojas,18,9900.0,0.1,160380.0,
2025-12-20,Atlántico,Marketplace,Café,Café molido 500g,C. Ramírez,8,37200.0,0.0,297600.0,4.4
2025-09-05,Valle del Cauca,E-commerce,Cuidado,Jabón artesanal,S. Vargas,6,21100.0,0.05,120270.0,4.9
2026-06-11,Santander,E-commerce,Café,Cápsulas x20,C. Ramírez,17,31000.0,0.0,527000.0,3.1
2026-07-08,Atlántico,Tienda física,Cuidado,Shampoo sólido,J. Peña,15,20400.0,0.05,290700.0,3.1
2025-10-09,Atlántico,Tienda física,Snacks,Chips de plátano,D. Mejía,16,10200.0,0.15,138720.0,5.0
2026-07-02,Bogotá,E-commerce,Café,Café en grano 1kg,L. Gómez,10,35000.0,0.05,332500.0,3.8
2026-02-27,Eje Cafetero,E-commerce,Cuidado,Shampoo sólido,J. Peña,20,22500.0,0.05,427500.0,3.1
2026-02-18,Antioquia,Distribuidor,Snacks,Mix de frutos secos,M. Torres,20,9300.0,0.0,186000.0,4.4
2025-11-16,Antioquia,Marketplace,Bebidas,Jugo natural 1L,A. Rojas,20,7900.0,0.1,142200.0,3.9
2025-08-13,Antioquia,E-commerce,Café,Cápsulas x20,L. Gómez,9,33200.0,0.1,268920.0,3.1
2026-04-12,Atlántico,Tienda física,Snacks,Barra de cereal,L. Gómez,27,8800.0,0.0,237600.0,3.9
2026-06-12,Valle del Cauca,Marketplace,Cuidado,Jabón artesanal,J. Peña,10,17800.0,0.0,178000.0,3.4
2026-04-29,Antioquia,E-commerce,Cuidado,Shampoo sólido,L. Gómez,1,22200.0,0.15,18870.0,3.8
2025-08-17,Valle del Cauca,Marketplace,Cuidado,Shampoo sólido,C. Ramírez,7,19700.0,0.0,137900.0,4.9
2025-12-08,Valle del Cauca,Tienda física,Café,Café en grano 1kg,C. Ramírez,10,34600.0,0.05,328700.0,3.0
2025-10-07,Eje Cafetero,Distribuidor,Café,Café en grano 1kg,D. Mejía,14,27900.0,0.1,351540.0,4.3
2026-01-07,Atlántico,Distribuidor,Snacks,Chips de plátano,A. Rojas,7,9300.0,0.1,58590.0,3.4
2026-06-14,Atlántico,Marketplace,Snacks,Chips de plátano,J. Peña,12,9500.0,0.0,114000.0,4.6
2026-03-06,Valle del Cauca,E-commerce,Bebidas,Té frío 500ml,C. Ramírez,20,6500.0,0.0,130000.0,3.8
2026-02-28,Bogotá,Marketplace,Bebidas,Agua saborizada,D. Mejía,24,7600.0,0.0,182400.0,3.5
2026-06-14,Valle del Cauca,Distribuidor,Café,Cápsulas x20,D. Mejía,21,25900.0,0.05,516705.0,3.1
2025-10-06,Santander,Tienda física,Café,Café molido 500g,J. Peña,8,31400.0,0.0,251200.0,3.1
2025-10-13,Valle del Cauca,E-commerce,Bebidas,Jugo natural 1L,,8,7200.0,0.1,51840.0,4.4
2025-09-25,Bogotá,Marketplace,Bebidas,Té frío 500ml,L. Gómez,14,8300.0,0.0,116200.0,3.2
2026-06-25,Antioquia,Marketplace,Cuidado,Jabón artesanal,M. Torres,19,20600.0,0.0,391400.0,4.3
2026-04-18,Atlántico,Marketplace,Snacks,Mix de frutos secos,L. Gómez,19,8500.0,0.05,153425.0,3.9
2025-09-16,Santander,Distribuidor,Café,Café en grano 1kg,L. Gómez,14,30600.0,0.1,385560.0,4.9
2026-06-01,Bogotá,Tienda física,Snacks,Barra de cereal,J. Peña,13,12500.0,0.05,154375.0,4.0
2025-11-28,Valle del Cauca,E-commerce,Bebidas,Agua saborizada,A. Rojas,18,10700.0,0.0,192600.0,4.9
2025-10-17,Valle del Cauca,Tienda física,Snacks,Barra de cereal,M. Torres,12,9800.0,0.05,111720.0,3.8
2025-10-08,Antioquia,E-commerce,Bebidas,Agua saborizada,M. Torres,19,6600.0,0.0,125400.0,4.4
2026-03-03,Eje Cafetero,Distribuidor,Bebidas,Jugo natural 1L,C. Ramírez,15,6700.0,0.0,100500.0,4.7
2026-02-22,Eje Cafetero,Distribuidor,Café,Café en grano 1kg,A. Rojas,10,26200.0,0.05,248900.0,4.0
2026-05-18,Antioquia,Marketplace,Café,Café molido 500g,A. Rojas,20,31100.0,0.0,622000.0,
2026-02-15,Atlántico,Marketplace,Café,Café molido 500g,S. Vargas,10,29300.0,0.15,249050.0,4.7
2026-06-13,Antioquia,Distribuidor,Bebidas,Agua saborizada,M. Torres,2,6500.0,0.0,13000.0,4.5
2026-01-21,Santander,Marketplace,Café,Cápsulas x20,L. Gómez,7,28700.0,0.1,180810.0,4.3
2026-05-03,Santander,E-commerce,Bebidas,Té frío 500ml,S. Vargas,6,7300.0,0.1,39420.0,4.1
2025-10-28,Bogotá,Marketplace,Cuidado,Crema corporal,L. Gómez,12,26200.0,0.0,314400.0,3.3
2026-03-08,Eje Cafetero,E-commerce,Bebidas,Agua saborizada,D. Mejía,16,7300.0,0.1,105120.0,4.6
2026-02-06,Bogotá,Tienda física,Cuidado,Crema corporal,S. Vargas,15,27300.0,0.15,348075.0,4.1
2026-01-22,Bogotá,Tienda física,Café,Café molido 500g,M. Torres,23,39000.0,0.0,897000.0,3.4
2026-05-07,Bogotá,Tienda física,Bebidas,Agua saborizada,S. Vargas,13,7800.0,0.05,96330.0,4.4
2025-10-15,Atlántico,Tienda física,Bebidas,Té frío 500ml,,1,6300.0,0.15,5355.0,4.4
2026-01-03,Atlántico,Tienda física,Bebidas,Agua saborizada,M. Torres,24,7200.0,0.05,164160.0,4.3
2026-02-04,Valle del Cauca,Marketplace,Café,Café molido 500g,J. Peña,18,27200.0,0.0,489600.0,3.5
2025-10-09,Eje Cafetero,E-commerce,Snacks,Barra de cereal,S. Vargas,11,9500.0,0.0,104500.0,3.0
2025-12-04,Santander,Distribuidor,Snacks,Chips de plátano,L. Gómez,14,13400.0,0.15,159460.0,2.8
2025-12-10,Eje Cafetero,Tienda física,Snacks,Barra de cereal,C. Ramírez,6,13100.0,0.15,66810.0,4.5
2025-11-14,Atlántico,E-commerce,Cuidado,Shampoo sólido,A. Rojas,5,27100.0,0.05,128725.0,4.3
2025-08-09,Eje Cafetero,Tienda física,Bebidas,Té frío 500ml,J. Peña,20,7400.0,0.0,148000.0,4.0
2026-01-14,Bogotá,Tienda física,Cuidado,Jabón artesanal,D. Mejía,18,24100.0,0.05,412110.0,4.9
2026-06-22,Bogotá,Tienda física,Café,Café molido 500g,M. Torres,15,33300.0,0.0,499500.0,3.6
2026-06-18,Bogotá,E-commerce,Café,Café en grano 1kg,S. Vargas,7,38500.0,0.0,269500.0,2.9
2025-12-11,Valle del Cauca,Tienda física,Snacks,Chips de plátano,A. Rojas,5,12200.0,0.15,51850.0,2.9
2026-03-28,Atlántico,Tienda física,Café,Café en grano 1kg,D. Mejía,8,30500.0,0.1,219600.0,2.9
2026-04-21,Eje Cafetero,Distribuidor,Bebidas,Jugo natural 1L,S. Vargas,23,6600.0,0.05,144210.0,4.4
2025-11-13,Santander,Tienda física,Snacks,Mix de frutos secos,A. Rojas,12,13100.0,0.15,133620.0,3.5
2025-09-08,Santander,Distribuidor,Bebidas,Agua saborizada,D. Mejía,11,6300.0,0.0,69300.0,3.5
2025-12-24,Bogotá,Marketplace,Cuidado,Shampoo sólido,L. Gómez,9,36100.0,0.0,324900.0,4.2
2025-10-24,Valle del Cauca,Marketplace,Café,Café en grano 1kg,D. Mejía,10,27800.0,0.05,264100.0,4.9
2025-08-08,Eje Cafetero,Distribuidor,Bebidas,Jugo natural 1L,A. Rojas,14,5900.0,0.05,78470.0,4.8
2026-03-05,Antioquia,Distribuidor,Bebidas,Jugo natural 1L,D. Mejía,19,6300.0,0.15,101745.0,3.6
2026-01-28,Valle del Cauca,Distribuidor,Café,Cápsulas x20,,11,29800.0,0.0,327800.0,3.6
2026-06-18,Santander,E-commerce,Cuidado,Jabón artesanal,A. Rojas,4,23000.0,0.0,92000.0,3.9
2026-05-20,Atlántico,Distribuidor,Cuidado,Jabón artesanal,,17,18000.0,0.0,306000.0,4.9
2025-11-05,Atlántico,E-commerce,Café,Café en grano 1kg,C. Ramírez,14,42700.0,0.0,597800.0,4.9
2026-04-17,Eje Cafetero,Marketplace,Bebidas,Agua saborizada,M. Torres,10,6900.0,0.0,69000.0,3.8
2025-09-05,Atlántico,Distribuidor,Cuidado,Crema corporal,C. Ramírez,7,17700.0,0.0,123900.0,3.0
2026-02-27,Eje Cafetero,E-commerce,Cuidado,Jabón artesanal,D. Mejía,20,20600.0,0.0,412000.0,4.9
2025-12-28,Valle del Cauca,Marketplace,Cuidado,Jabón artesanal,A. Rojas,17,24600.0,0.0,418200.0,3.4
2025-08-30,Santander,Distribuidor,Cuidado,Shampoo sólido,D. Mejía,9,17600.0,0.0,158400.0,3.3
2026-07-14,Bogotá,Tienda física,Snacks,Barra de cereal,J. Peña,18,11100.0,0.0,199800.0,3.9
2025-10-28,Bogotá,Distribuidor,Bebidas,Té frío 500ml,C. Ramírez,7,9300.0,0.15,55335.0,4.4
2026-05-05,Atlántico,Distribuidor,Café,Cápsulas x20,L. Gómez,22,28300.0,0.0,622600.0,2.9
2025-09-22,Eje Cafetero,Distribuidor,Bebidas,Té frío 500ml,J. Peña,11,6500.0,0.0,71500.0,4.5
2026-04-24,Valle del Cauca,Tienda física,Cuidado,Jabón artesanal,J. Peña,17,17200.0,0.15,248540.0,3.9
2026-07-10,Antioquia,E-commerce,Cuidado,Shampoo sólido,L. Gómez,4,22500.0,0.15,76500.0,4.1
2026-07-05,Antioquia,E-commerce,Bebidas,Jugo natural 1L,S. Vargas,18,7100.0,0.15,108630.0,3.8
2025-10-26,Valle del Cauca,Tienda física,Cuidado,Crema corporal,D. Mejía,17,19500.0,0.05,314925.0,3.3
2025-09-27,Santander,Marketplace,Cuidado,Shampoo sólido,M. Torres,5,21200.0,0.15,90100.0,4.0
2025-11-18,Bogotá,Tienda física,Snacks,Mix de frutos secos,L. Gómez,12,15600.0,0.1,168480.0,4.5
2025-11-05,Eje Cafetero,Tienda física,Café,Café molido 500g,J. Peña,17,41700.0,0.15,602565.0,5.0
2026-02-25,Atlántico,Tienda física,Cuidado,Crema corporal,L. Gómez,5,19900.0,0.15,84575.0,4.1
2026-08-03,Valle del Cauca,E-commerce,Cuidado,Jabón artesanal,A. Rojas,6,21000.0,0.1,113400.0,3.2
2025-10-12,Antioquia,E-commerce,Snacks,Mix de frutos secos,A. Rojas,19,10600.0,0.0,201400.0,4.1
2026-01-21,Atlántico,Distribuidor,Café,Café en grano 1kg,D. Mejía,20,32000.0,0.05,608000.0,3.3
2025-11-12,Santander,Marketplace,Bebidas,Agua saborizada,L. Gómez,8,9400.0,0.1,67680.0,3.5
2025-12-10,Atlántico,Tienda física,Snacks,Chips de plátano,A. Rojas,20,13000.0,0.0,260000.0,4.6
2026-05-07,Atlántico,Marketplace,Café,Café en grano 1kg,D. Mejía,9,30700.0,0.0,276300.0,4.2
2025-09-08,Atlántico,Marketplace,Bebidas,Té frío 500ml,J. Peña,17,6100.0,0.05,98515.0,4.9
2026-03-01,Eje Cafetero,Distribuidor,Snacks,Barra de cereal,L. Gómez,10,9800.0,0.0,98000.0,2.8
2025-11-10,Bogotá,Tienda física,Snacks,Chips de plátano,D. Mejía,21,16300.0,0.0,342300.0,4.5
2025-11-25,Valle del Cauca,Marketplace,Café,Café molido 500g,A. Rojas,20,39800.0,0.0,796000.0,3.4
2025-09-18,Eje Cafetero,Distribuidor,Café,Cápsulas x20,C. Ramírez,9,27100.0,0.15,207315.0,4.0
2026-04-04,Atlántico,E-commerce,Snacks,Barra de cereal,D. Mejía,23,11100.0,0.0,255300.0,3.3
2025-09-15,Valle del Cauca,Marketplace,Snacks,Chips de plátano,M. Torres,19,8200.0,0.0,155800.0,4.4
2026-06-05,Eje Cafetero,Tienda física,Bebidas,Agua saborizada,J. Peña,29,6700.0,0.0,194300.0,3.4
2025-09-14,Bogotá,Marketplace,Cuidado,Jabón artesanal,M. Torres,1,23800.0,0.0,23800.0,3.5
2026-02-01,Atlántico,Tienda física,Cuidado,Jabón artesanal,M. Torres,5,20100.0,0.05,95475.0,3.0
2026-01-20,Antioquia,Marketplace,Bebidas,Agua saborizada,A. Rojas,7,6800.0,0.0,47600.0,3.2
2025-10-15,Atlántico,E-commerce,Café,Café en grano 1kg,A. Rojas,5,29300.0,0.0,146500.0,4.5
2025-08-21,Valle del Cauca,E-commerce,Snacks,Mix de frutos secos,S. Vargas,12,10400.0,0.0,124800.0,4.0
2026-04-24,Santander,Tienda física,Café,Café molido 500g,C. Ramírez,4,26000.0,0.05,98800.0,3.4
2026-02-02,Antioquia,Marketplace,Cuidado,Crema corporal,C. Ramírez,20,21500.0,0.1,387000.0,3.8
2026-06-30,Atlántico,Tienda física,Café,Cápsulas x20,M. Torres,15,30200.0,0.1,407700.0,3.7
2025-10-18,Bogotá,E-commerce,Snacks,Mix de frutos secos,L. Gómez,17,11200.0,0.15,161840.0,4.3
2025-09-29,Santander,Tienda física,Cuidado,Jabón artesanal,L. Gómez,7,21000.0,0.1,132300.0,4.7
2025-08-30,Atlántico,E-commerce,Cuidado,Crema corporal,A. Rojas,7,22900.0,0.1,144270.0,3.3
2026-02-06,Eje Cafetero,Distribuidor,Café,Café en grano 1kg,C. Ramírez,6,26500.0,0.0,159000.0,4.9
2026-04-18,Antioquia,E-commerce,Cuidado,Shampoo sólido,L. Gómez,10,19800.0,0.0,198000.0,3.9
2026-03-21,Santander,Marketplace,Snacks,Chips de plátano,C. Ramírez,1,8100.0,0.05,7695.0,3.2
2025-09-30,Atlántico,Distribuidor,Snacks,Mix de frutos secos,S. Vargas,3,8500.0,0.05,24225.0,3.0
2026-04-09,Bogotá,Tienda física,Cuidado,Crema corporal,S. Vargas,13,22500.0,0.05,277875.0,4.9
2026-06-22,Atlántico,E-commerce,Cuidado,Shampoo sólido,L. Gómez,22,21500.0,0.1,425700.0,4.4
2026-07-06,Santander,E-commerce,Bebidas,Agua saborizada,S. Vargas,7,8100.0,0.0,56700.0,3.1
2025-08-09,Antioquia,Tienda física,Café,Café molido 500g,J. Peña,12,32200.0,0.0,386400.0,2.9
2025-10-30,Eje Cafetero,Tienda física,Bebidas,Té frío 500ml,C. Ramírez,18,6400.0,0.05,109440.0,3.3
2026-07-19,Antioquia,Marketplace,Cuidado,Shampoo sólido,J. Peña,17,19500.0,0.0,331500.0,4.2
2025-10-22,Santander,Distribuidor,Café,Café molido 500g,A. Rojas,20,30200.0,0.0,604000.0,4.3
2026-06-30,Santander,E-commerce,Cuidado,Crema corporal,A. Rojas,4,21900.0,0.0,87600.0,3.7
2025-12-23,Bogotá,E-commerce,Bebidas,Té frío 500ml,C. Ramírez,15,12200.0,0.05,173850.0,4.2
2025-09-15,Santander,E-commerce,Snacks,Chips de plátano,C. Ramírez,13,11300.0,0.0,146900.0,4.4
2025-09-22,Valle del Cauca,E-commerce,Cuidado,Jabón artesanal,L. Gómez,12,20200.0,0.1,218160.0,4.4
2026-06-22,Antioquia,E-commerce,Cuidado,Jabón artesanal,M. Torres,14,22000.0,0.1,277200.0,4.0
2025-08-16,Antioquia,E-commerce,Snacks,Mix de frutos secos,C. Ramírez,16,11300.0,0.15,153680.0,3.5
2026-02-23,Atlántico,Distribuidor,Cuidado,Shampoo sólido,D. Mejía,8,19600.0,0.1,141120.0,3.1
2026-03-05,Atlántico,Distribuidor,Café,Café en grano 1kg,C. Ramírez,11,25200.0,0.15,235620.0,3.0
2026-02-07,Atlántico,Distribuidor,Snacks,Mix de frutos secos,M. Torres,22,9600.0,0.0,211200.0,2.9
2025-10-10,Atlántico,Marketplace,Cuidado,Crema corporal,D. Mejía,11,18300.0,0.0,201300.0,
2026-05-03,Antioquia,Tienda física,Snacks,Barra de cereal,M. Torres,26,9700.0,0.15,214370.0,2.8
2026-06-01,Eje Cafetero,Distribuidor,Snacks,Mix de frutos secos,C. Ramírez,12,10200.0,0.0,122400.0,4.6
2026-03-07,Santander,Distribuidor,Cuidado,Crema corporal,J. Peña,22,21400.0,0.0,470800.0,3.1
2026-01-19,Eje Cafetero,E-commerce,Cuidado,Crema corporal,C. Ramírez,23,20000.0,0.0,460000.0,
2026-01-01,Antioquia,E-commerce,Cuidado,Jabón artesanal,S. Vargas,19,22900.0,0.0,435100.0,4.0
2026-05-01,Valle del Cauca,Distribuidor,Cuidado,Crema corporal,S. Vargas,25,19800.0,0.15,420750.0,3.1
2026-04-11,Antioquia,E-commerce,Cuidado,Jabón artesanal,A. Rojas,16,20000.0,0.0,320000.0,2.8
2025-12-28,Santander,E-commerce,Cuidado,Crema corporal,M. Torres,13,32200.0,0.0,418600.0,3.8
2025-10-02,Bogotá,Marketplace,Snacks,Chips de plátano,A. Rojas,7,11300.0,0.0,79100.0,4.5
2026-07-07,Antioquia,Tienda física,Café,Café molido 500g,A. Rojas,6,32000.0,0.0,192000.0,4.8
2026-02-21,Eje Cafetero,Marketplace,Café,Café en grano 1kg,C. Ramírez,19,28700.0,0.0,545300.0,2.9
2026-06-07,Atlántico,Tienda física,Snacks,Barra de cereal,J. Peña,15,8800.0,0.1,118800.0,
2026-07-05,Valle del Cauca,Distribuidor,Bebidas,Agua saborizada,J. Peña,18,7000.0,0.05,119700.0,3.4
2026-01-19,Antioquia,Marketplace,Bebidas,Agua saborizada,M. Torres,23,6000.0,0.05,131100.0,4.9
2025-11-03,Atlántico,Marketplace,Cuidado,Jabón artesanal,L. Gómez,7,23100.0,0.1,145530.0,4.1
2026-07-12,Eje Cafetero,E-commerce,Bebidas,Jugo natural 1L,M. Torres,20,6800.0,0.05,129200.0,3.0
2025-10-17,Atlántico,Distribuidor,Café,Café en grano 1kg,L. Gómez,15,26200.0,0.0,393000.0,4.6
2025-11-22,Atlántico,Marketplace,Café,Café molido 500g,C. Ramírez,3,43300.0,0.15,110415.0,4.8
2026-04-08,Antioquia,Marketplace,Cuidado,Crema corporal,L. Gómez,10,17700.0,0.05,168150.0,3.1
2025-11-24,Valle del Cauca,Tienda física,Bebidas,Jugo natural 1L,S. Vargas,18,8700.0,0.0,156600.0,5.0
2026-03-15,Atlántico,Marketplace,Bebidas,Té frío 500ml,A. Rojas,15,7100.0,0.1,95850.0,
2026-07-25,Eje Cafetero,Tienda física,Snacks,Mix de frutos secos,J. Peña,24,9800.0,0.15,199920.0,3.4
2025-09-05,Antioquia,Tienda física,Bebidas,Jugo natural 1L,L. Gómez,14,7200.0,0.05,95760.0,3.5
2026-05-05,Antioquia,E-commerce,Bebidas,Té frío 500ml,S. Vargas,1,8000.0,0.15,6800.0,4.9
2026-07-04,Santander,Distribuidor,Snacks,Chips de plátano,S. Vargas,17,9900.0,0.15,143055.0,
2025-08-19,Eje Cafetero,Distribuidor,Café,Café molido 500g,L. Gómez,10,25900.0,0.0,259000.0,5.0
2026-06-16,Atlántico,E-commerce,Bebidas,Jugo natural 1L,C. Ramírez,12,7900.0,0.0,94800.0,4.3
2026-07-31,Antioquia,Marketplace,Cuidado,Crema corporal,A. Rojas,17,20200.0,0.0,343400.0,4.4
2026-01-28,Bogotá,Marketplace,Bebidas,Té frío 500ml,M. Torres,3,8400.0,0.05,23940.0,4.8
2026-07-21,Valle del Cauca,E-commerce,Snacks,Chips de plátano,C. Ramírez,4,11300.0,0.05,42940.0,4.2
2026-01-23,Santander,Distribuidor,Bebidas,Jugo natural 1L,A. Rojas,25,6200.0,0.15,131750.0,3.6
2026-06-20,Valle del Cauca,E-commerce,Bebidas,Té frío 500ml,M. Torres,8,6600.0,0.0,52800.0,3.7
2026-06-05,Bogotá,Distribuidor,Snacks,Mix de frutos secos,A. Rojas,22,12300.0,0.1,243540.0,3.4
2025-12-23,Atlántico,E-commerce,Bebidas,Té frío 500ml,L. Gómez,19,8800.0,0.0,167200.0,3.2
2026-06-29,Santander,Tienda física,Snacks,Chips de plátano,M. Torres,22,8300.0,0.1,164340.0,
2025-12-02,Antioquia,Distribuidor,Café,Café en grano 1kg,D. Mejía,7,42100.0,0.05,279965.0,4.9
2026-07-03,Eje Cafetero,Tienda física,Bebidas,Agua saborizada,A. Rojas,23,7500.0,0.0,172500.0,4.7
2025-12-23,Bogotá,Distribuidor,Bebidas,Jugo natural 1L,L. Gómez,15,12400.0,0.0,186000.0,3.3
2026-04-30,Santander,Marketplace,Café,Cápsulas x20,M. Torres,18,27500.0,0.1,445500.0,4.8
2026-03-22,Bogotá,Marketplace,Bebidas,Té frío 500ml,S. Vargas,13,9300.0,0.0,120900.0,3.3
2026-01-07,Eje Cafetero,Tienda física,Cuidado,Jabón artesanal,D. Mejía,20,17200.0,0.0,344000.0,4.4
2026-06-11,Bogotá,Tienda física,Café,Cápsulas x20,C. Ramírez,7,34100.0,0.0,238700.0,
2026-07-24,Bogotá,Tienda física,Bebidas,Agua saborizada,M. Torres,13,8700.0,0.15,96135.0,4.1
2026-07-08,Atlántico,Distribuidor,Café,Café molido 500g,C. Ramírez,1,26000.0,0.0,26000.0,3.5
2025-11-03,Antioquia,Tienda física,Café,Cápsulas x20,D. Mejía,24,41400.0,0.0,993600.0,
2026-05-29,Antioquia,Distribuidor,Cuidado,Shampoo sólido,S. Vargas,12,18200.0,0.15,185640.0,3.0
2026-06-17,Valle del Cauca,Distribuidor,Snacks,Chips de plátano,J. Peña,8,9100.0,0.1,65520.0,4.0
2026-01-06,Eje Cafetero,Distribuidor,Cuidado,Crema corporal,L. Gómez,14,17600.0,0.0,246400.0,4.0
2025-09-14,Eje Cafetero,Tienda física,Cuidado,Shampoo sólido,C. Ramírez,17,19900.0,0.0,338300.0,
2025-12-02,Valle del Cauca,Tienda física,Cuidado,Jabón artesanal,D. Mejía,12,24200.0,0.15,246840.0,3.7
2025-12-28,Antioquia,E-commerce,Café,Café molido 500g,L. Gómez,17,43600.0,0.0,741200.0,4.2
2025-09-15,Eje Cafetero,Distribuidor,Snacks,Chips de plátano,L. Gómez,13,9800.0,0.05,121030.0,3.1
2026-07-02,Antioquia,Marketplace,Snacks,Chips de plátano,L. Gómez,23,9200.0,0.0,211600.0,3.0
2026-04-05,Valle del Cauca,Distribuidor,Cuidado,Jabón artesanal,C. Ramírez,19,18400.0,0.0,349600.0,3.6
2026-07-28,Valle del Cauca,Distribuidor,Café,Café en grano 1kg,S. Vargas,25,27000.0,0.05,641250.0,3.4
2025-08-09,Santander,Tienda física,Cuidado,Shampoo sólido,D. Mejía,14,18100.0,0.15,215390.0,3.0
2025-08-19,Atlántico,Distribuidor,Cuidado,Jabón artesanal,C. Ramírez,14,19400.0,0.1,244440.0,3.2
2026-02-18,Antioquia,Tienda física,Snacks,Chips de plátano,J. Peña,22,10100.0,0.05,211090.0,3.8
2026-04-06,Santander,Tienda física,Bebidas,Agua saborizada,D. Mejía,12,7000.0,0.0,84000.0,3.8
2025-10-20,Bogotá,E-commerce,Bebidas,Jugo natural 1L,D. Mejía,23,8700.0,0.1,180090.0,3.1
2025-08-19,Bogotá,E-commerce,Café,Café molido 500g,C. Ramírez,6,35400.0,0.0,212400.0,
2025-10-07,Eje Cafetero,Tienda física,Café,Cápsulas x20,A. Rojas,13,26800.0,0.0,348400.0,4.8
2025-10-26,Bogotá,E-commerce,Bebidas,Jugo natural 1L,C. Ramírez,14,8400.0,0.15,99960.0,4.1
2026-07-31,Valle del Cauca,Distribuidor,Bebidas,Té frío 500ml,A. Rojas,10,6700.0,0.0,67000.0,3.3
2026-06-18,Eje Cafetero,Distribuidor,Bebidas,Té frío 500ml,S. Vargas,21,6100.0,0.05,121695.0,3.8
2026-02-13,Antioquia,E-commerce,Cuidado,Shampoo sólido,D. Mejía,14,20000.0,0.0,280000.0,4.0
2026-08-02,Valle del Cauca,Distribuidor,Café,Café en grano 1kg,J. Peña,9,30300.0,0.15,231795.0,4.8
2025-10-28,Atlántico,Distribuidor,Bebidas,Agua saborizada,A. Rojas,3,6000.0,0.0,18000.0,3.7
2026-07-29,Bogotá,Marketplace,Bebidas,Agua saborizada,C. Ramírez,7,9300.0,0.05,61845.0,3.9
2025-12-31,Antioquia,Marketplace,Bebidas,Agua saborizada,J. Peña,17,9400.0,0.15,135830.0,4.6
2025-11-05,Antioquia,Distribuidor,Cuidado,Shampoo sólido,A. Rojas,23,24000.0,0.0,552000.0,3.3
2026-08-04,Atlántico,Tienda física,Café,Café en grano 1kg,M. Torres,18,30200.0,0.15,462060.0,4.6
2026-04-24,Bogotá,E-commerce,Bebidas,Jugo natural 1L,S. Vargas,19,8300.0,0.0,157700.0,3.4
2026-01-26,Atlántico,Tienda física,Cuidado,Shampoo sólido,C. Ramírez,23,19200.0,0.1,397440.0,3.0
2026-07-31,Santander,Marketplace,Café,Cápsulas x20,J. Peña,18,30100.0,0.0,541800.0,4.0
2026-04-26,Antioquia,Tienda física,Bebidas,Jugo natural 1L,C. Ramírez,18,6600.0,0.15,100980.0,2.9
2025-08-17,Eje Cafetero,E-commerce,Snacks,Barra de cereal,L. Gómez,6,9700.0,0.0,58200.0,4.9
2026-04-28,Antioquia,Distribuidor,Café,Cápsulas x20,C. Ramírez,8,25800.0,0.1,185760.0,4.5
2026-08-01,Santander,Marketplace,Bebidas,Jugo natural 1L,A. Rojas,19,7300.0,0.1,124830.0,4.0
2025-09-13,Valle del Cauca,Tienda física,Snacks,Barra de cereal,S. Vargas,20,9600.0,0.15,163200.0,3.7
2025-10-05,Eje Cafetero,Tienda física,Snacks,Chips de plátano,A. Rojas,24,9000.0,0.15,183600.0,4.3
2026-05-28,Atlántico,E-commerce,Bebidas,Jugo natural 1L,S. Vargas,13,6900.0,0.15,76245.0,4.1
2025-11-03,Valle del Cauca,Distribuidor,Café,Cápsulas x20,D. Mejía,9,35600.0,0.1,288360.0,4.3
2025-11-08,Santander,Distribuidor,Cuidado,Crema corporal,L. Gómez,1,23500.0,0.0,23500.0,4.1
2026-04-22,Atlántico,Tienda física,Café,Cápsulas x20,C. Ramírez,9,28000.0,0.1,226800.0,4.1
2025-08-22,Antioquia,Tienda física,Snacks,Barra de cereal,M. Torres,24,9300.0,0.0,223200.0,3.0
2025-10-13,Valle del Cauca,Tienda física,Cuidado,Shampoo sólido,L. Gómez,18,21400.0,0.05,365940.0,4.8
2025-11-20,Eje Cafetero,Distribuidor,Snacks,Barra de cereal,M. Torres,20,12200.0,0.1,219600.0,4.2
2025-09-26,Antioquia,E-commerce,Café,Cápsulas x20,M. Torres,10,33100.0,0.05,314450.0,3.7
2026-01-03,Santander,E-commerce,Cuidado,Crema corporal,S. Vargas,1,22500.0,0.0,22500.0,4.8
2026-05-19,Valle del Cauca,E-commerce,Bebidas,Jugo natural 1L,M. Torres,1,6500.0,0.0,6500.0,4.3
2026-04-18,Eje Cafetero,Distribuidor,Snacks,Chips de plátano,L. Gómez,16,8700.0,0.05,132240.0,3.7
2025-12-21,Atlántico,E-commerce,Cuidado,Jabón artesanal,D. Mejía,17,25700.0,0.0,436900.0,4.9
2026-02-05,Bogotá,Distribuidor,Snacks,Barra de cereal,J. Peña,8,11800.0,0.0,94400.0,2.9
2025-12-08,Valle del Cauca,E-commerce,Bebidas,Jugo natural 1L,J. Peña,24,10000.0,0.1,216000.0,4.8
2026-02-17,Atlántico,Marketplace,Cuidado,Shampoo sólido,M. Torres,16,19700.0,0.0,315200.0,4.9
2025-09-23,Valle del Cauca,Distribuidor,Café,Café en grano 1kg,J. Peña,11,29500.0,0.15,275825.0,4.3
2026-06-05,Valle del Cauca,Tienda física,Bebidas,Jugo natural 1L,M. Torres,11,6300.0,0.15,58905.0,5.0
2025-11-16,Valle del Cauca,Tienda física,Cuidado,Shampoo sólido,D. Mejía,17,28400.0,0.0,482800.0,3.1
2026-06-12,Eje Cafetero,Distribuidor,Café,Café en grano 1kg,M. Torres,22,28000.0,0.05,585200.0,3.3
2025-12-14,Atlántico,Distribuidor,Snacks,Mix de frutos secos,L. Gómez,12,11700.0,0.0,140400.0,4.0
2026-01-23,Bogotá,E-commerce,Café,Cápsulas x20,S. Vargas,10,39800.0,0.0,398000.0,3.3
2026-04-03,Eje Cafetero,Distribuidor,Cuidado,Shampoo sólido,J. Peña,8,19000.0,0.0,152000.0,4.6
2026-01-26,Antioquia,Marketplace,Bebidas,Agua saborizada,S. Vargas,13,6600.0,0.0,85800.0,3.1
2026-01-18,Atlántico,Marketplace,Bebidas,Jugo natural 1L,S. Vargas,10,6100.0,0.0,61000.0,4.1
2026-02-13,Bogotá,Marketplace,Cuidado,Crema corporal,J. Peña,12,21500.0,0.1,232200.0,3.0
2026-07-21,Valle del Cauca,E-commerce,Café,Café molido 500g,C. Ramírez,9,33300.0,0.1,269730.0,4.7
2026-01-15,Santander,E-commerce,Snacks,Mix de frutos secos,J. Peña,18,10600.0,0.0,190800.0,3.0
2026-03-24,Eje Cafetero,Marketplace,Snacks,Mix de frutos secos,C. Ramírez,20,8300.0,0.1,149400.0,4.9
2026-04-29,Santander,Tienda física,Café,Cápsulas x20,M. Torres,15,28500.0,0.0,427500.0,4.4
2026-04-12,Santander,Distribuidor,Snacks,Mix de frutos secos,J. Peña,12,10300.0,0.15,105060.0,4.1
2025-09-05,Valle del Cauca,Distribuidor,Cuidado,Crema corporal,S. Vargas,20,19000.0,0.0,380000.0,3.1
2026-03-22,Eje Cafetero,E-commerce,Bebidas,Jugo natural 1L,,18,8000.0,0.0,144000.0,3.6
2026-04-14,Eje Cafetero,Marketplace,Cuidado,Crema corporal,J. Peña,15,21500.0,0.15,274125.0,3.3
2026-06-16,Eje Cafetero,Marketplace,Cuidado,Shampoo sólido,C. Ramírez,18,20600.0,0.0,370800.0,4.4
2025-08-14,Atlántico,Marketplace,Cuidado,Crema corporal,D. Mejía,10,19400.0,0.05,184300.0,4.7
2026-02-15,Antioquia,E-commerce,Bebidas,Té frío 500ml,L. Gómez,18,7400.0,0.15,113220.0,3.3
2026-04-07,Bogotá,Distribuidor,Bebidas,Jugo natural 1L,C. Ramírez,3,9100.0,0.0,27300.0,4.2
2026-07-03,Eje Cafetero,Marketplace,Café,Cápsulas x20,C. Ramírez,24,26900.0,0.0,645600.0,3.5
2025-08-20,Antioquia,Distribuidor,Cuidado,Crema corporal,S. Vargas,14,20200.0,0.15,240380.0,4.0
2026-04-28,Bogotá,Tienda física,Café,Café en grano 1kg,A. Rojas,12,33300.0,0.0,399600.0,2.9
2026-05-23,Valle del Cauca,Tienda física,Café,Café molido 500g,M. Torres,7,28500.0,0.0,199500.0,4.7
2026-01-27,Bogotá,Marketplace,Bebidas,Jugo natural 1L,C. Ramírez,6,8000.0,0.1,43200.0,3.1
2025-12-16,Bogotá,E-commerce,Snacks,Chips de plátano,A. Rojas,17,17400.0,0.0,295800.0,4.2
2026-03-15,Antioquia,Marketplace,Cuidado,Crema corporal,J. Peña,8,21000.0,0.15,142800.0,4.9
2026-04-09,Eje Cafetero,Tienda física,Cuidado,Shampoo sólido,L. Gómez,16,20200.0,0.0,323200.0,3.2
2026-01-08,Atlántico,Distribuidor,Snacks,Barra de cereal,C. Ramírez,25,9000.0,0.0,225000.0,3.2
2025-12-19,Eje Cafetero,Marketplace,Cuidado,Jabón artesanal,A. Rojas,6,23200.0,0.0,139200.0,3.1
2026-01-05,Atlántico,Marketplace,Café,Café en grano 1kg,C. Ramírez,16,26800.0,0.0,428800.0,3.8
2026-04-18,Atlántico,Tienda física,Café,Café en grano 1kg,S. Vargas,8,31500.0,0.0,252000.0,4.7
2025-09-07,Atlántico,E-commerce,Snacks,Chips de plátano,S. Vargas,9,9600.0,0.1,77760.0,4.7
2025-11-08,Atlántico,Marketplace,Café,Café en grano 1kg,J. Peña,7,38800.0,0.1,244440.0,4.4
2026-03-18,Bogotá,Distribuidor,Bebidas,Jugo natural 1L,A. Rojas,26,7800.0,0.0,202800.0,4.9
2025-12-08,Santander,E-commerce,Café,Cápsulas x20,M. Torres,17,41600.0,0.0,707200.0,2.9
2026-01-25,Antioquia,E-commerce,Snacks,Barra de cereal,A. Rojas,1,11200.0,0.15,9520.0,2.9
2025-08-24,Bogotá,Distribuidor,Cuidado,Shampoo sólido,A. Rojas,14,22700.0,0.0,317800.0,2.9
2026-03-25,Bogotá,E-commerce,Café,Cápsulas x20,J. Peña,25,38700.0,0.15,822375.0,3.1
2026-06-02,Atlántico,Distribuidor,Bebidas,Té frío 500ml,S. Vargas,10,7200.0,0.0,72000.0,3.4
2025-10-16,Atlántico,E-commerce,Bebidas,Agua saborizada,C. Ramírez,24,6700.0,0.1,144720.0,3.3
2026-08-04,Valle del Cauca,Marketplace,Café,Café molido 500g,M. Torres,8,26700.0,0.0,213600.0,3.6
2025-10-13,Bogotá,E-commerce,Cuidado,Crema corporal,S. Vargas,1,23700.0,0.0,23700.0,4.7
2026-04-25,Valle del Cauca,Distribuidor,Bebidas,Té frío 500ml,J. Peña,22,6100.0,0.1,120780.0,3.9
2026-05-04,Antioquia,Marketplace,Bebidas,Té frío 500ml,C. Ramírez,28,7200.0,0.0,201600.0,4.5
2026-07-12,Atlántico,Distribuidor,Cuidado,Jabón artesanal,A. Rojas,8,19600.0,0.0,156800.0,3.1
2026-05-31,Bogotá,Tienda física,Bebidas,Té frío 500ml,A. Rojas,9,7400.0,0.05,63270.0,4.8
2025-11-25,Santander,Marketplace,Snacks,Chips de plátano,L. Gómez,7,12000.0,0.05,79800.0,
2025-11-13,Antioquia,E-commerce,Cuidado,Shampoo sólido,L. Gómez,16,25900.0,0.1,372960.0,3.2
2026-01-20,Santander,Distribuidor,Cuidado,Shampoo sólido,A. Rojas,15,21200.0,0.15,270300.0,4.8
2026-07-04,Atlántico,Tienda física,Snacks,Chips de plátano,L. Gómez,14,8400.0,0.0,117600.0,4.1
2026-06-08,Valle del Cauca,Marketplace,Café,Café en grano 1kg,C. Ramírez,16,29600.0,0.1,426240.0,3.7
2026-06-25,Bogotá,Marketplace,Bebidas,Jugo natural 1L,J. Peña,14,7800.0,0.0,109200.0,4.2
2026-01-15,Atlántico,Distribuidor,Bebidas,Jugo natural 1L,S. Vargas,13,7200.0,0.0,93600.0,4.4
2025-11-14,Atlántico,Tienda física,Bebidas,Agua saborizada,L. Gómez,5,8200.0,0.05,38950.0,3.5
2026-06-12,Valle del Cauca,E-commerce,Snacks,Mix de frutos secos,S. Vargas,21,11100.0,0.0,233100.0,4.1
2026-04-05,Bogotá,Distribuidor,Snacks,Chips de plátano,J. Peña,8,10600.0,0.05,80560.0,3.3
2025-12-21,Santander,Marketplace,Cuidado,Shampoo sólido,J. Peña,19,23300.0,0.05,420565.0,4.1
2026-05-06,Bogotá,E-commerce,Snacks,Barra de cereal,L. Gómez,25,12700.0,0.0,317500.0,4.6
2026-02-23,Bogotá,Marketplace,Café,Cápsulas x20,D. Mejía,10,38000.0,0.1,342000.0,4.8
2025-09-27,Eje Cafetero,Distribuidor,Cuidado,Crema corporal,A. Rojas,12,18100.0,0.0,217200.0,3.6
2025-08-14,Valle del Cauca,Marketplace,Bebidas,Té frío 500ml,J. Peña,12,6800.0,0.0,81600.0,2.9
2026-07-28,Antioquia,E-commerce,Café,Cápsulas x20,,22,32400.0,0.0,712800.0,3.0
2025-09-14,Valle del Cauca,E-commerce,Bebidas,Té frío 500ml,L. Gómez,4,7900.0,0.0,31600.0,4.1
2026-08-04,Valle del Cauca,Distribuidor,Cuidado,Crema corporal,D. Mejía,16,20400.0,0.05,310080.0,4.7
2026-03-21,Santander,E-commerce,Snacks,Barra de cereal,S. Vargas,10,9900.0,0.0,99000.0,4.4
2026-07-15,Eje Cafetero,Tienda física,Bebidas,Agua saborizada,D. Mejía,22,7400.0,0.1,146520.0,3.0
2025-09-29,Atlántico,Marketplace,Cuidado,Jabón artesanal,J. Peña,9,20900.0,0.1,169290.0,3.7
2025-10-15,Santander,E-commerce,Snacks,Barra de cereal,L. Gómez,8,10800.0,0.15,73440.0,3.4
2026-06-19,Bogotá,E-commerce,Bebidas,Jugo natural 1L,M. Torres,23,8900.0,0.15,173995.0,4.5
2026-03-31,Eje Cafetero,E-commerce,Café,Café molido 500g,S. Vargas,1,31400.0,0.15,26690.0,3.2
2026-05-10,Eje Cafetero,Marketplace,Café,Cápsulas x20,J. Peña,7,30500.0,0.0,213500.0,2.9
2026-06-07,Antioquia,Distribuidor,Snacks,Chips de plátano,M. Torres,14,8400.0,0.0,117600.0,5.0
2025-09-29,Santander,Marketplace,Bebidas,Agua saborizada,S. Vargas,11,7000.0,0.05,73150.0,3.7
2025-12-10,Atlántico,Marketplace,Café,Cápsulas x20,,3,37800.0,0.05,107730.0,3.5
2025-08-09,Eje Cafetero,E-commerce,Café,Cápsulas x20,S. Vargas,30,32500.0,0.0,975000.0,4.8
2026-03-18,Antioquia,Marketplace,Snacks,Chips de plátano,M. Torres,12,9100.0,0.0,109200.0,4.5
2026-04-07,Atlántico,Marketplace,Café,Cápsulas x20,C. Ramírez,10,29100.0,0.15,247350.0,3.5
2025-12-20,Antioquia,Marketplace,Café,Café en grano 1kg,A. Rojas,4,43400.0,0.0,173600.0,4.5
2025-11-18,Eje Cafetero,E-commerce,Café,Cápsulas x20,J. Peña,18,42100.0,0.0,757800.0,3.7
2025-12-26,Antioquia,Tienda física,Snacks,Barra de cereal,,14,11700.0,0.0,163800.0,4.6
2026-05-18,Atlántico,Distribuidor,Bebidas,Jugo natural 1L,M. Torres,13,7000.0,0.05,86450.0,3.1
2026-04-11,Atlántico,E-commerce,Snacks,Barra de cereal,M. Torres,21,9600.0,0.0,201600.0,3.9
2025-09-08,Valle del Cauca,Distribuidor,Bebidas,Té frío 500ml,J. Peña,8,7300.0,0.1,52560.0,4.3
2025-12-01,Bogotá,E-commerce,Café,Cápsulas x20,A. Rojas,25,59600.0,0.0,1490000.0,4.4
2026-01-15,Antioquia,Tienda física,Snacks,Barra de cereal,A. Rojas,14,10300.0,0.15,122570.0,3.4
2026-07-18,Valle del Cauca,Marketplace,Café,Café molido 500g,L. Gómez,10,26400.0,0.0,264000.0,
2026-02-26,Atlántico,Distribuidor,Snacks,Chips de plátano,L. Gómez,18,10100.0,0.15,154530.0,4.1
2026-07-01,Santander,Marketplace,Snacks,Mix de frutos secos,A. Rojas,11,8500.0,0.0,93500.0,4.2
2025-11-20,Valle del Cauca,E-commerce,Cuidado,Shampoo sólido,D. Mejía,21,27700.0,0.0,581700.0,2.9
2026-04-20,Eje Cafetero,Distribuidor,Bebidas,Té frío 500ml,C. Ramírez,17,6200.0,0.1,94860.0,4.5
2026-01-11,Eje Cafetero,E-commerce,Snacks,Chips de plátano,J. Peña,10,10400.0,0.05,98800.0,2.9
2026-06-01,Antioquia,E-commerce,Cuidado,Crema corporal,M. Torres,13,21200.0,0.1,248040.0,3.6
2026-04-03,Antioquia,Marketplace,Café,Café molido 500g,S. Vargas,11,26500.0,0.1,262350.0,3.3
2026-03-31,Antioquia,Distribuidor,Bebidas,Jugo natural 1L,J. Peña,12,7200.0,0.0,86400.0,3.2
2026-06-18,Valle del Cauca,Marketplace,Café,Café en grano 1kg,L. Gómez,20,27800.0,0.05,528200.0,3.0
2026-01-14,Valle del Cauca,Marketplace,Bebidas,Agua saborizada,J. Peña,19,6100.0,0.0,115900.0,4.6
2026-06-17,Valle del Cauca,Marketplace,Bebidas,Té frío 500ml,A. Rojas,25,6100.0,0.0,152500.0,2.9
2026-02-03,Bogotá,Tienda física,Café,Café molido 500g,A. Rojas,5,32700.0,0.05,155325.0,4.2
2026-03-11,Bogotá,Marketplace,Snacks,Chips de plátano,M. Torres,18,11200.0,0.1,181440.0,3.8
2026-01-23,Bogotá,E-commerce,Cuidado,Crema corporal,A. Rojas,7,27000.0,0.0,189000.0,4.5
2026-03-21,Atlántico,Distribuidor,Café,Cápsulas x20,M. Torres,12,29600.0,0.0,355200.0,4.2
2025-12-28,Atlántico,Distribuidor,Cuidado,Crema corporal,S. Vargas,18,25000.0,0.05,427500.0,3.3
2026-02-11,Valle del Cauca,Distribuidor,Bebidas,Jugo natural 1L,J. Peña,12,6800.0,0.15,69360.0,3.9
2025-09-16,Bogotá,E-commerce,Snacks,Barra de cereal,M. Torres,6,11900.0,0.1,64260.0,3.1
2025-09-14,Valle del Cauca,Tienda física,Snacks,Mix de frutos secos,C. Ramírez,13,9100.0,0.0,118300.0,5.0
2026-01-21,Antioquia,E-commerce,Cuidado,Jabón artesanal,M. Torres,15,23900.0,0.1,322650.0,2.9
2025-10-31,Santander,E-commerce,Bebidas,Té frío 500ml,A. Rojas,17,7500.0,0.0,127500.0,4.4
2025-09-01,Bogotá,Distribuidor,Café,Cápsulas x20,J. Peña,1,40000.0,0.0,40000.0,3.8
2025-08-22,Valle del Cauca,Distribuidor,Snacks,Barra de cereal,S. Vargas,11,8800.0,0.05,91960.0,3.6
2025-08-28,Bogotá,Marketplace,Café,Café molido 500g,J. Peña,22,34600.0,0.1,685080.0,4.4
2026-01-26,Bogotá,Tienda física,Bebidas,Jugo natural 1L,J. Peña,8,8300.0,0.0,66400.0,4.0
2025-11-27,Bogotá,Tienda física,Bebidas,Agua saborizada,M. Torres,16,11300.0,0.0,180800.0,3.8
2025-11-10,Valle del Cauca,E-commerce,Cuidado,Crema corporal,A. Rojas,11,26600.0,0.15,248710.0,3.0
2026-03-10,Eje Cafetero,Distribuidor,Snacks,Barra de cereal,D. Mejía,13,8900.0,0.05,109915.0,4.2
2025-09-19,Atlántico,Marketplace,Café,Cápsulas x20,S. Vargas,13,28300.0,0.05,349505.0,3.2
2026-04-05,Santander,Distribuidor,Bebidas,Jugo natural 1L,A. Rojas,20,6200.0,0.0,124000.0,4.2
2025-10-05,Valle del Cauca,Tienda física,Bebidas,Té frío 500ml,A. Rojas,16,6200.0,0.0,99200.0,3.2
2026-07-08,Santander,E-commerce,Snacks,Chips de plátano,A. Rojas,1,10600.0,0.05,10070.0,4.9
2026-02-11,Santander,Distribuidor,Cuidado,Crema corporal,J. Peña,8,21800.0,0.0,174400.0,4.3
2026-02-11,Bogotá,Marketplace,Cuidado,Jabón artesanal,S. Vargas,15,25000.0,0.0,375000.0,4.6
2026-07-29,Santander,Marketplace,Bebidas,Agua saborizada,A. Rojas,1,6700.0,0.05,6365.0,4.3
2026-01-21,Atlántico,Tienda física,Cuidado,Jabón artesanal,D. Mejía,5,19600.0,0.0,98000.0,3.3
2026-07-14,Bogotá,E-commerce,Café,Cápsulas x20,M. Torres,13,40900.0,0.0,531700.0,4.3
2026-06-24,Valle del Cauca,Marketplace,Cuidado,Crema corporal,J. Peña,15,20900.0,0.05,297825.0,2.9
2026-01-14,Bogotá,E-commerce,Café,Café molido 500g,M. Torres,16,39400.0,0.15,535840.0,4.2
2026-06-23,Antioquia,E-commerce,Café,Café molido 500g,J. Peña,5,28600.0,0.1,128700.0,2.9
2026-06-26,Santander,E-commerce,Snacks,Mix de frutos secos,S. Vargas,29,9000.0,0.0,261000.0,4.9
2025-11-01,Antioquia,Tienda física,Cuidado,Crema corporal,C. Ramírez,13,24900.0,0.0,323700.0,3.8
2026-06-05,Bogotá,E-commerce,Cuidado,Shampoo sólido,M. Torres,1,28400.0,0.1,25560.0,3.1
2025-08-09,Santander,Marketplace,Snacks,Chips de plátano,C. Ramírez,1,9500.0,0.05,9025.0,3.6
2025-09-05,Antioquia,E-commerce,Snacks,Mix de frutos secos,A. Rojas,15,10500.0,0.0,157500.0,3.7
2025-08-27,Santander,Distribuidor,Bebidas,Té frío 500ml,C. Ramírez,22,6900.0,0.15,129030.0,4.6
2026-03-18,Santander,Tienda física,Café,Cápsulas x20,,27,28900.0,0.0,780300.0,3.2
2025-09-28,Valle del Cauca,Marketplace,Bebidas,Jugo natural 1L,C. Ramírez,20,6800.0,0.0,136000.0,3.0
2025-10-14,Valle del Cauca,E-commerce,Cuidado,Crema corporal,L. Gómez,16,20800.0,0.0,332800.0,4.1
2026-06-09,Eje Cafetero,Tienda física,Café,Café molido 500g,S. Vargas,17,27400.0,0.1,419220.0,3.6
2025-08-27,Antioquia,E-commerce,Cuidado,Shampoo sólido,L. Gómez,14,21800.0,0.1,274680.0,3.3
2026-07-26,Antioquia,E-commerce,Cuidado,Jabón artesanal,A. Rojas,9,20500.0,0.15,156825.0,3.0
2025-11-03,Eje Cafetero,Marketplace,Snacks,Barra de cereal,J. Peña,13,11300.0,0.15,124865.0,4.7
2025-10-31,Eje Cafetero,Marketplace,Snacks,Barra de cereal,J. Peña,33,9800.0,0.0,323400.0,3.8
2025-10-21,Santander,E-commerce,Cuidado,Shampoo sólido,C. Ramírez,21,19700.0,0.0,413700.0,4.7
2025-12-26,Eje Cafetero,Marketplace,Bebidas,Agua saborizada,M. Torres,33,9500.0,0.1,282150.0,4.0
2026-03-02,Atlántico,Distribuidor,Café,Café en grano 1kg,C. Ramírez,16,26000.0,0.05,395200.0,2.9
2026-04-17,Bogotá,Marketplace,Snacks,Mix de frutos secos,C. Ramírez,4,10400.0,0.05,39520.0,3.1
2026-02-25,Santander,Distribuidor,Bebidas,Té frío 500ml,L. Gómez,4,7300.0,0.0,29200.0,4.5
2025-09-08,Valle del Cauca,E-commerce,Bebidas,Agua saborizada,S. Vargas,8,7100.0,0.15,48280.0,
2025-09-22,Antioquia,Marketplace,Café,Cápsulas x20,C. Ramírez,21,29000.0,0.0,609000.0,3.6
2026-04-29,Eje Cafetero,Distribuidor,Cuidado,Crema corporal,M. Torres,18,19600.0,0.0,352800.0,3.1
2026-06-09,Valle del Cauca,Marketplace,Café,Café en grano 1kg,C. Ramírez,18,28500.0,0.15,436050.0,3.6
2026-01-25,Bogotá,Distribuidor,Bebidas,Té frío 500ml,J. Peña,9,9000.0,0.05,76950.0,4.0
2025-11-14,Atlántico,Marketplace,Cuidado,Shampoo sólido,J. Peña,12,25600.0,0.0,307200.0,4.3
2026-03-28,Atlántico,Distribuidor,Cuidado,Crema corporal,C. Ramírez,16,21100.0,0.1,303840.0,3.6
2026-02-23,Santander,Tienda física,Café,Cápsulas x20,S. Vargas,10,28000.0,0.0,280000.0,
2026-06-03,Atlántico,Distribuidor,Cuidado,Jabón artesanal,J. Peña,5,20500.0,0.0,102500.0,3.6
2025-12-17,Atlántico,Tienda física,Snacks,Mix de frutos secos,M. Torres,13,12000.0,0.0,156000.0,4.8
2025-12-13,Santander,Marketplace,Snacks,Chips de plátano,D. Mejía,4,13700.0,0.0,54800.0,3.7
2026-06-15,Valle del Cauca,Marketplace,Café,Café molido 500g,,8,30900.0,0.0,247200.0,4.7
2026-02-22,Atlántico,E-commerce,Bebidas,Agua saborizada,A. Rojas,14,6800.0,0.0,95200.0,5.0
2026-02-21,Atlántico,Distribuidor,Bebidas,Agua saborizada,C. Ramírez,22,6000.0,0.15,112200.0,3.9
2025-09-15,Valle del Cauca,E-commerce,Café,Café en grano 1kg,M. Torres,14,28800.0,0.05,383040.0,2.8
2026-01-06,Bogotá,Tienda física,Bebidas,Jugo natural 1L,J. Peña,17,8700.0,0.0,147900.0,3.7
2025-12-10,Valle del Cauca,Marketplace,Bebidas,Té frío 500ml,D. Mejía,11,8900.0,0.0,97900.0,3.1
2025-11-07,Santander,Marketplace,Bebidas,Agua saborizada,J. Peña,17,8000.0,0.0,136000.0,5.0
2025-12-16,Atlántico,E-commerce,Bebidas,Jugo natural 1L,J. Peña,11,9200.0,0.1,91080.0,4.9
2026-04-13,Bogotá,Tienda física,Bebidas,Té frío 500ml,L. Gómez,1,8700.0,0.05,8265.0,4.4
2025-10-24,Santander,Marketplace,Café,Café en grano 1kg,S. Vargas,14,28800.0,0.0,403200.0,2.8
2026-02-28,Bogotá,E-commerce,Snacks,Barra de cereal,C. Ramírez,18,12900.0,0.0,232200.0,3.5
2026-01-08,Bogotá,E-commerce,Bebidas,Agua saborizada,A. Rojas,18,10000.0,0.1,162000.0,4.9
2026-03-15,Antioquia,Tienda física,Bebidas,Agua saborizada,A. Rojas,18,6300.0,0.0,113400.0,4.4
2025-09-09,Santander,Tienda física,Snacks,Barra de cereal,M. Torres,18,8800.0,0.1,142560.0,5.0
2025-12-28,Bogotá,Marketplace,Café,Cápsulas x20,J. Peña,13,46000.0,0.0,598000.0,3.8
2026-03-18,Bogotá,Marketplace,Cuidado,Shampoo sólido,D. Mejía,19,26800.0,0.05,483740.0,2.8
2025-08-15,Santander,E-commerce,Café,Café en grano 1kg,A. Rojas,2,29500.0,0.15,50150.0,3.3
2026-06-13,Santander,Distribuidor,Café,Café molido 500g,J. Peña,16,25300.0,0.0,404800.0,3.1
2025-11-01,Bogotá,Distribuidor,Bebidas,Jugo natural 1L,C. Ramírez,23,10600.0,0.15,207230.0,3.7
2026-06-05,Bogotá,Tienda física,Cuidado,Jabón artesanal,S. Vargas,4,26100.0,0.15,88740.0,3.8
2025-10-24,Bogotá,Distribuidor,Bebidas,Jugo natural 1L,L. Gómez,16,7700.0,0.05,117040.0,3.2
2026-05-25,Bogotá,Distribuidor,Cuidado,Jabón artesanal,D. Mejía,8,22500.0,0.0,180000.0,3.8
2025-09-21,Valle del Cauca,E-commerce,Snacks,Chips de plátano,D. Mejía,6,10500.0,0.0,63000.0,4.1
2026-02-10,Bogotá,E-commerce,Snacks,Mix de frutos secos,D. Mejía,1,12500.0,0.05,11875.0,4.3
2025-08-10,Eje Cafetero,Distribuidor,Café,Café en grano 1kg,L. Gómez,21,32200.0,0.1,608580.0,2.9
2026-07-22,Atlántico,Marketplace,Cuidado,Crema corporal,,1,20100.0,0.05,19095.0,4.3
2025-08-28,Eje Cafetero,Distribuidor,Cuidado,Jabón artesanal,J. Peña,1,17600.0,0.0,17600.0,2.9
2025-10-24,Antioquia,E-commerce,Snacks,Chips de plátano,M. Torres,28,9700.0,0.0,271600.0,4.0
2026-05-20,Valle del Cauca,Marketplace,Bebidas,Agua saborizada,D. Mejía,4,7000.0,0.05,26600.0,3.1
2025-09-12,Atlántico,Tienda física,Café,Café en grano 1kg,C. Ramírez,22,29200.0,0.05,610280.0,4.0
2025-10-02,Eje Cafetero,Distribuidor,Café,Café molido 500g,,14,27200.0,0.1,342720.0,3.8
2026-05-30,Atlántico,E-commerce,Bebidas,Té frío 500ml,D. Mejía,9,7800.0,0.0,70200.0,3.8
2026-01-11,Antioquia,Distribuidor,Cuidado,Shampoo sólido,C. Ramírez,21,18600.0,0.0,390600.0,3.6
2026-04-20,Atlántico,Marketplace,Bebidas,Jugo natural 1L,,16,7000.0,0.0,112000.0,3.5
2026-03-31,Bogotá,Distribuidor,Cuidado,Shampoo sólido,C. Ramírez,13,26100.0,0.0,339300.0,3.9
2026-07-22,Antioquia,Distribuidor,Café,Café en grano 1kg,A. Rojas,4,28800.0,0.0,115200.0,3.2
2026-05-02,Eje Cafetero,Tienda física,Cuidado,Crema corporal,C. Ramírez,24,19500.0,0.15,397800.0,4.5
2026-05-30,Bogotá,Distribuidor,Cuidado,Jabón artesanal,S. Vargas,18,26200.0,0.0,471600.0,3.4
2026-06-19,Valle del Cauca,Tienda física,Café,Café molido 500g,A. Rojas,24,27200.0,0.0,652800.0,4.4
2026-01-28,Eje Cafetero,Distribuidor,Snacks,Chips de plátano,L. Gómez,12,8900.0,0.0,106800.0,4.2
2025-11-05,Atlántico,Distribuidor,Snacks,Barra de cereal,D. Mejía,14,12500.0,0.0,175000.0,3.1
2025-09-29,Eje Cafetero,Distribuidor,Snacks,Mix de frutos secos,C. Ramírez,14,10300.0,0.0,144200.0,4.1
2025-10-07,Eje Cafetero,E-commerce,Cuidado,Crema corporal,S. Vargas,16,23000.0,0.0,368000.0,4.4
2026-04-17,Bogotá,Tienda física,Bebidas,Té frío 500ml,,19,9300.0,0.05,167865.0,3.1
2026-03-11,Valle del Cauca,E-commerce,Bebidas,Té frío 500ml,M. Torres,19,6900.0,0.0,131100.0,4.5
2026-06-09,Bogotá,Tienda física,Bebidas,Té frío 500ml,M. Torres,15,7400.0,0.05,105450.0,4.4
2026-03-26,Valle del Cauca,Tienda física,Snacks,Mix de frutos secos,M. Torres,11,9600.0,0.05,100320.0,3.7
2025-08-30,Atlántico,Marketplace,Cuidado,Crema corporal,D. Mejía,15,19500.0,0.1,263250.0,4.0
2026-04-10,Atlántico,E-commerce,Cuidado,Shampoo sólido,L. Gómez,21,21800.0,0.0,457800.0,2.8
2026-05-07,Bogotá,Marketplace,Café,Café en grano 1kg,C. Ramírez,26,35500.0,0.0,923000.0,4.7
2025-12-14,Bogotá,Distribuidor,Cuidado,Jabón artesanal,C. Ramírez,6,35100.0,0.15,179010.0,4.7
2026-02-07,Eje Cafetero,Distribuidor,Bebidas,Agua saborizada,L. Gómez,1,6600.0,0.0,6600.0,3.0
2025-09-18,Valle del Cauca,Marketplace,Bebidas,Té frío 500ml,C. Ramírez,11,6100.0,0.1,60390.0,4.6
2025-08-15,Santander,Tienda física,Snacks,Chips de plátano,M. Torres,13,8900.0,0.0,115700.0,4.6
2026-08-06,Eje Cafetero,Tienda física,Snacks,Barra de cereal,J. Peña,12,10100.0,0.15,103020.0,3.9
2026-02-04,Santander,E-commerce,Snacks,Chips de plátano,A. Rojas,18,9200.0,0.1,149040.0,3.0
2025-11-27,Eje Cafetero,E-commerce,Café,Café molido 500g,J. Peña,11,47700.0,0.0,524700.0,4.5
2026-05-09,Santander,E-commerce,Cuidado,Jabón artesanal,S. Vargas,15,22900.0,0.1,309150.0,4.1
2025-11-28,Valle del Cauca,Distribuidor,Snacks,Mix de frutos secos,S. Vargas,17,12200.0,0.0,207400.0,4.4
2026-01-12,Santander,Distribuidor,Cuidado,Crema corporal,A. Rojas,15,21700.0,0.0,325500.0,3.9
2026-07-05,Bogotá,Distribuidor,Snacks,Chips de plátano,D. Mejía,2,12900.0,0.0,25800.0,3.3
2026-08-05,Antioquia,Distribuidor,Café,Café molido 500g,C. Ramírez,13,26300.0,0.1,307710.0,3.4
2025-09-19,Santander,Marketplace,Snacks,Chips de plátano,A. Rojas,15,8300.0,0.15,105825.0,4.1
2025-11-03,Santander,Distribuidor,Cuidado,Shampoo sólido,L. Gómez,13,23200.0,0.0,301600.0,4.1
2025-09-05,Eje Cafetero,E-commerce,Bebidas,Jugo natural 1L,A. Rojas,7,6700.0,0.15,39865.0,2.9
2026-01-01,Antioquia,Distribuidor,Café,Café en grano 1kg,D. Mejía,11,30400.0,0.1,300960.0,4.6
2025-09-01,Valle del Cauca,E-commerce,Snacks,Barra de cereal,D. Mejía,26,9100.0,0.15,201110.0,3.9
2026-07-03,Eje Cafetero,Distribuidor,Snacks,Mix de frutos secos,A. Rojas,19,8700.0,0.05,157035.0,4.7
2026-02-06,Atlántico,Tienda física,Snacks,Barra de cereal,D. Mejía,8,8300.0,0.0,66400.0,2.8
2026-03-29,Bogotá,Tienda física,Bebidas,Jugo natural 1L,J. Peña,26,7400.0,0.15,163540.0,4.2
2026-05-31,Santander,Distribuidor,Bebidas,Agua saborizada,A. Rojas,16,5900.0,0.0,94400.0,4.6
2025-08-21,Bogotá,E-commerce,Bebidas,Té frío 500ml,D. Mejía,9,9000.0,0.05,76950.0,3.3
2026-06-18,Antioquia,Distribuidor,Cuidado,Shampoo sólido,J. Peña,13,18700.0,0.05,230945.0,4.8
2026-07-29,Antioquia,Tienda física,Cuidado,Jabón artesanal,L. Gómez,12,19500.0,0.0,234000.0,4.3
2026-05-09,Eje Cafetero,Distribuidor,Snacks,Chips de plátano,S. Vargas,11,9200.0,0.0,101200.0,4.1
2026-05-19,Santander,Distribuidor,Cuidado,Shampoo sólido,C. Ramírez,5,21000.0,0.1,94500.0,2.9
2026-02-05,Bogotá,E-commerce,Bebidas,Agua saborizada,A. Rojas,15,10200.0,0.0,153000.0,2.9
2026-07-25,Eje Cafetero,Distribuidor,Bebidas,Jugo natural 1L,L. Gómez,20,6500.0,0.05,123500.0,5.0
2026-07-21,Santander,Tienda física,Snacks,Mix de frutos secos,L. Gómez,20,8100.0,0.05,153900.0,4.2
2026-04-22,Santander,E-commerce,Cuidado,Shampoo sólido,L. Gómez,21,21600.0,0.1,408240.0,4.3
2026-03-26,Valle del Cauca,Distribuidor,Café,Cápsulas x20,M. Torres,15,26500.0,0.1,357750.0,4.8
2025-11-16,Valle del Cauca,E-commerce,Bebidas,Té frío 500ml,M. Torres,8,11100.0,0.0,88800.0,3.5
2026-02-09,Bogotá,Marketplace,Café,Cápsulas x20,C. Ramírez,7,34000.0,0.0,238000.0,3.7
2026-07-09,Antioquia,Marketplace,Café,Cápsulas x20,J. Peña,9,29500.0,0.1,238950.0,4.6
2026-05-22,Atlántico,E-commerce,Café,Café molido 500g,D. Mejía,18,30700.0,0.15,469710.0,4.4
2026-06-30,Bogotá,E-commerce,Cuidado,Crema corporal,J. Peña,23,27400.0,0.05,598690.0,3.9
2026-03-24,Santander,Distribuidor,Cuidado,Crema corporal,M. Torres,14,21000.0,0.1,264600.0,4.3
2025-10-05,Valle del Cauca,Distribuidor,Bebidas,Té frío 500ml,M. Torres,18,6800.0,0.15,104040.0,3.7
2026-01-22,Atlántico,E-commerce,Bebidas,Té frío 500ml,L. Gómez,15,7100.0,0.05,101175.0,3.7
2025-09-28,Atlántico,E-commerce,Cuidado,Shampoo sólido,S. Vargas,14,23600.0,0.0,330400.0,4.8
2026-05-22,Eje Cafetero,Marketplace,Bebidas,Té frío 500ml,C. Ramírez,16,6600.0,0.15,89760.0,
2026-06-14,Bogotá,Distribuidor,Cuidado,Crema corporal,C. Ramírez,15,21500.0,0.0,322500.0,4.8
2025-08-29,Bogotá,E-commerce,Snacks,Chips de plátano,C. Ramírez,17,13100.0,0.0,222700.0,4.3
2025-11-16,Antioquia,Marketplace,Cuidado,Crema corporal,M. Torres,13,28000.0,0.0,364000.0,3.3
2026-04-25,Eje Cafetero,Distribuidor,Bebidas,Té frío 500ml,C. Ramírez,13,6000.0,0.05,74100.0,3.3
2026-03-19,Atlántico,E-commerce,Bebidas,Té frío 500ml,L. Gómez,17,7200.0,0.0,122400.0,4.0
2026-05-29,Atlántico,Tienda física,Bebidas,Agua saborizada,S. Vargas,19,7400.0,0.1,126540.0,4.7
2026-03-10,Atlántico,Distribuidor,Cuidado,Shampoo sólido,S. Vargas,9,19200.0,0.0,172800.0,4.1
2025-10-26,Santander,Distribuidor,Cuidado,Shampoo sólido,L. Gómez,8,18200.0,0.05,138320.0,3.5
2026-06-22,Bogotá,E-commerce,Snacks,Mix de frutos secos,D. Mejía,14,13300.0,0.0,186200.0,4.1
2026-01-24,Valle del Cauca,Distribuidor,Snacks,Chips de plátano,M. Torres,13,9400.0,0.0,122200.0,3.2
2026-02-16,Eje Cafetero,Tienda física,Cuidado,Jabón artesanal,M. Torres,13,21500.0,0.05,265525.0,2.9
2026-03-22,Santander,Tienda física,Cuidado,Crema corporal,D. Mejía,12,19100.0,0.15,194820.0,4.7
2026-06-23,Antioquia,Distribuidor,Snacks,Chips de plátano,S. Vargas,6,8600.0,0.15,43860.0,4.3
2026-04-13,Atlántico,Marketplace,Cuidado,Shampoo sólido,J. Peña,16,21000.0,0.0,336000.0,4.4
2026-04-03,Valle del Cauca,Tienda física,Cuidado,Shampoo sólido,L. Gómez,18,17400.0,0.0,313200.0,3.8
2026-07-26,Eje Cafetero,E-commerce,Cuidado,Jabón artesanal,J. Peña,2,22600.0,0.0,45200.0,3.3
2026-03-07,Antioquia,Tienda física,Café,Café molido 500g,M. Torres,4,27200.0,0.0,108800.0,3.2
2026-07-11,Antioquia,E-commerce,Café,Café molido 500g,M. Torres,29,31000.0,0.15,764150.0,4.8
2025-09-08,Santander,Distribuidor,Café,Café en grano 1kg,L. Gómez,11,26700.0,0.15,249645.0,4.5
2026-04-26,Bogotá,Distribuidor,Snacks,Mix de frutos secos,L. Gómez,16,11500.0,0.1,165600.0,4.6
2026-03-11,Atlántico,Distribuidor,Snacks,Mix de frutos secos,L. Gómez,26,9700.0,0.0,252200.0,3.9
2025-10-07,Atlántico,Distribuidor,Cuidado,Jabón artesanal,D. Mejía,12,21800.0,0.15,222360.0,4.0
2026-07-15,Bogotá,E-commerce,Café,Café molido 500g,S. Vargas,14,39400.0,0.0,551600.0,
2025-11-14,Antioquia,Marketplace,Snacks,Barra de cereal,J. Peña,9,12300.0,0.05,105165.0,4.9
2025-08-30,Bogotá,Tienda física,Bebidas,Té frío 500ml,M. Torres,24,7300.0,0.0,175200.0,2.9
2026-06-08,Valle del Cauca,Marketplace,Bebidas,Jugo natural 1L,A. Rojas,25,7400.0,0.15,157250.0,4.5
2026-01-27,Valle del Cauca,Tienda física,Café,Café molido 500g,J. Peña,19,29900.0,0.0,568100.0,4.0
2025-08-20,Santander,Tienda física,Café,Café molido 500g,A. Rojas,19,31000.0,0.0,589000.0,4.5
2025-08-17,Eje Cafetero,Distribuidor,Café,Cápsulas x20,C. Ramírez,2,30100.0,0.0,60200.0,
2026-04-26,Atlántico,Tienda física,Snacks,Mix de frutos secos,J. Peña,6,8900.0,0.05,50730.0,3.2
2026-06-10,Valle del Cauca,Marketplace,Café,Café molido 500g,A. Rojas,13,28000.0,0.15,309400.0,4.5
2026-04-12,Antioquia,E-commerce,Cuidado,Shampoo sólido,L. Gómez,24,22800.0,0.0,547200.0,4.9
2026-06-24,Eje Cafetero,E-commerce,Cuidado,Crema corporal,M. Torres,18,21900.0,0.0,394200.0,3.9
2025-08-24,Santander,E-commerce,Snacks,Mix de frutos secos,J. Peña,20,11300.0,0.1,203400.0,4.8
2026-04-10,Valle del Cauca,Distribuidor,Bebidas,Agua saborizada,C. Ramírez,15,7000.0,0.0,105000.0,4.2
2026-07-18,Valle del Cauca,E-commerce,Cuidado,Shampoo sólido,C. Ramírez,9,20600.0,0.0,185400.0,4.5
2026-04-03,Valle del Cauca,Tienda física,Cuidado,Jabón artesanal,C. Ramírez,4,20200.0,0.05,76760.0,3.8
2025-08-31,Atlántico,E-commerce,Snacks,Barra de cereal,L. Gómez,17,9300.0,0.0,158100.0,2.9
2026-01-20,Bogotá,E-commerce,Snacks,Mix de frutos secos,C. Ramírez,21,12800.0,0.0,268800.0,4.6
2025-11-16,Bogotá,E-commerce,Cuidado,Shampoo sólido,M. Torres,12,38100.0,0.0,457200.0,4.7
2025-09-30,Bogotá,Marketplace,Café,Cápsulas x20,M. Torres,16,38500.0,0.0,616000.0,4.5
2025-10-06,Santander,Distribuidor,Bebidas,Jugo natural 1L,D. Mejía,8,7200.0,0.0,57600.0,3.9
2025-10-26,Bogotá,Distribuidor,Snacks,Mix de frutos secos,M. Torres,28,10200.0,0.05,271320.0,4.9
2026-04-17,Santander,E-commerce,Bebidas,Té frío 500ml,D. Mejía,17,6700.0,0.0,113900.0,4.1
2025-09-19,Valle del Cauca,Tienda física,Café,Cápsulas x20,S. Vargas,20,27600.0,0.15,469200.0,4.8
2026-04-27,Santander,Marketplace,Café,Café molido 500g,L. Gómez,8,26800.0,0.15,182240.0,3.5
2025-08-14,Bogotá,Tienda física,Café,Café en grano 1kg,C. Ramírez,20,38600.0,0.15,656200.0,3.4
2025-10-26,Santander,Marketplace,Cuidado,Crema corporal,L. Gómez,22,21600.0,0.1,427680.0,3.2
2026-04-24,Valle del Cauca,E-commerce,Café,Cápsulas x20,M. Torres,13,30500.0,0.05,376675.0,3.4
2025-09-22,Bogotá,Marketplace,Café,Café molido 500g,A. Rojas,15,36200.0,0.0,543000.0,3.9
2026-02-23,Valle del Cauca,E-commerce,Snacks,Mix de frutos secos,D. Mejía,18,11000.0,0.1,178200.0,3.6
2025-11-19,Valle del Cauca,Tienda física,Snacks,Chips de plátano,J. Peña,17,12200.0,0.15,176290.0,4.8
2026-04-20,Valle del Cauca,Tienda física,Café,Café molido 500g,A. Rojas,7,28500.0,0.0,199500.0,3.6
2025-08-28,Santander,Tienda física,Bebidas,Jugo natural 1L,J. Peña,20,6200.0,0.15,105400.0,4.3
2026-06-04,Valle del Cauca,Tienda física,Cuidado,Shampoo sólido,M. Torres,19,20700.0,0.0,393300.0,5.0
2026-01-21,Atlántico,Marketplace,Café,Cápsulas x20,L. Gómez,18,25200.0,0.15,385560.0,
2026-01-20,Atlántico,Distribuidor,Cuidado,Shampoo sólido,C. Ramírez,1,21400.0,0.1,19260.0,3.1
2026-07-21,Bogotá,Tienda física,Bebidas,Agua saborizada,S. Vargas,12,7400.0,0.0,88800.0,4.7
2026-08-04,Bogotá,Marketplace,Café,Café molido 500g,D. Mejía,15,34000.0,0.0,510000.0,5.0
2025-09-10,Bogotá,Distribuidor,Snacks,Mix de frutos secos,C. Ramírez,11,10400.0,0.05,108680.0,
2026-05-09,Valle del Cauca,Distribuidor,Snacks,Barra de cereal,L. Gómez,4,8600.0,0.0,34400.0,4.1
2026-01-01,Santander,Distribuidor,Café,Café molido 500g,C. Ramírez,10,27700.0,0.0,277000.0,3.7
2026-02-28,Valle del Cauca,E-commerce,Snacks,Chips de plátano,D. Mejía,12,9400.0,0.15,95880.0,3.5
2025-12-02,Eje Cafetero,Distribuidor,Cuidado,Shampoo sólido,C. Ramírez,9,25500.0,0.0,229500.0,4.5
2025-11-29,Santander,Marketplace,Bebidas,Agua saborizada,A. Rojas,14,9300.0,0.1,117180.0,
2026-04-14,Bogotá,Distribuidor,Cuidado,Shampoo sólido,D. Mejía,16,25500.0,0.0,408000.0,3.1
2026-04-23,Valle del Cauca,Marketplace,Snacks,Chips de plátano,C. Ramírez,14,9900.0,0.15,117810.0,4.6
2026-06-23,Eje Cafetero,Tienda física,Cuidado,Crema corporal,J. Peña,19,18500.0,0.05,333925.0,3.7
2026-01-31,Atlántico,E-commerce,Café,Cápsulas x20,A. Rojas,10,31500.0,0.0,315000.0,3.5
2026-07-17,Valle del Cauca,E-commerce,Bebidas,Té frío 500ml,S. Vargas,10,6700.0,0.15,56950.0,2.9
2025-08-14,Bogotá,Distribuidor,Bebidas,Agua saborizada,D. Mejía,27,9200.0,0.05,235980.0,4.4
2025-11-12,Santander,Marketplace,Snacks,Mix de frutos secos,M. Torres,6,11400.0,0.15,58140.0,4.9
2025-11-22,Valle del Cauca,Distribuidor,Café,Café en grano 1kg,C. Ramírez,14,40800.0,0.0,571200.0,4.6
2026-04-29,Atlántico,Marketplace,Cuidado,Crema corporal,M. Torres,11,18100.0,0.0,199100.0,
2026-03-25,Eje Cafetero,E-commerce,Café,Café molido 500g,L. Gómez,12,29200.0,0.05,332880.0,3.8
2026-07-16,Bogotá,Marketplace,Cuidado,Jabón artesanal,D. Mejía,23,23000.0,0.15,449650.0,3.3
2026-04-25,Bogotá,Tienda física,Bebidas,Té frío 500ml,J. Peña,16,9200.0,0.0,147200.0,
2026-04-18,Eje Cafetero,E-commerce,Café,Café molido 500g,L. Gómez,23,29800.0,0.0,685400.0,3.4
2026-06-04,Santander,Tienda física,Cuidado,Crema corporal,M. Torres,4,18700.0,0.0,74800.0,
2025-08-18,Eje Cafetero,Distribuidor,Bebidas,Agua saborizada,L. Gómez,19,6100.0,0.1,104310.0,4.2
2025-10-22,Valle del Cauca,Tienda física,Bebidas,Jugo natural 1L,C. Ramírez,27,6500.0,0.1,157950.0,5.0
2026-02-12,Valle del Cauca,Marketplace,Snacks,Mix de frutos secos,J. Peña,10,9500.0,0.0,95000.0,2.9
2025-11-10,Valle del Cauca,Distribuidor,Bebidas,Jugo natural 1L,C. Ramírez,9,8200.0,0.05,70110.0,3.5
2026-06-13,Bogotá,E-commerce,Café,Cápsulas x20,S. Vargas,18,35400.0,0.15,541620.0,3.8
2025-12-29,Bogotá,Tienda física,Café,Cápsulas x20,S. Vargas,6,49000.0,0.15,249900.0,3.2
2026-03-25,Antioquia,Marketplace,Snacks,Barra de cereal,J. Peña,19,8800.0,0.0,167200.0,2.9
2026-01-04,Antioquia,Marketplace,Snacks,Chips de plátano,C. Ramírez,13,9100.0,0.0,118300.0,2.8
2026-07-26,Santander,Marketplace,Bebidas,Agua saborizada,C. Ramírez,11,5900.0,0.0,64900.0,4.4
2025-11-25,Valle del Cauca,Marketplace,Snacks,Barra de cereal,A. Rojas,31,13100.0,0.0,406100.0,4.3
2026-06-13,Eje Cafetero,Distribuidor,Cuidado,Crema corporal,J. Peña,3,17900.0,0.0,53700.0,4.0
2025-12-14,Antioquia,Marketplace,Café,Café molido 500g,M. Torres,7,35900.0,0.05,238735.0,3.1
2026-05-23,Antioquia,Tienda física,Café,Café en grano 1kg,L. Gómez,7,29200.0,0.05,194180.0,
2025-11-05,Atlántico,Tienda física,Cuidado,Crema corporal,S. Vargas,1,29300.0,0.15,24905.0,
2026-02-17,Atlántico,Distribuidor,Snacks,Chips de plátano,J. Peña,8,10300.0,0.0,82400.0,3.5
2026-03-04,Bogotá,Marketplace,Snacks,Mix de frutos secos,J. Peña,11,11200.0,0.0,123200.0,4.5
2026-03-05,Santander,E-commerce,Cuidado,Crema corporal,D. Mejía,5,22300.0,0.05,105925.0,3.8
2025-10-28,Antioquia,Marketplace,Café,Cápsulas x20,L. Gómez,16,31000.0,0.0,496000.0,3.1
2025-10-04,Valle del Cauca,E-commerce,Bebidas,Agua saborizada,S. Vargas,19,8000.0,0.0,152000.0,4.0
2026-02-22,Bogotá,Distribuidor,Bebidas,Agua saborizada,D. Mejía,1,8300.0,0.05,7885.0,3.0
2026-07-28,Santander,Distribuidor,Café,Café molido 500g,L. Gómez,25,29200.0,0.15,620500.0,4.1
2025-11-03,Antioquia,E-commerce,Bebidas,Jugo natural 1L,J. Peña,23,9600.0,0.0,220800.0,4.7
2026-01-12,Bogotá,E-commerce,Café,Cápsulas x20,L. Gómez,5,44200.0,0.0,221000.0,4.8
2026-06-20,Santander,Marketplace,Café,Café en grano 1kg,S. Vargas,12,26400.0,0.05,300960.0,3.5
2026-01-09,Valle del Cauca,Tienda física,Bebidas,Jugo natural 1L,M. Torres,18,6300.0,0.1,102060.0,4.6
2025-10-30,Valle del Cauca,Marketplace,Snacks,Barra de cereal,S. Vargas,8,8200.0,0.15,55760.0,4.5
2026-02-14,Antioquia,E-commerce,Snacks,Mix de frutos secos,D. Mejía,13,11400.0,0.0,148200.0,
2026-03-17,Antioquia,Marketplace,Bebidas,Agua saborizada,A. Rojas,11,5900.0,0.1,58410.0,4.1
2026-07-07,Antioquia,Marketplace,Bebidas,Té frío 500ml,M. Torres,11,6800.0,0.15,63580.0,4.3
2026-06-16,Bogotá,Marketplace,Snacks,Mix de frutos secos,A. Rojas,16,11800.0,0.0,188800.0,4.7
2025-08-07,Santander,E-commerce,Snacks,Mix de frutos secos,J. Peña,24,9800.0,0.1,211680.0,3.4
2026-03-05,Santander,Distribuidor,Snacks,Barra de cereal,D. Mejía,7,9700.0,0.15,57715.0,3.2
2026-07-23,Valle del Cauca,Marketplace,Cuidado,Crema corporal,J. Peña,14,18000.0,0.0,252000.0,2.9
2026-01-02,Atlántico,Tienda física,Cuidado,Crema corporal,J. Peña,12,18500.0,0.05,210900.0,3.3
2026-05-07,Antioquia,Distribuidor,Cuidado,Crema corporal,L. Gómez,9,19500.0,0.0,175500.0,4.5
2026-03-31,Atlántico,E-commerce,Bebidas,Jugo natural 1L,A. Rojas,7,7800.0,0.0,54600.0,3.7
2026-03-27,Eje Cafetero,Tienda física,Bebidas,Té frío 500ml,C. Ramírez,26,6900.0,0.0,179400.0,4.0
2026-05-23,Eje Cafetero,Tienda física,Bebidas,Agua saborizada,L. Gómez,16,6400.0,0.1,92160.0,3.0
2026-03-08,Bogotá,E-commerce,Cuidado,Jabón artesanal,D. Mejía,16,29700.0,0.0,475200.0,3.4
2025-10-20,Eje Cafetero,Distribuidor,Cuidado,Jabón artesanal,J. Peña,16,18000.0,0.05,273600.0,3.8
2025-11-13,Antioquia,Tienda física,Snacks,Barra de cereal,S. Vargas,14,12700.0,0.15,151130.0,4.6
2025-08-09,Bogotá,Marketplace,Snacks,Mix de frutos secos,S. Vargas,1,10600.0,0.1,9540.0,
2026-06-07,Bogotá,Tienda física,Café,Cápsulas x20,A. Rojas,25,33700.0,0.0,842500.0,4.7
2025-11-28,Atlántico,E-commerce,Snacks,Mix de frutos secos,D. Mejía,10,13600.0,0.05,129200.0,3.0
2026-03-16,Bogotá,Tienda física,Bebidas,Agua saborizada,J. Peña,7,8400.0,0.0,58800.0,4.3
2025-12-03,Bogotá,Distribuidor,Café,Café molido 500g,J. Peña,1,51500.0,0.1,46350.0,4.9
2025-10-13,Valle del Cauca,Marketplace,Snacks,Chips de plátano,M. Torres,17,10100.0,0.0,171700.0,3.9
2025-12-28,Santander,E-commerce,Bebidas,Té frío 500ml,D. Mejía,19,10500.0,0.0,199500.0,3.1
2026-06-14,Atlántico,Tienda física,Bebidas,Agua saborizada,L. Gómez,30,7500.0,0.0,225000.0,3.9
2026-05-31,Antioquia,Marketplace,Café,Cápsulas x20,S. Vargas,9,29700.0,0.1,240570.0,4.9
2026-05-16,Bogotá,Marketplace,Bebidas,Agua saborizada,M. Torres,14,8700.0,0.1,109620.0,4.3
2025-12-15,Bogotá,E-commerce,Café,Café en grano 1kg,J. Peña,6,49200.0,0.0,295200.0,3.8
2025-08-09,Valle del Cauca,Tienda física,Cuidado,Shampoo sólido,A. Rojas,6,20000.0,0.15,102000.0,4.9
2026-06-04,Santander,Distribuidor,Cuidado,Crema corporal,D. Mejía,12,19800.0,0.1,213840.0,3.9
2026-05-27,Eje Cafetero,Distribuidor,Cuidado,Crema corporal,,4,17800.0,0.0,71200.0,3.9
2026-04-06,Bogotá,Marketplace,Café,Café en grano 1kg,D. Mejía,14,36300.0,0.0,508200.0,4.9
2025-09-12,Santander,E-commerce,Cuidado,Crema corporal,S. Vargas,13,23400.0,0.15,258570.0,4.7
2025-10-15,Eje Cafetero,Marketplace,Bebidas,Jugo natural 1L,C. Ramírez,18,6100.0,0.0,109800.0,2.9
2025-10-02,Valle del Cauca,Marketplace,Café,Café molido 500g,S. Vargas,11,26900.0,0.0,295900.0,3.4
2025-08-17,Bogotá,Distribuidor,Bebidas,Jugo natural 1L,A. Rojas,9,8500.0,0.0,76500.0,3.6
2026-06-08,Bogotá,Distribuidor,Cuidado,Shampoo sólido,A. Rojas,13,24100.0,0.0,313300.0,4.4
2025-10-06,Antioquia,Tienda física,Cuidado,Crema corporal,,21,21700.0,0.0,455700.0,3.4
2025-12-21,Eje Cafetero,Marketplace,Snacks,Chips de plátano,J. Peña,10,11800.0,0.05,112100.0,3.7
2026-01-15,Valle del Cauca,Marketplace,Bebidas,Agua saborizada,M. Torres,15,6600.0,0.0,99000.0,3.4
2026-07-30,Eje Cafetero,Distribuidor,Cuidado,Shampoo sólido,C. Ramírez,10,21800.0,0.0,218000.0,3.4
2025-08-17,Antioquia,Marketplace,Café,Cápsulas x20,C. Ramírez,23,29800.0,0.05,651130.0,
2025-12-12,Valle del Cauca,Tienda física,Bebidas,Agua saborizada,C. Ramírez,5,9900.0,0.15,42075.0,4.3
2025-08-21,Santander,Distribuidor,Cuidado,Crema corporal,A. Rojas,26,19700.0,0.1,460980.0,4.2
2025-11-19,Antioquia,E-commerce,Café,Café molido 500g,J. Peña,1,37700.0,0.05,35815.0,
2026-04-19,Bogotá,E-commerce,Bebidas,Agua saborizada,C. Ramírez,9,8300.0,0.0,74700.0,4.4
2025-12-08,Eje Cafetero,Marketplace,Café,Cápsulas x20,D. Mejía,8,43200.0,0.0,345600.0,3.7
2026-01-27,Antioquia,Distribuidor,Snacks,Barra de cereal,,17,9500.0,0.0,161500.0,
2026-05-29,Eje Cafetero,E-commerce,Cuidado,Jabón artesanal,C. Ramírez,16,22600.0,0.15,307360.0,4.1
2025-12-27,Eje Cafetero,Distribuidor,Snacks,Chips de plátano,J. Peña,19,11100.0,0.05,200355.0,4.1
2025-09-26,Valle del Cauca,Tienda física,Bebidas,Agua saborizada,L. Gómez,16,6600.0,0.0,105600.0,
2026-04-29,Valle del Cauca,Tienda física,Bebidas,Agua saborizada,J. Peña,20,7100.0,0.05,134900.0,4.9
2026-06-03,Santander,Tienda física,Café,Café molido 500g,D. Mejía,23,30300.0,0.05,662055.0,4.1
2025-08-16,Atlántico,Tienda física,Snacks,Mix de frutos secos,L. Gómez,13,9200.0,0.0,119600.0,4.5
2026-04-26,Eje Cafetero,Distribuidor,Snacks,Barra de cereal,A. Rojas,25,9900.0,0.05,235125.0,3.8
2025-12-22,Antioquia,Tienda física,Café,Café molido 500g,A. Rojas,20,35600.0,0.0,712000.0,2.9
2026-02-13,Bogotá,Marketplace,Cuidado,Crema corporal,D. Mejía,28,21600.0,0.0,604800.0,4.5
2026-03-01,Atlántico,Distribuidor,Bebidas,Té frío 500ml,L. Gómez,16,6700.0,0.1,96480.0,3.6
2026-01-18,Antioquia,Distribuidor,Bebidas,Jugo natural 1L,J. Peña,12,7400.0,0.0,88800.0,
2026-02-02,Bogotá,Distribuidor,Cuidado,Shampoo sólido,J. Peña,10,25000.0,0.15,212500.0,4.4
2026-05-20,Valle del Cauca,Tienda física,Café,Cápsulas x20,S. Vargas,9,26600.0,0.05,227430.0,4.4
2025-10-16,Valle del Cauca,Distribuidor,Cuidado,Crema corporal,C. Ramírez,15,18700.0,0.0,280500.0,3.2
2026-03-31,Eje Cafetero,E-commerce,Cuidado,Crema corporal,A. Rojas,21,21400.0,0.0,449400.0,4.3
2026-07-20,Antioquia,Marketplace,Bebidas,Jugo natural 1L,A. Rojas,19,6900.0,0.0,131100.0,4.6
2025-10-02,Santander,Marketplace,Bebidas,Té frío 500ml,D. Mejía,8,6500.0,0.0,52000.0,4.1
2025-11-07,Eje Cafetero,Distribuidor,Snacks,Chips de plátano,L. Gómez,18,13500.0,0.0,243000.0,4.9
2025-09-19,Santander,Distribuidor,Bebidas,Té frío 500ml,L. Gómez,10,7400.0,0.15,62900.0,4.5
2026-05-10,Bogotá,E-commerce,Café,Café molido 500g,M. Torres,15,37600.0,0.0,564000.0,2.9
2026-01-10,Eje Cafetero,Tienda física,Café,Café molido 500g,L. Gómez,10,30200.0,0.05,286900.0,3.8
2025-09-11,Valle del Cauca,Distribuidor,Snacks,Barra de cereal,A. Rojas,1,9400.0,0.0,9400.0,4.5
2025-11-28,Valle del Cauca,Distribuidor,Snacks,Barra de cereal,C. Ramírez,5,11700.0,0.0,58500.0,4.3
2026-04-03,Eje Cafetero,E-commerce,Café,Cápsulas x20,S. Vargas,12,31100.0,0.0,373200.0,4.4
2025-11-25,Bogotá,Marketplace,Café,Café en grano 1kg,D. Mejía,18,54200.0,0.05,926820.0,3.3
2025-12-25,Valle del Cauca,Distribuidor,Café,Cápsulas x20,L. Gómez,1,35100.0,0.05,33345.0,4.3
2026-03-27,Atlántico,Distribuidor,Bebidas,Agua saborizada,D. Mejía,14,7300.0,0.15,86870.0,4.3
2025-08-20,Bogotá,Distribuidor,Bebidas,Té frío 500ml,C. Ramírez,16,9100.0,0.0,145600.0,3.8
2025-09-26,Atlántico,Marketplace,Café,Café en grano 1kg,D. Mejía,21,25500.0,0.0,535500.0,3.4
2025-11-07,Eje Cafetero,Tienda física,Café,Café molido 500g,D. Mejía,9,41300.0,0.15,315945.0,3.0
2025-11-08,Eje Cafetero,Distribuidor,Bebidas,Jugo natural 1L,S. Vargas,8,8700.0,0.15,59160.0,3.6
2026-05-26,Bogotá,E-commerce,Cuidado,Jabón artesanal,M. Torres,11,24200.0,0.0,266200.0,3.1
2026-03-06,Atlántico,Tienda física,Cuidado,Jabón artesanal,C. Ramírez,18,18300.0,0.1,296460.0,3.1
2026-07-31,Santander,Tienda física,Café,Café en grano 1kg,J. Peña,21,30400.0,0.05,606480.0,3.3
2026-03-21,Atlántico,Tienda física,Cuidado,Crema corporal,J. Peña,4,21800.0,0.0,87200.0,3.3
2026-07-14,Valle del Cauca,Distribuidor,Snacks,Barra de cereal,D. Mejía,19,8900.0,0.0,169100.0,4.8
2025-11-30,Antioquia,Distribuidor,Café,Café molido 500g,S. Vargas,12,37700.0,0.0,452400.0,3.6
2025-08-19,Santander,Marketplace,Café,Café molido 500g,L. Gómez,15,31700.0,0.0,475500.0,4.9
2026-02-09,Atlántico,Marketplace,Bebidas,Agua saborizada,S. Vargas,28,6500.0,0.0,182000.0,4.5
2026-07-27,Atlántico,Marketplace,Snacks,Barra de cereal,D. Mejía,20,8400.0,0.0,168000.0,4.1
2026-05-22,Atlántico,Distribuidor,Cuidado,Jabón artesanal,J. Peña,15,18200.0,0.05,259350.0,4.7
2026-03-05,Bogotá,Distribuidor,Snacks,Mix de frutos secos,D. Mejía,18,12300.0,0.1,199260.0,4.1
2026-06-17,Santander,E-commerce,Snacks,Mix de frutos secos,L. Gómez,12,11200.0,0.15,114240.0,3.8
2026-05-25,Bogotá,Distribuidor,Café,Café en grano 1kg,M. Torres,14,36500.0,0.0,511000.0,4.4
2025-12-22,Antioquia,Distribuidor,Bebidas,Jugo natural 1L,M. Torres,20,8200.0,0.1,147600.0,4.3
2025-10-24,Eje Cafetero,Marketplace,Cuidado,Jabón artesanal,L. Gómez,20,17700.0,0.0,354000.0,4.6
2026-01-29,Valle del Cauca,Tienda física,Bebidas,Agua saborizada,C. Ramírez,16,6300.0,0.0,100800.0,4.7
2026-08-02,Santander,Marketplace,Snacks,Mix de frutos secos,D. Mejía,1,9900.0,0.15,8415.0,4.8
2026-04-17,Valle del Cauca,Tienda física,Bebidas,Agua saborizada,A. Rojas,4,7000.0,0.05,26600.0,3.9
2026-03-10,Antioquia,Marketplace,Bebidas,Té frío 500ml,A. Rojas,19,6000.0,0.0,114000.0,4.2
2026-07-29,Valle del Cauca,Marketplace,Café,Cápsulas x20,J. Peña,1,31600.0,0.05,30020.0,4.1
2026-05-29,Eje Cafetero,E-commerce,Cuidado,Shampoo sólido,A. Rojas,5,19000.0,0.05,90250.0,2.9
2026-04-07,Bogotá,Marketplace,Bebidas,Té frío 500ml,A. Rojas,20,7400.0,0.0,148000.0,3.9
2026-03-25,Santander,Tienda física,Bebidas,Agua saborizada,L. Gómez,10,7200.0,0.0,72000.0,3.4
2025-12-28,Antioquia,E-commerce,Bebidas,Té frío 500ml,M. Torres,9,10600.0,0.0,95400.0,4.7
2025-08-09,Valle del Cauca,Marketplace,Bebidas,Jugo natural 1L,L. Gómez,1,7400.0,0.15,6290.0,3.2
2026-07-31,Atlántico,Marketplace,Bebidas,Jugo natural 1L,A. Rojas,5,7200.0,0.0,36000.0,4.3
2025-10-18,Antioquia,E-commerce,Cuidado,Shampoo sólido,M. Torres,3,23400.0,0.15,59670.0,4.3
2025-09-18,Eje Cafetero,Tienda física,Cuidado,Crema corporal,M. Torres,9,20400.0,0.0,183600.0,3.0
2026-02-25,Atlántico,Tienda física,Cuidado,Shampoo sólido,A. Rojas,20,17700.0,0.05,336300.0,4.3
2025-09-11,Atlántico,Distribuidor,Cuidado,Shampoo sólido,D. Mejía,27,18000.0,0.0,486000.0,4.5
2026-07-26,Antioquia,E-commerce,Cuidado,Shampoo sólido,C. Ramírez,9,19400.0,0.15,148410.0,3.8
2026-04-17,Bogotá,E-commerce,Cuidado,Crema corporal,L. Gómez,12,28200.0,0.0,338400.0,3.2
2026-03-28,Bogotá,Marketplace,Snacks,Chips de plátano,S. Vargas,17,11600.0,0.0,197200.0,5.0
2025-12-15,Santander,Tienda física,Café,Café en grano 1kg,C. Ramírez,1,42000.0,0.05,39900.0,2.9
2025-08-31,Santander,Marketplace,Bebidas,Té frío 500ml,A. Rojas,21,6800.0,0.05,135660.0,2.9
2026-05-18,Antioquia,E-commerce,Café,Café molido 500g,A. Rojas,12,27900.0,0.05,318060.0,4.7
2025-09-25,Eje Cafetero,Tienda física,Bebidas,Jugo natural 1L,A. Rojas,20,6600.0,0.0,132000.0,3.6
2026-03-31,Santander,Distribuidor,Café,Café molido 500g,M. Torres,11,30700.0,0.15,287045.0,5.0
2026-01-01,Antioquia,Distribuidor,Snacks,Barra de cereal,A. Rojas,19,8400.0,0.0,159600.0,4.9
2026-08-01,Atlántico,Marketplace,Café,Cápsulas x20,M. Torres,20,27900.0,0.0,558000.0,4.2
2025-09-10,Antioquia,E-commerce,Bebidas,Té frío 500ml,S. Vargas,16,7700.0,0.15,104720.0,3.6
2026-07-18,Antioquia,Tienda física,Cuidado,Jabón artesanal,A. Rojas,16,17300.0,0.0,276800.0,4.9
2025-12-29,Bogotá,E-commerce,Snacks,Barra de cereal,S. Vargas,14,18600.0,0.0,260400.0,4.1
2025-09-26,Atlántico,Marketplace,Cuidado,Shampoo sólido,A. Rojas,10,17500.0,0.0,175000.0,2.9
2026-07-16,Santander,Marketplace,Bebidas,Té frío 500ml,A. Rojas,15,7400.0,0.0,111000.0,4.4
2025-08-09,Antioquia,Tienda física,Bebidas,Té frío 500ml,M. Torres,12,7000.0,0.0,84000.0,4.6
2026-08-05,Eje Cafetero,E-commerce,Snacks,Chips de plátano,C. Ramírez,15,11200.0,0.0,168000.0,4.6
2025-12-12,Santander,Distribuidor,Snacks,Mix de frutos secos,D. Mejía,11,13400.0,0.0,147400.0,4.2
2026-02-27,Santander,Marketplace,Café,Café molido 500g,S. Vargas,14,28100.0,0.15,334390.0,
2025-09-02,Eje Cafetero,E-commerce,Snacks,Barra de cereal,L. Gómez,18,10100.0,0.15,154530.0,4.9
2026-02-01,Antioquia,Tienda física,Café,Cápsulas x20,D. Mejía,14,31200.0,0.1,393120.0,4.9
2026-01-29,Santander,Marketplace,Bebidas,Té frío 500ml,L. Gómez,11,6200.0,0.15,57970.0,
2026-07-27,Valle del Cauca,Tienda física,Café,Café en grano 1kg,C. Ramírez,8,29300.0,0.0,234400.0,3.9
2026-04-02,Bogotá,Tienda física,Café,Café molido 500g,M. Torres,20,37300.0,0.05,708700.0,3.9
2026-03-01,Atlántico,Tienda física,Bebidas,Jugo natural 1L,M. Torres,3,6000.0,0.0,18000.0,4.4
2026-07-02,Bogotá,Tienda física,Cuidado,Jabón artesanal,C. Ramírez,7,22400.0,0.0,156800.0,4.6
2025-10-09,Atlántico,Tienda física,Cuidado,Jabón artesanal,D. Mejía,14,19800.0,0.0,277200.0,5.0
2026-05-23,Eje Cafetero,E-commerce,Snacks,Barra de cereal,C. Ramírez,13,9000.0,0.0,117000.0,3.5
2025-09-01,Valle del Cauca,Marketplace,Café,Café en grano 1kg,S. Vargas,14,27900.0,0.0,390600.0,2.9
2026-07-07,Atlántico,Marketplace,Bebidas,Té frío 500ml,J. Peña,16,6300.0,0.0,100800.0,4.0
2026-02-06,Eje Cafetero,Marketplace,Snacks,Chips de plátano,D. Mejía,17,8600.0,0.05,138890.0,3.7
2025-12-13,Bogotá,Tienda física,Café,Café molido 500g,L. Gómez,17,51900.0,0.1,794070.0,4.2
2025-10-26,Santander,Tienda física,Snacks,Mix de frutos secos,S. Vargas,7,8900.0,0.0,62300.0,3.2
2026-03-02,Santander,Tienda física,Cuidado,Crema corporal,L. Gómez,15,21200.0,0.0,318000.0,3.0
2026-07-29,Antioquia,E-commerce,Snacks,Chips de plátano,J. Peña,12,9800.0,0.05,111720.0,
2025-08-21,Valle del Cauca,Tienda física,Snacks,Barra de cereal,C. Ramírez,9,8500.0,0.05,72675.0,3.7
2026-03-26,Atlántico,Distribuidor,Cuidado,Crema corporal,L. Gómez,16,17100.0,0.05,259920.0,4.3
2025-12-21,Valle del Cauca,Marketplace,Cuidado,Shampoo sólido,S. Vargas,16,24000.0,0.15,326400.0,4.2
2026-06-15,Antioquia,E-commerce,Snacks,Barra de cereal,A. Rojas,20,11200.0,0.0,224000.0,4.4
2025-11-24,Bogotá,Marketplace,Café,Cápsulas x20,J. Peña,5,51900.0,0.0,259500.0,2.9
2026-08-06,Bogotá,Distribuidor,Snacks,Chips de plátano,L. Gómez,23,12200.0,0.0,280600.0,3.4
2026-04-12,Bogotá,Distribuidor,Cuidado,Shampoo sólido,S. Vargas,22,24400.0,0.1,483120.0,4.6
2025-12-27,Bogotá,E-commerce,Snacks,Mix de frutos secos,S. Vargas,18,19100.0,0.0,343800.0,4.3
2026-02-17,Valle del Cauca,Tienda física,Cuidado,Shampoo sólido,A. Rojas,15,19400.0,0.15,247350.0,4.6
2026-01-11,Bogotá,Tienda física,Cuidado,Crema corporal,L. Gómez,6,24400.0,0.0,146400.0,3.7
2026-04-15,Bogotá,Tienda física,Snacks,Barra de cereal,D. Mejía,22,12400.0,0.0,272800.0,4.1
2026-01-05,Santander,Distribuidor,Cuidado,Shampoo sólido,C. Ramírez,11,21400.0,0.15,200090.0,4.2
2025-10-28,Santander,Tienda física,Bebidas,Té frío 500ml,S. Vargas,18,6900.0,0.15,105570.0,3.1
2026-07-03,Antioquia,Distribuidor,Snacks,Chips de plátano,S. Vargas,10,8800.0,0.1,79200.0,4.3
2025-12-24,Antioquia,Marketplace,Café,Café en grano 1kg,S. Vargas,19,39800.0,0.0,756200.0,2.9
2026-08-01,Atlántico,Distribuidor,Café,Cápsulas x20,L. Gómez,18,25600.0,0.05,437760.0,4.8
2025-11-01,Bogotá,E-commerce,Snacks,Chips de plátano,L. Gómez,14,18600.0,0.0,260400.0,
2025-10-27,Antioquia,Distribuidor,Café,Café molido 500g,L. Gómez,14,27600.0,0.0,386400.0,4.4
2026-07-06,Santander,Marketplace,Snacks,Mix de frutos secos,J. Peña,14,9400.0,0.0,131600.0,3.6
2025-12-17,Bogotá,E-commerce,Bebidas,Jugo natural 1L,C. Ramírez,1,11700.0,0.0,11700.0,3.8
2026-05-21,Santander,Marketplace,Bebidas,Té frío 500ml,L. Gómez,13,7000.0,0.0,91000.0,2.9
2026-05-06,Valle del Cauca,Tienda física,Snacks,Barra de cereal,S. Vargas,12,9600.0,0.05,109440.0,2.8
2025-08-22,Bogotá,Tienda física,Café,Café en grano 1kg,M. Torres,1,32700.0,0.0,32700.0,3.7
2026-04-26,Santander,Marketplace,Snacks,Chips de plátano,C. Ramírez,14,9700.0,0.15,115430.0,4.8
2026-01-22,Bogotá,E-commerce,Bebidas,Agua saborizada,L. Gómez,9,10200.0,0.15,78030.0,4.5
2026-07-23,Santander,E-commerce,Café,Café en grano 1kg,D. Mejía,15,33800.0,0.1,456300.0,4.9
2026-05-04,Valle del Cauca,Marketplace,Café,Café en grano 1kg,A. Rojas,23,27500.0,0.0,632500.0,3.9
2025-10-08,Atlántico,Marketplace,Café,Café molido 500g,C. Ramírez,21,31400.0,0.0,659400.0,3.7
2025-12-09,Eje Cafetero,Marketplace,Café,Café en grano 1kg,D. Mejía,20,41200.0,0.15,700400.0,3.5
2026-04-23,Atlántico,Tienda física,Cuidado,Crema corporal,C. Ramírez,1,18800.0,0.1,16920.0,4.3
2025-08-11,Eje Cafetero,E-commerce,Café,Café en grano 1kg,D. Mejía,11,30700.0,0.0,337700.0,5.0
2026-06-13,Atlántico,Tienda física,Bebidas,Agua saborizada,J. Peña,22,6200.0,0.15,115940.0,3.1
2026-01-29,Bogotá,Tienda física,Café,Cápsulas x20,M. Torres,11,31600.0,0.0,347600.0,5.0
2025-11-04,Santander,Marketplace,Snacks,Chips de plátano,L. Gómez,20,13000.0,0.1,234000.0,4.4
2025-09-16,Eje Cafetero,E-commerce,Snacks,Chips de plátano,M. Torres,26,9400.0,0.0,244400.0,3.3
2026-07-23,Valle del Cauca,Marketplace,Bebidas,Agua saborizada,L. Gómez,17,7300.0,0.0,124100.0,3.8
2025-12-06,Santander,Tienda física,Café,Café en grano 1kg,C. Ramírez,8,41300.0,0.0,330400.0,3.6
2025-12-15,Valle del Cauca,Marketplace,Snacks,Barra de cereal,D. Mejía,17,12300.0,0.05,198645.0,5.0
2025-10-20,Santander,Tienda física,Café,Café en grano 1kg,C. Ramírez,17,29900.0,0.15,432055.0,3.5
2025-08-13,Bogotá,Distribuidor,Café,Café molido 500g,C. Ramírez,9,35400.0,0.05,302670.0,
2026-05-06,Atlántico,Tienda física,Café,Café en grano 1kg,M. Torres,15,31500.0,0.15,401625.0,2.9
2025-09-12,Bogotá,Tienda física,Snacks,Chips de plátano,D. Mejía,19,10300.0,0.0,195700.0,3.7
2026-03-07,Bogotá,E-commerce,Cuidado,Shampoo sólido,J. Peña,1,24300.0,0.0,24300.0,3.7
2025-09-27,Atlántico,Marketplace,Snacks,Chips de plátano,S. Vargas,11,9200.0,0.0,101200.0,4.2
2025-08-17,Antioquia,Distribuidor,Bebidas,Té frío 500ml,L. Gómez,25,6800.0,0.0,170000.0,4.5
2025-10-06,Valle del Cauca,Distribuidor,Snacks,Mix de frutos secos,D. Mejía,12,8600.0,0.0,103200.0,3.0
2025-10-22,Eje Cafetero,Distribuidor,Snacks,Mix de frutos secos,D. Mejía,7,9600.0,0.05,63840.0,3.3
2026-03-05,Valle del Cauca,Tienda física,Bebidas,Jugo natural 1L,S. Vargas,11,6700.0,0.0,73700.0,4.6
2025-10-30,Atlántico,Tienda física,Bebidas,Agua saborizada,M. Torres,17,5900.0,0.15,85255.0,3.1
2026-06-10,Santander,Marketplace,Café,Café molido 500g,A. Rojas,23,27600.0,0.0,634800.0,3.2
2026-07-20,Santander,Tienda física,Café,Cápsulas x20,J. Peña,16,30600.0,0.0,489600.0,4.3
2025-11-13,Valle del Cauca,E-commerce,Café,Cápsulas x20,S. Vargas,10,44500.0,0.0,445000.0,3.0
2026-06-26,Valle del Cauca,Distribuidor,Café,Café en grano 1kg,S. Vargas,23,30200.0,0.05,659870.0,4.0
2026-08-05,Antioquia,Tienda física,Café,Café molido 500g,L. Gómez,11,31500.0,0.0,346500.0,3.8
2026-04-03,Antioquia,E-commerce,Bebidas,Agua saborizada,S. Vargas,13,7200.0,0.15,79560.0,3.2
2026-05-19,Atlántico,E-commerce,Cuidado,Shampoo sólido,S. Vargas,25,19100.0,0.0,477500.0,3.8
2025-09-15,Eje Cafetero,Distribuidor,Café,Cápsulas x20,J. Peña,27,25300.0,0.15,580635.0,3.8
2025-12-25,Antioquia,Tienda física,Café,Cápsulas x20,C. Ramírez,5,34900.0,0.1,157050.0,4.5
2025-09-12,Bogotá,Marketplace,Bebidas,Té frío 500ml,L. Gómez,15,8900.0,0.1,120150.0,3.9
2026-05-20,Antioquia,Distribuidor,Snacks,Mix de frutos secos,D. Mejía,13,9600.0,0.0,124800.0,4.2
2025-10-06,Bogotá,Distribuidor,Snacks,Chips de plátano,D. Mejía,16,12500.0,0.1,180000.0,4.7
2026-06-24,Valle del Cauca,Tienda física,Bebidas,Agua saborizada,M. Torres,18,6600.0,0.1,106920.0,4.6
2026-05-25,Santander,E-commerce,Cuidado,Crema corporal,C. Ramírez,3,21900.0,0.1,59130.0,3.4
2025-11-19,Eje Cafetero,Distribuidor,Bebidas,Jugo natural 1L,C. Ramírez,13,10000.0,0.0,130000.0,2.8
2026-07-23,Atlántico,E-commerce,Snacks,Barra de cereal,M. Torres,15,9900.0,0.0,148500.0,3.0
2025-11-08,Antioquia,Marketplace,Cuidado,Shampoo sólido,D. Mejía,8,28900.0,0.0,231200.0,3.7
2025-11-04,Valle del Cauca,Marketplace,Café,Cápsulas x20,M. Torres,19,39600.0,0.05,714780.0,4.8
2025-08-17,Santander,Distribuidor,Cuidado,Crema corporal,M. Torres,8,20800.0,0.0,166400.0,4.6
2026-04-26,Valle del Cauca,Tienda física,Café,Café en grano 1kg,C. Ramírez,5,27300.0,0.1,122850.0,3.9
2025-11-12,Antioquia,Marketplace,Snacks,Barra de cereal,S. Vargas,12,11600.0,0.1,125280.0,4.1
2026-01-27,Bogotá,Marketplace,Bebidas,Agua saborizada,C. Ramírez,12,7900.0,0.05,90060.0,4.7
2025-08-25,Santander,Marketplace,Snacks,Chips de plátano,S. Vargas,13,9400.0,0.0,122200.0,4.2
2025-11-29,Antioquia,Marketplace,Bebidas,Agua saborizada,D. Mejía,25,9000.0,0.0,225000.0,4.1
2026-07-23,Valle del Cauca,E-commerce,Bebidas,Agua saborizada,J. Peña,1,7200.0,0.0,7200.0,3.1
2025-10-21,Atlántico,E-commerce,Cuidado,Shampoo sólido,D. Mejía,9,22400.0,0.05,191520.0,4.6
2026-08-05,Atlántico,Marketplace,Cuidado,Crema corporal,D. Mejía,20,17400.0,0.0,348000.0,3.4
2026-07-31,Santander,Distribuidor,Bebidas,Té frío 500ml,A. Rojas,15,6200.0,0.0,93000.0,4.2
2026-04-03,Bogotá,E-commerce,Café,Cápsulas x20,M. Torres,6,39200.0,0.0,235200.0,4.1
2025-09-29,Santander,Marketplace,Cuidado,Jabón artesanal,L. Gómez,11,17200.0,0.1,170280.0,3.2
2026-07-04,Antioquia,E-commerce,Cuidado,Shampoo sólido,C. Ramírez,12,23900.0,0.0,286800.0,4.4
2026-08-03,Valle del Cauca,Distribuidor,Cuidado,Jabón artesanal,A. Rojas,26,19700.0,0.0,512200.0,3.4
2026-04-21,Valle del Cauca,Marketplace,Cuidado,Jabón artesanal,C. Ramírez,1,21800.0,0.1,19620.0,4.0
2026-04-05,Atlántico,Marketplace,Café,Cápsulas x20,J. Peña,18,27000.0,0.0,486000.0,
2026-01-03,Antioquia,Tienda física,Cuidado,Shampoo sólido,L. Gómez,15,20800.0,0.05,296400.0,3.6
2026-06-25,Atlántico,Marketplace,Café,Cápsulas x20,C. Ramírez,9,29000.0,0.05,247950.0,3.5
2025-10-12,Eje Cafetero,Tienda física,Cuidado,Crema corporal,M. Torres,18,21000.0,0.0,378000.0,4.4
2026-04-30,Eje Cafetero,Distribuidor,Cuidado,Shampoo sólido,M. Torres,10,18700.0,0.0,187000.0,5.0
2025-09-10,Bogotá,E-commerce,Café,Café en grano 1kg,J. Peña,10,44200.0,0.0,442000.0,4.3
2025-08-19,Santander,Distribuidor,Bebidas,Jugo natural 1L,A. Rojas,7,7300.0,0.0,51100.0,4.0
2026-06-27,Eje Cafetero,Distribuidor,Bebidas,Jugo natural 1L,S. Vargas,8,6300.0,0.05,47880.0,3.7
2026-07-17,Antioquia,Tienda física,Café,Café molido 500g,L. Gómez,19,30700.0,0.05,554135.0,2.9
2025-10-14,Bogotá,E-commerce,Bebidas,Agua saborizada,S. Vargas,1,8700.0,0.05,8265.0,3.2
2025-09-20,Atlántico,Tienda física,Cuidado,Jabón artesanal,L. Gómez,8,21200.0,0.15,144160.0,4.0
2025-08-29,Valle del Cauca,Tienda física,Café,Café en grano 1kg,L. Gómez,13,30900.0,0.1,361530.0,3.5
2025-09-16,Eje Cafetero,Tienda física,Bebidas,Agua saborizada,C. Ramírez,21,7500.0,0.0,157500.0,4.9
2026-05-23,Valle del Cauca,E-commerce,Café,Café molido 500g,A. Rojas,23,31200.0,0.05,681720.0,3.4
2026-06-12,Valle del Cauca,Marketplace,Café,Cápsulas x20,J. Peña,8,30500.0,0.1,219600.0,3.5
2026-05-08,Eje Cafetero,Tienda física,Cuidado,Jabón artesanal,S. Vargas,13,19200.0,0.0,249600.0,4.6
2026-02-12,Bogotá,Tienda física,Snacks,Mix de frutos secos,A. Rojas,8,11300.0,0.1,81360.0,4.9
2025-11-05,Bogotá,Marketplace,Cuidado,Jabón artesanal,S. Vargas,17,32600.0,0.0,554200.0,3.2
2026-03-07,Valle del Cauca,E-commerce,Snacks,Chips de plátano,D. Mejía,23,10100.0,0.0,232300.0,4.8
2026-06-04,Eje Cafetero,E-commerce,Snacks,Barra de cereal,C. Ramírez,12,9500.0,0.0,114000.0,3.5
2025-08-29,Valle del Cauca,Distribuidor,Café,Café en grano 1kg,A. Rojas,23,29800.0,0.05,651130.0,4.9
2025-11-16,Antioquia,Tienda física,Café,Café en grano 1kg,,12,40100.0,0.0,481200.0,3.5
2025-10-06,Atlántico,Distribuidor,Bebidas,Agua saborizada,A. Rojas,8,6900.0,0.1,49680.0,3.7
2025-09-06,Eje Cafetero,E-commerce,Café,Cápsulas x20,S. Vargas,10,33300.0,0.1,299700.0,3.4
2026-08-02,Antioquia,Tienda física,Snacks,Mix de frutos secos,C. Ramírez,11,9000.0,0.05,94050.0,3.6
2026-02-18,Eje Cafetero,E-commerce,Cuidado,Shampoo sólido,S. Vargas,12,21500.0,0.0,258000.0,3.5
2026-06-15,Bogotá,E-commerce,Snacks,Mix de frutos secos,C. Ramírez,11,12000.0,0.05,125400.0,4.0
2026-07-22,Bogotá,E-commerce,Bebidas,Agua saborizada,D. Mejía,12,10000.0,0.0,120000.0,4.2
2025-10-04,Antioquia,Marketplace,Café,Café molido 500g,C. Ramírez,13,31600.0,0.1,369720.0,4.5
2026-01-19,Eje Cafetero,Marketplace,Cuidado,Shampoo sólido,D. Mejía,14,18100.0,0.0,253400.0,3.8
2026-04-19,Atlántico,E-commerce,Café,Café en grano 1kg,C. Ramírez,19,31700.0,0.15,511955.0,3.2
2026-05-13,Santander,Tienda física,Bebidas,Jugo natural 1L,D. Mejía,8,7100.0,0.15,48280.0,4.2
2026-08-02,Antioquia,Distribuidor,Bebidas,Té frío 500ml,A. Rojas,21,7300.0,0.0,153300.0,3.4
2026-02-13,Atlántico,Marketplace,Cuidado,Crema corporal,C. Ramírez,17,17200.0,0.0,292400.0,3.0
2025-09-25,Bogotá,E-commerce,Bebidas,Agua saborizada,D. Mejía,16,8100.0,0.0,129600.0,4.8
2026-07-31,Antioquia,Tienda física,Snacks,Mix de frutos secos,C. Ramírez,7,8700.0,0.0,60900.0,3.5
2025-12-19,Eje Cafetero,E-commerce,Snacks,Chips de plátano,M. Torres,24,12700.0,0.05,289560.0,4.1
2025-09-27,Santander,E-commerce,Bebidas,Agua saborizada,C. Ramírez,14,6800.0,0.05,90440.0,2.8
2026-07-25,Valle del Cauca,Distribuidor,Snacks,Chips de plátano,D. Mejía,7,9500.0,0.05,63175.0,5.0
2025-11-23,Antioquia,Marketplace,Bebidas,Jugo natural 1L,J. Peña,22,10000.0,0.05,209000.0,3.9
2025-12-22,Bogotá,Marketplace,Café,Café molido 500g,D. Mejía,5,50800.0,0.05,241300.0,4.9
2025-09-30,Santander,E-commerce,Bebidas,Jugo natural 1L,M. Torres,16,6900.0,0.0,110400.0,4.6
2025-10-15,Valle del Cauca,Distribuidor,Snacks,Barra de cereal,C. Ramírez,10,10300.0,0.05,97850.0,4.3
2026-01-26,Valle del Cauca,Tienda física,Bebidas,Agua saborizada,J. Peña,9,7400.0,0.1,59940.0,3.9
2025-08-15,Atlántico,E-commerce,Cuidado,Crema corporal,M. Torres,18,21600.0,0.0,388800.0,4.6
2025-11-24,Antioquia,Tienda física,Café,Cápsulas x20,A. Rojas,3,36700.0,0.15,93585.0,3.0
2026-04-01,Antioquia,Marketplace,Café,Café molido 500g,D. Mejía,12,30900.0,0.1,333720.0,
2026-02-07,Valle del Cauca,E-commerce,Café,Café en grano 1kg,J. Peña,8,29500.0,0.0,236000.0,3.5
2026-06-11,Antioquia,Marketplace,Cuidado,Shampoo sólido,L. Gómez,14,21800.0,0.15,259420.0,3.5
2025-09-03,Eje Cafetero,E-commerce,Bebidas,Agua saborizada,L. Gómez,6,6800.0,0.15,34680.0,4.7
2026-05-09,Antioquia,Distribuidor,Cuidado,Crema corporal,J. Peña,18,19400.0,0.1,314280.0,3.5
2025-08-14,Atlántico,Tienda física,Snacks,Chips de plátano,A. Rojas,2,9600.0,0.05,18240.0,3.9
2025-09-23,Atlántico,Distribuidor,Cuidado,Shampoo sólido,A. Rojas,4,18600.0,0.0,74400.0,
2026-02-09,Antioquia,Marketplace,Snacks,Mix de frutos secos,M. Torres,19,9800.0,0.0,186200.0,4.1
2026-04-26,Eje Cafetero,E-commerce,Snacks,Mix de frutos secos,D. Mejía,7,9700.0,0.0,67900.0,3.8
2025-09-25,Santander,Tienda física,Café,Café en grano 1kg,J. Peña,14,27700.0,0.1,349020.0,3.5
2026-02-24,Santander,Marketplace,Bebidas,Jugo natural 1L,S. Vargas,16,7000.0,0.1,100800.0,4.3
2025-08-12,Atlántico,Marketplace,Cuidado,Shampoo sólido,L. Gómez,12,19200.0,0.05,218880.0,3.2
2026-01-27,Santander,Distribuidor,Bebidas,Jugo natural 1L,S. Vargas,7,7400.0,0.1,46620.0,3.8
2025-11-24,Valle del Cauca,Tienda física,Café,Café molido 500g,L. Gómez,19,42300.0,0.0,803700.0,3.6
2026-03-12,Eje Cafetero,Distribuidor,Snacks,Mix de frutos secos,M. Torres,7,10300.0,0.0,72100.0,3.8
2026-04-21,Valle del Cauca,Marketplace,Bebidas,Agua saborizada,S. Vargas,23,7000.0,0.1,144900.0,4.3
2026-04-01,Bogotá,E-commerce,Bebidas,Agua saborizada,M. Torres,20,10100.0,0.0,202000.0,3.2
2025-12-27,Eje Cafetero,E-commerce,Snacks,Chips de plátano,C. Ramírez,18,13500.0,0.0,243000.0,3.6
2026-05-27,Atlántico,Tienda física,Cuidado,Jabón artesanal,J. Peña,25,21700.0,0.1,488250.0,
2026-05-30,Eje Cafetero,Marketplace,Snacks,Mix de frutos secos,D. Mejía,11,8800.0,0.05,91960.0,
2025-08-28,Santander,Tienda física,Snacks,Barra de cereal,M. Torres,16,8800.0,0.0,140800.0,3.2
2026-07-30,Antioquia,E-commerce,Cuidado,Jabón artesanal,L. Gómez,10,20000.0,0.1,180000.0,4.1
2026-03-25,Eje Cafetero,Marketplace,Cuidado,Shampoo sólido,M. Torres,3,19700.0,0.0,59100.0,4.5
2025-12-27,Valle del Cauca,E-commerce,Café,Café molido 500g,C. Ramírez,12,47200.0,0.05,538080.0,3.3
2025-10-23,Eje Cafetero,Tienda física,Bebidas,Agua saborizada,A. Rojas,19,7400.0,0.0,140600.0,4.7
2025-11-06,Eje Cafetero,Distribuidor,Snacks,Mix de frutos secos,S. Vargas,26,11300.0,0.0,293800.0,3.2
2026-04-24,Atlántico,Marketplace,Cuidado,Crema corporal,L. Gómez,9,17400.0,0.05,148770.0,2.9
2026-01-03,Santander,Tienda física,Cuidado,Crema corporal,D. Mejía,2,21500.0,0.0,43000.0,3.9
2026-05-29,Bogotá,E-commerce,Cuidado,Crema corporal,C. Ramírez,15,26700.0,0.0,400500.0,4.1
2025-12-05,Santander,Marketplace,Cuidado,Shampoo sólido,D. Mejía,14,27500.0,0.0,385000.0,4.3
2026-04-29,Valle del Cauca,Marketplace,Cuidado,Jabón artesanal,M. Torres,16,21400.0,0.1,308160.0,3.1
2026-06-07,Eje Cafetero,Marketplace,Snacks,Mix de frutos secos,S. Vargas,19,9800.0,0.0,186200.0,3.0
2025-09-16,Eje Cafetero,Tienda física,Bebidas,Té frío 500ml,M. Torres,19,6900.0,0.0,131100.0,3.9
2025-12-10,Antioquia,Marketplace,Snacks,Barra de cereal,A. Rojas,6,11800.0,0.0,70800.0,2.9
2025-09-13,Atlántico,E-commerce,Snacks,Barra de cereal,D. Mejía,15,11400.0,0.0,171000.0,4.6
2026-01-11,Eje Cafetero,Distribuidor,Cuidado,Shampoo sólido,S. Vargas,13,18400.0,0.1,215280.0,3.8
2026-03-11,Eje Cafetero,E-commerce,Cuidado,Crema corporal,J. Peña,12,23900.0,0.0,286800.0,4.1
2025-11-25,Bogotá,Distribuidor,Cuidado,Crema corporal,A. Rojas,2,30400.0,0.1,54720.0,3.9
2025-08-11,Santander,Marketplace,Snacks,Barra de cereal,D. Mejía,12,9000.0,0.1,97200.0,4.9
2026-06-06,Eje Cafetero,E-commerce,Snacks,Mix de frutos secos,A. Rojas,4,11100.0,0.0,44400.0,4.9
2025-11-19,Bogotá,Marketplace,Bebidas,Agua saborizada,A. Rojas,13,10000.0,0.1,117000.0,5.0
2026-07-18,Antioquia,Distribuidor,Café,Cápsulas x20,J. Peña,1,27000.0,0.0,27000.0,2.9
2026-03-28,Atlántico,E-commerce,Bebidas,Té frío 500ml,A. Rojas,10,7400.0,0.05,70300.0,4.0
2026-04-28,Santander,E-commerce,Snacks,Mix de frutos secos,L. Gómez,15,9000.0,0.1,121500.0,4.5
2026-06-26,Eje Cafetero,Marketplace,Café,Cápsulas x20,S. Vargas,17,28000.0,0.0,476000.0,4.4
2026-07-24,Bogotá,Distribuidor,Café,Café en grano 1kg,J. Peña,4,38300.0,0.0,153200.0,4.4
2025-10-23,Valle del Cauca,E-commerce,Cuidado,Shampoo sólido,C. Ramírez,4,19400.0,0.0,77600.0,3.1
2025-11-22,Atlántico,Marketplace,Cuidado,Shampoo sólido,J. Peña,20,28400.0,0.0,568000.0,2.8
2026-02-11,Bogotá,Marketplace,Cuidado,Crema corporal,M. Torres,16,26100.0,0.1,375840.0,3.1
2025-12-07,Bogotá,Tienda física,Cuidado,Shampoo sólido,J. Peña,20,34300.0,0.15,583100.0,3.5
2026-01-15,Atlántico,Distribuidor,Cuidado,Jabón artesanal,L. Gómez,17,20200.0,0.0,343400.0,3.7
2026-08-04,Atlántico,Distribuidor,Snacks,Chips de plátano,L. Gómez,7,8300.0,0.0,58100.0,4.7
2026-06-11,Antioquia,E-commerce,Café,Café en grano 1kg,A. Rojas,9,33200.0,0.0,298800.0,4.0
2025-12-01,Bogotá,E-commerce,Bebidas,Jugo natural 1L,D. Mejía,15,12300.0,0.1,166050.0,4.9
2025-08-18,Valle del Cauca,Marketplace,Snacks,Mix de frutos secos,D. Mejía,14,9200.0,0.15,109480.0,2.9
2026-07-14,Valle del Cauca,Marketplace,Café,Cápsulas x20,M. Torres,17,27100.0,0.0,460700.0,4.4
2025-11-04,Eje Cafetero,Distribuidor,Snacks,Mix de frutos secos,C. Ramírez,11,11900.0,0.05,124355.0,2.9
2026-05-29,Santander,E-commerce,Snacks,Mix de frutos secos,L. Gómez,16,10200.0,0.0,163200.0,3.8
2025-11-19,Antioquia,Marketplace,Snacks,Mix de frutos secos,C. Ramírez,16,11100.0,0.05,168720.0,3.0
2025-12-22,Bogotá,E-commerce,Cuidado,Shampoo sólido,D. Mejía,22,32400.0,0.05,677160.0,3.3
2025-08-22,Bogotá,E-commerce,Cuidado,Jabón artesanal,J. Peña,14,28200.0,0.0,394800.0,4.5
2025-10-03,Bogotá,Marketplace,Snacks,Mix de frutos secos,D. Mejía,15,10900.0,0.0,163500.0,3.0
2025-10-04,Eje Cafetero,E-commerce,Bebidas,Jugo natural 1L,M. Torres,26,8000.0,0.05,197600.0,3.7
2025-10-15,Antioquia,Marketplace,Snacks,Mix de frutos secos,C. Ramírez,17,8300.0,0.0,141100.0,4.4
2026-04-15,Bogotá,E-commerce,Cuidado,Crema corporal,D. Mejía,23,27600.0,0.0,634800.0,4.4
2025-12-17,Antioquia,Tienda física,Snacks,Chips de plátano,,9,13900.0,0.0,125100.0,4.9
2026-01-02,Bogotá,E-commerce,Bebidas,Agua saborizada,M. Torres,1,8400.0,0.0,8400.0,3.3
2026-05-20,Santander,Tienda física,Cuidado,Jabón artesanal,C. Ramírez,21,20400.0,0.15,364140.0,4.6
2026-08-04,Santander,E-commerce,Snacks,Barra de cereal,L. Gómez,21,10800.0,0.1,204120.0,3.3
2026-04-09,Atlántico,E-commerce,Cuidado,Crema corporal,M. Torres,13,24000.0,0.15,265200.0,4.4
2026-04-19,Valle del Cauca,Tienda física,Cuidado,Shampoo sólido,,8,18900.0,0.0,151200.0,4.8
2026-06-22,Bogotá,Distribuidor,Café,Café molido 500g,D. Mejía,16,35200.0,0.15,478720.0,3.9
2026-04-23,Eje Cafetero,E-commerce,Snacks,Chips de plátano,A. Rojas,14,10000.0,0.0,140000.0,3.0
2025-09-25,Valle del Cauca,Marketplace,Cuidado,Shampoo sólido,C. Ramírez,19,19600.0,0.05,353780.0,3.9
2026-01-30,Valle del Cauca,Marketplace,Café,Café molido 500g,A. Rojas,18,27200.0,0.1,440640.0,4.1
2026-05-10,Antioquia,Marketplace,Cuidado,Jabón artesanal,A. Rojas,12,18600.0,0.15,189720.0,4.7
2026-07-12,Valle del Cauca,Distribuidor,Snacks,Barra de cereal,L. Gómez,5,8500.0,0.0,42500.0,4.3
2026-03-08,Bogotá,Distribuidor,Café,Café molido 500g,C. Ramírez,24,38500.0,0.0,924000.0,3.5
2026-03-02,Antioquia,Marketplace,Café,Café molido 500g,M. Torres,25,27100.0,0.0,677500.0,4.1
2025-09-12,Eje Cafetero,E-commerce,Snacks,Mix de frutos secos,S. Vargas,15,10900.0,0.0,163500.0,4.1
2026-02-07,Eje Cafetero,E-commerce,Café,Cápsulas x20,A. Rojas,8,33500.0,0.05,254600.0,4.5
2025-08-20,Bogotá,E-commerce,Snacks,Mix de frutos secos,L. Gómez,17,13600.0,0.0,231200.0,4.7
2025-12-11,Santander,Marketplace,Bebidas,Jugo natural 1L,S. Vargas,10,9300.0,0.1,83700.0,3.7
2026-02-04,Atlántico,Marketplace,Bebidas,Jugo natural 1L,J. Peña,16,7400.0,0.0,118400.0,3.7
2025-11-13,Eje Cafetero,Distribuidor,Bebidas,Jugo natural 1L,L. Gómez,18,8600.0,0.05,147060.0,4.0
2025-12-26,Santander,Tienda física,Snacks,Chips de plátano,J. Peña,26,11200.0,0.0,291200.0,4.4
2026-07-21,Valle del Cauca,Marketplace,Café,Café molido 500g,A. Rojas,2,30400.0,0.0,60800.0,4.9
2025-09-06,Santander,E-commerce,Cuidado,Shampoo sólido,A. Rojas,15,22000.0,0.1,297000.0,4.0
2026-01-30,Bogotá,Tienda física,Café,Cápsulas x20,M. Torres,11,37700.0,0.1,373230.0,4.5
2026-03-10,Bogotá,E-commerce,Bebidas,Té frío 500ml,A. Rojas,14,8700.0,0.0,121800.0,4.8
2026-05-31,Antioquia,Tienda física,Snacks,Chips de plátano,A. Rojas,13,9800.0,0.05,121030.0,3.2
2026-06-08,Valle del Cauca,Tienda física,Bebidas,Té frío 500ml,A. Rojas,14,6800.0,0.0,95200.0,3.4
2026-01-08,Santander,Marketplace,Snacks,Chips de plátano,C. Ramírez,3,9900.0,0.0,29700.0,4.5
2026-06-12,Antioquia,Marketplace,Cuidado,Shampoo sólido,C. Ramírez,12,19400.0,0.0,232800.0,4.2
2025-11-21,Eje Cafetero,Distribuidor,Bebidas,Agua saborizada,M. Torres,19,9100.0,0.0,172900.0,3.7
2025-11-25,Santander,Marketplace,Cuidado,Crema corporal,L. Gómez,13,29100.0,0.0,378300.0,4.4
2026-02-12,Atlántico,Marketplace,Snacks,Barra de cereal,D. Mejía,18,10100.0,0.05,172710.0,3.7
2025-09-30,Valle del Cauca,Marketplace,Snacks,Barra de cereal,S. Vargas,21,9600.0,0.1,181440.0,3.6
2026-07-18,Valle del Cauca,E-commerce,Snacks,Barra de cereal,A. Rojas,9,10000.0,0.1,81000.0,4.0
2026-06-29,Valle del Cauca,Distribuidor,Café,Café molido 500g,M. Torres,2,27300.0,0.05,51870.0,4.7
2025-09-25,Antioquia,E-commerce,Snacks,Chips de plátano,S. Vargas,15,9900.0,0.0,148500.0,3.8
2026-01-20,Atlántico,Distribuidor,Snacks,Mix de frutos secos,C. Ramírez,9,10000.0,0.0,90000.0,4.1
2026-06-18,Antioquia,E-commerce,Café,Cápsulas x20,D. Mejía,13,33800.0,0.0,439400.0,4.7
2026-05-11,Antioquia,Distribuidor,Snacks,Chips de plátano,S. Vargas,13,8500.0,0.15,93925.0,3.3
2025-08-25,Eje Cafetero,Distribuidor,Bebidas,Jugo natural 1L,C. Ramírez,15,7000.0,0.0,105000.0,4.2
2025-10-26,Santander,Tienda física,Bebidas,Té frío 500ml,L. Gómez,14,6400.0,0.05,85120.0,3.8
2026-03-19,Atlántico,Distribuidor,Cuidado,Shampoo sólido,J. Peña,17,20700.0,0.0,351900.0,4.1
2026-02-21,Eje Cafetero,Marketplace,Cuidado,Shampoo sólido,S. Vargas,5,19200.0,0.0,96000.0,2.9
2026-06-23,Santander,Tienda física,Bebidas,Té frío 500ml,J. Peña,6,6300.0,0.1,34020.0,3.3
2025-12-14,Antioquia,E-commerce,Café,Café en grano 1kg,A. Rojas,4,41900.0,0.0,167600.0,4.9
2025-09-02,Eje Cafetero,Distribuidor,Bebidas,Agua saborizada,C. Ramírez,14,7400.0,0.0,103600.0,4.5
2025-08-24,Valle del Cauca,Tienda física,Bebidas,Agua saborizada,J. Peña,11,6300.0,0.0,69300.0,3.7
2026-07-13,Santander,E-commerce,Cuidado,Crema corporal,D. Mejía,12,23000.0,0.05,262200.0,3.0
2025-10-08,Valle del Cauca,E-commerce,Café,Cápsulas x20,A. Rojas,1,33800.0,0.15,28730.0,4.2
2026-04-08,Antioquia,E-commerce,Bebidas,Agua saborizada,D. Mejía,10,6600.0,0.0,66000.0,4.0
2026-08-01,Antioquia,Tienda física,Bebidas,Agua saborizada,M. Torres,21,6300.0,0.0,132300.0,4.0
2026-01-31,Antioquia,Marketplace,Café,Café molido 500g,D. Mejía,6,28800.0,0.0,172800.0,2.9
2026-04-07,Eje Cafetero,Tienda física,Bebidas,Té frío 500ml,A. Rojas,25,6100.0,0.05,144875.0,3.0
2026-03-29,Bogotá,Distribuidor,Snacks,Barra de cereal,M. Torres,13,11300.0,0.15,124865.0,4.0
2025-08-23,Antioquia,Tienda física,Bebidas,Agua saborizada,L. Gómez,11,7000.0,0.15,65450.0,4.9
2025-10-11,Eje Cafetero,E-commerce,Snacks,Chips de plátano,M. Torres,10,8900.0,0.0,89000.0,4.7
2025-10-05,Santander,Tienda física,Cuidado,Jabón artesanal,L. Gómez,14,17800.0,0.0,249200.0,4.6
2026-07-10,Antioquia,Marketplace,Café,Café molido 500g,C. Ramírez,17,28100.0,0.05,453815.0,3.9
2026-06-18,Santander,E-commerce,Snacks,Barra de cereal,D. Mejía,18,10800.0,0.15,165240.0,3.6
2026-06-17,Valle del Cauca,Tienda física,Snacks,Chips de plátano,M. Torres,11,8900.0,0.0,97900.0,4.2
2026-06-14,Eje Cafetero,Tienda física,Snacks,Chips de plátano,D. Mejía,12,9500.0,0.15,96900.0,5.0
2025-12-26,Atlántico,Distribuidor,Café,Café molido 500g,L. Gómez,5,41900.0,0.0,209500.0,3.3
2026-01-03,Atlántico,Marketplace,Cuidado,Jabón artesanal,C. Ramírez,10,17400.0,0.0,174000.0,
2025-09-21,Eje Cafetero,E-commerce,Bebidas,Jugo natural 1L,M. Torres,18,8200.0,0.0,147600.0,3.2
2026-04-05,Eje Cafetero,Marketplace,Snacks,Mix de frutos secos,J. Peña,19,9000.0,0.0,171000.0,4.9
2026-02-11,Bogotá,E-commerce,Cuidado,Shampoo sólido,J. Peña,14,26400.0,0.05,351120.0,4.7
2026-01-17,Atlántico,Distribuidor,Cuidado,Shampoo sólido,M. Torres,9,20700.0,0.1,167670.0,4.5
2026-02-22,Valle del Cauca,Distribuidor,Bebidas,Té frío 500ml,S. Vargas,8,6500.0,0.0,52000.0,3.5
2026-07-13,Santander,Marketplace,Snacks,Barra de cereal,S. Vargas,19,9000.0,0.1,153900.0,4.9
2025-12-04,Eje Cafetero,Marketplace,Snacks,Mix de frutos secos,M. Torres,10,13700.0,0.15,116450.0,2.8
2026-07-20,Atlántico,Tienda física,Bebidas,Agua saborizada,C. Ramírez,8,7400.0,0.0,59200.0,5.0
2025-09-17,Santander,Marketplace,Snacks,Chips de plátano,J. Peña,4,8100.0,0.0,32400.0,4.9
2026-05-06,Eje Cafetero,E-commerce,Bebidas,Té frío 500ml,M. Torres,12,7600.0,0.0,91200.0,5.0
2025-09-22,Santander,Distribuidor,Snacks,Barra de cereal,A. Rojas,11,8100.0,0.0,89100.0,3.3
2025-12-07,Atlántico,Distribuidor,Bebidas,Té frío 500ml,C. Ramírez,12,8700.0,0.1,93960.0,2.8
2025-11-24,Atlántico,Distribuidor,Bebidas,Jugo natural 1L,S. Vargas,6,8100.0,0.0,48600.0,3.1
2025-10-06,Valle del Cauca,Marketplace,Café,Café molido 500g,M. Torres,11,27500.0,0.05,287375.0,4.6
2026-07-08,Antioquia,E-commerce,Snacks,Barra de cereal,C. Ramírez,20,10300.0,0.0,206000.0,3.9
2026-03-08,Eje Cafetero,E-commerce,Snacks,Chips de plátano,S. Vargas,1,9900.0,0.0,9900.0,4.5
2025-10-23,Valle del Cauca,E-commerce,Cuidado,Jabón artesanal,D. Mejía,17,19700.0,0.0,334900.0,3.7
2026-01-06,Bogotá,E-commerce,Café,Café en grano 1kg,D. Mejía,22,42900.0,0.0,943800.0,4.4
2026-05-28,Bogotá,E-commerce,Snacks,Barra de cereal,L. Gómez,16,11800.0,0.05,179360.0,4.0
2025-12-07,Eje Cafetero,Marketplace,Snacks,Mix de frutos secos,S. Vargas,4,13500.0,0.0,54000.0,3.3
2026-07-21,Santander,Marketplace,Cuidado,Jabón artesanal,J. Peña,6,17500.0,0.0,105000.0,3.9
2026-03-17,Santander,E-commerce,Café,Café molido 500g,C. Ramírez,11,30400.0,0.1,300960.0,4.1
2026-05-26,Eje Cafetero,E-commerce,Cuidado,Crema corporal,L. Gómez,8,18900.0,0.0,151200.0,4.2
2025-10-29,Santander,E-commerce,Snacks,Mix de frutos secos,J. Peña,16,10700.0,0.0,171200.0,3.6
2026-06-26,Bogotá,Distribuidor,Cuidado,Jabón artesanal,C. Ramírez,9,24500.0,0.0,220500.0,4.3
2025-10-09,Valle del Cauca,E-commerce,Café,Cápsulas x20,M. Torres,13,34400.0,0.1,402480.0,3.8
2026-03-24,Santander,Marketplace,Cuidado,Jabón artesanal,L. Gómez,5,19500.0,0.1,87750.0,3.1
2025-11-18,Eje Cafetero,Distribuidor,Cuidado,Shampoo sólido,C. Ramírez,14,29400.0,0.0,411600.0,3.0
2025-12-07,Atlántico,Distribuidor,Cuidado,Shampoo sólido,M. Torres,10,29000.0,0.0,290000.0,3.7
2026-04-13,Valle del Cauca,Distribuidor,Café,Café en grano 1kg,C. Ramírez,26,28700.0,0.15,634270.0,3.8
2025-11-12,Bogotá,Distribuidor,Snacks,Mix de frutos secos,L. Gómez,22,15700.0,0.15,293590.0,4.8
2025-08-11,Bogotá,Tienda física,Bebidas,Té frío 500ml,D. Mejía,12,8400.0,0.05,95760.0,3.4
2025-08-18,Antioquia,E-commerce,Bebidas,Agua saborizada,C. Ramírez,15,7600.0,0.15,96900.0,4.5
2025-11-22,Atlántico,Distribuidor,Café,Café en grano 1kg,L. Gómez,3,37600.0,0.0,112800.0,4.1
2026-02-19,Santander,Tienda física,Cuidado,Crema corporal,D. Mejía,15,18600.0,0.05,265050.0,4.7
2026-05-27,Eje Cafetero,Distribuidor,Bebidas,Jugo natural 1L,M. Torres,15,5900.0,0.1,79650.0,3.8
2025-10-26,Antioquia,Marketplace,Cuidado,Shampoo sólido,L. Gómez,19,19100.0,0.05,344755.0,3.0
2026-05-31,Eje Cafetero,E-commerce,Cuidado,Crema corporal,C. Ramírez,30,22900.0,0.15,583950.0,4.8
2025-08-24,Eje Cafetero,Distribuidor,Bebidas,Agua saborizada,A. Rojas,5,6900.0,0.0,34500.0,4.1
2026-05-09,Eje Cafetero,Tienda física,Cuidado,Shampoo sólido,C. Ramírez,16,18800.0,0.0,300800.0,3.0
2026-02-16,Bogotá,Distribuidor,Snacks,Barra de cereal,C. Ramírez,13,10800.0,0.0,140400.0,3.6
2025-10-14,Atlántico,Distribuidor,Cuidado,Shampoo sólido,D. Mejía,10,21200.0,0.0,212000.0,4.6
2026-04-11,Santander,Distribuidor,Cuidado,Crema corporal,J. Peña,24,19800.0,0.05,451440.0,2.9
2025-11-21,Eje Cafetero,E-commerce,Cuidado,Crema corporal,J. Peña,5,26700.0,0.05,126825.0,4.3
2026-01-12,Antioquia,Distribuidor,Cuidado,Shampoo sólido,D. Mejía,11,18400.0,0.1,182160.0,4.1
2026-07-12,Bogotá,Distribuidor,Bebidas,Agua saborizada,S. Vargas,22,7900.0,0.0,173800.0,3.9
2026-08-01,Atlántico,Distribuidor,Café,Cápsulas x20,S. Vargas,17,26900.0,0.0,457300.0,3.5
2026-03-04,Eje Cafetero,Marketplace,Cuidado,Jabón artesanal,J. Peña,10,18300.0,0.05,173850.0,
2026-04-30,Bogotá,Distribuidor,Snacks,Barra de cereal,D. Mejía,16,12000.0,0.05,182400.0,3.9
2025-08-21,Eje Cafetero,Tienda física,Snacks,Mix de frutos secos,C. Ramírez,6,9100.0,0.0,54600.0,3.7
2026-04-24,Antioquia,Tienda física,Café,Café molido 500g,J. Peña,30,25700.0,0.0,771000.0,3.4
2026-01-04,Valle del Cauca,E-commerce,Cuidado,Jabón artesanal,S. Vargas,7,23500.0,0.0,164500.0,4.1
2026-03-14,Santander,Marketplace,Cuidado,Shampoo sólido,A. Rojas,12,19300.0,0.0,231600.0,4.9
2026-05-22,Santander,E-commerce,Snacks,Chips de plátano,M. Torres,31,10800.0,0.15,284580.0,4.5
2026-03-10,Santander,Distribuidor,Café,Café molido 500g,,16,31900.0,0.15,433840.0,3.5
2026-05-04,Antioquia,Tienda física,Snacks,Chips de plátano,J. Peña,17,9800.0,0.1,149940.0,3.0
2026-07-10,Santander,Marketplace,Café,Café molido 500g,S. Vargas,16,29700.0,0.1,427680.0,3.1
2025-11-02,Bogotá,Distribuidor,Cuidado,Jabón artesanal,S. Vargas,17,29100.0,0.05,469965.0,3.2
2025-11-08,Atlántico,E-commerce,Café,Café molido 500g,D. Mejía,13,47200.0,0.0,613600.0,2.9
2025-09-22,Eje Cafetero,Marketplace,Snacks,Barra de cereal,A. Rojas,17,9600.0,0.15,138720.0,4.9
2025-10-16,Eje Cafetero,Tienda física,Cuidado,Shampoo sólido,J. Peña,28,20100.0,0.0,562800.0,3.7
2025-10-26,Bogotá,Tienda física,Café,Cápsulas x20,L. Gómez,9,33200.0,0.1,268920.0,3.0
2025-12-14,Atlántico,E-commerce,Snacks,Mix de frutos secos,D. Mejía,19,12600.0,0.0,239400.0,2.9
2025-12-13,Valle del Cauca,Tienda física,Café,Cápsulas x20,D. Mejía,18,34200.0,0.0,615600.0,
2025-09-17,Antioquia,Tienda física,Café,Café en grano 1kg,M. Torres,14,28300.0,0.0,396200.0,4.9
2026-05-30,Bogotá,Distribuidor,Cuidado,Shampoo sólido,J. Peña,17,22400.0,0.15,323680.0,3.8
2025-10-23,Antioquia,E-commerce,Snacks,Mix de frutos secos,C. Ramírez,14,9900.0,0.05,131670.0,3.4
2025-11-02,Bogotá,Tienda física,Snacks,Barra de cereal,M. Torres,8,15200.0,0.0,121600.0,4.4
2025-12-02,Santander,Tienda física,Café,Café molido 500g,M. Torres,12,39900.0,0.15,406980.0,4.4
2026-03-22,Bogotá,Tienda física,Bebidas,Té frío 500ml,D. Mejía,17,9200.0,0.0,156400.0,2.9
2026-03-30,Santander,E-commerce,Cuidado,Crema corporal,,22,19700.0,0.05,411730.0,4.9
2025-08-22,Valle del Cauca,Marketplace,Bebidas,Té frío 500ml,C. Ramírez,13,7300.0,0.05,90155.0,3.0
2026-04-03,Valle del Cauca,Marketplace,Cuidado,Shampoo sólido,A. Rojas,17,20300.0,0.0,345100.0,4.8
2025-11-06,Valle del Cauca,Tienda física,Bebidas,Agua saborizada,M. Torres,13,9400.0,0.0,122200.0,3.5
2025-12-17,Bogotá,Marketplace,Bebidas,Jugo natural 1L,C. Ramírez,4,11700.0,0.05,44460.0,3.8
2026-05-23,Atlántico,Marketplace,Bebidas,Agua saborizada,S. Vargas,12,5900.0,0.1,63720.0,4.8
2025-11-30,Santander,Distribuidor,Café,Café molido 500g,C. Ramírez,17,41300.0,0.15,596785.0,4.6
2026-07-13,Valle del Cauca,Tienda física,Café,Cápsulas x20,L. Gómez,10,26600.0,0.15,226100.0,4.8
2025-12-04,Antioquia,Tienda física,Snacks,Mix de frutos secos,M. Torres,14,11400.0,0.15,135660.0,3.4
2026-06-27,Bogotá,Marketplace,Snacks,Barra de cereal,J. Peña,10,11900.0,0.05,113050.0,4.6
2026-06-20,Eje Cafetero,E-commerce,Bebidas,Té frío 500ml,A. Rojas,23,7400.0,0.0,170200.0,2.9
2026-06-07,Bogotá,E-commerce,Snacks,Barra de cereal,L. Gómez,14,12000.0,0.0,168000.0,
2026-05-29,Eje Cafetero,Marketplace,Café,Café en grano 1kg,D. Mejía,16,32000.0,0.15,435200.0,4.8
2026-07-14,Santander,E-commerce,Snacks,Mix de frutos secos,A. Rojas,15,10300.0,0.0,154500.0,2.9
2025-08-26,Antioquia,E-commerce,Cuidado,Crema corporal,L. Gómez,7,19000.0,0.15,113050.0,3.0
2026-06-21,Santander,Marketplace,Cuidado,Crema corporal,D. Mejía,17,20700.0,0.05,334305.0,3.0
2026-04-03,Valle del Cauca,Marketplace,Cuidado,Shampoo sólido,J. Peña,4,19400.0,0.15,65960.0,3.3
2026-04-16,Valle del Cauca,E-commerce,Cuidado,Crema corporal,J. Peña,10,20200.0,0.0,202000.0,4.8
2025-09-21,Eje Cafetero,Tienda física,Café,Cápsulas x20,M. Torres,12,26100.0,0.1,281880.0,3.9
2026-03-08,Santander,Marketplace,Snacks,Chips de plátano,C. Ramírez,9,9900.0,0.1,80190.0,3.6
2025-08-17,Santander,Distribuidor,Snacks,Mix de frutos secos,L. Gómez,10,9900.0,0.05,94050.0,4.0
2025-10-02,Atlántico,Marketplace,Bebidas,Agua saborizada,S. Vargas,14,7000.0,0.05,93100.0,3.1
2025-08-12,Valle del Cauca,E-commerce,Snacks,Chips de plátano,D. Mejía,15,9500.0,0.05,135375.0,4.3
2026-03-03,Bogotá,Distribuidor,Bebidas,Agua saborizada,S. Vargas,15,7700.0,0.0,115500.0,4.5
2025-09-28,Valle del Cauca,Distribuidor,Café,Café molido 500g,L. Gómez,12,31300.0,0.0,375600.0,3.9
2025-09-26,Santander,Distribuidor,Cuidado,Jabón artesanal,C. Ramírez,26,18400.0,0.0,478400.0,4.6
2026-06-13,Valle del Cauca,E-commerce,Bebidas,Agua saborizada,D. Mejía,1,7400.0,0.0,7400.0,3.2
2026-02-19,Valle del Cauca,Marketplace,Café,Cápsulas x20,C. Ramírez,20,29700.0,0.0,594000.0,4.4
2026-07-11,Antioquia,E-commerce,Cuidado,Shampoo sólido,C. Ramírez,1,19700.0,0.0,19700.0,3.6
2025-12-20,Antioquia,Marketplace,Snacks,Chips de plátano,J. Peña,14,12800.0,0.0,179200.0,3.5
2026-06-12,Atlántico,Tienda física,Café,Café en grano 1kg,J. Peña,4,26500.0,0.15,90100.0,3.3
2026-06-02,Valle del Cauca,Tienda física,Snacks,Barra de cereal,C. Ramírez,12,9700.0,0.15,98940.0,4.5
2026-05-10,Santander,Marketplace,Cuidado,Jabón artesanal,M. Torres,2,17500.0,0.05,33250.0,3.9
2026-03-05,Antioquia,Tienda física,Bebidas,Agua saborizada,L. Gómez,22,5900.0,0.05,123310.0,4.5
2026-06-02,Santander,E-commerce,Snacks,Mix de frutos secos,J. Peña,16,10900.0,0.1,156960.0,5.0
2025-10-08,Valle del Cauca,Marketplace,Café,Café en grano 1kg,A. Rojas,4,27600.0,0.0,110400.0,4.9
2025-12-17,Antioquia,Tienda física,Bebidas,Té frío 500ml,M. Torres,1,8100.0,0.0,8100.0,4.1
2026-04-11,Bogotá,Marketplace,Snacks,Barra de cereal,S. Vargas,2,10900.0,0.0,21800.0,4.7
2026-02-19,Eje Cafetero,Marketplace,Café,Cápsulas x20,C. Ramírez,14,25600.0,0.1,322560.0,
2025-08-10,Antioquia,Marketplace,Bebidas,Té frío 500ml,C. Ramírez,12,6500.0,0.1,70200.0,
2026-03-15,Valle del Cauca,Distribuidor,Cuidado,Crema corporal,D. Mejía,19,21200.0,0.0,402800.0,4.7
2025-08-31,Bogotá,E-commerce,Snacks,Barra de cereal,L. Gómez,4,11700.0,0.05,44460.0,3.4
2025-12-19,Atlántico,E-commerce,Café,Cápsulas x20,D. Mejía,12,46700.0,0.0,560400.0,4.9
2026-07-29,Antioquia,Distribuidor,Cuidado,Jabón artesanal,J. Peña,18,17500.0,0.0,315000.0,4.7
2025-09-19,Eje Cafetero,Tienda física,Bebidas,Agua saborizada,C. Ramírez,18,6100.0,0.0,109800.0,4.8
2025-12-29,Santander,Distribuidor,Snacks,Barra de cereal,M. Torres,14,11700.0,0.15,139230.0,
2026-02-14,Valle del Cauca,Tienda física,Café,Café en grano 1kg,J. Peña,1,30100.0,0.0,30100.0,4.1
2025-10-23,Atlántico,Tienda física,Snacks,Mix de frutos secos,A. Rojas,3,8500.0,0.15,21675.0,3.4
2026-05-01,Antioquia,Distribuidor,Café,Cápsulas x20,J. Peña,15,30900.0,0.15,393975.0,3.0
2025-09-11,Bogotá,Distribuidor,Cuidado,Shampoo sólido,S. Vargas,10,21400.0,0.05,203300.0,3.9
2026-06-28,Santander,Distribuidor,Cuidado,Jabón artesanal,D. Mejía,19,21000.0,0.0,399000.0,3.3
2025-11-30,Antioquia,Distribuidor,Café,Café en grano 1kg,,18,39000.0,0.0,702000.0,3.2
2026-04-03,Bogotá,Tienda física,Bebidas,Té frío 500ml,S. Vargas,29,9100.0,0.15,224315.0,3.2
2025-09-22,Atlántico,Tienda física,Bebidas,Agua saborizada,S. Vargas,9,6400.0,0.0,57600.0,4.1
2025-12-29,Santander,Distribuidor,Bebidas,Agua saborizada,D. Mejía,14,8200.0,0.15,97580.0,3.4
2026-07-01,Santander,Distribuidor,Snacks,Chips de plátano,M. Torres,14,9000.0,0.1,113400.0,3.5
2026-04-10,Valle del Cauca,E-commerce,Bebidas,Jugo natural 1L,A. Rojas,8,7000.0,0.0,56000.0,4.6
2025-11-19,Eje Cafetero,Tienda física,Café,Café molido 500g,A. Rojas,25,41900.0,0.0,1047500.0,4.4
2025-10-21,Atlántico,Marketplace,Café,Café en grano 1kg,A. Rojas,17,30100.0,0.1,460530.0,
2026-02-27,Bogotá,Distribuidor,Snacks,Chips de plátano,M. Torres,12,12200.0,0.0,146400.0,4.0
2025-10-06,Antioquia,Tienda física,Snacks,Barra de cereal,M. Torres,12,8700.0,0.05,99180.0,4.5
2026-04-10,Atlántico,Marketplace,Bebidas,Agua saborizada,A. Rojas,7,6500.0,0.0,45500.0,3.7
2026-02-10,Eje Cafetero,Marketplace,Snacks,Mix de frutos secos,J. Peña,9,9400.0,0.15,71910.0,4.1
2026-04-04,Bogotá,Distribuidor,Cuidado,Shampoo sólido,C. Ramírez,1,25000.0,0.0,25000.0,4.4
2025-10-24,Santander,E-commerce,Bebidas,Jugo natural 1L,A. Rojas,11,6800.0,0.0,74800.0,4.8
2026-02-26,Santander,Distribuidor,Snacks,Chips de plátano,L. Gómez,7,8900.0,0.05,59185.0,3.5
2026-02-09,Santander,Distribuidor,Café,Café en grano 1kg,D. Mejía,16,29100.0,0.0,465600.0,3.8
2026-04-29,Bogotá,Distribuidor,Snacks,Barra de cereal,M. Torres,10,10100.0,0.1,90900.0,3.9
2025-08-30,Santander,Marketplace,Café,Café molido 500g,J. Peña,6,29100.0,0.0,174600.0,
2026-05-12,Bogotá,Distribuidor,Café,Cápsulas x20,L. Gómez,8,31800.0,0.0,254400.0,4.2
2026-02-07,Eje Cafetero,Distribuidor,Café,Café molido 500g,C. Ramírez,22,28400.0,0.05,593560.0,4.1
2025-12-09,Atlántico,Marketplace,Cuidado,Crema corporal,S. Vargas,13,27000.0,0.1,315900.0,3.0
2026-06-21,Atlántico,Marketplace,Snacks,Chips de plátano,S. Vargas,9,9100.0,0.05,77805.0,4.4
2026-01-06,Atlántico,Distribuidor,Café,Café molido 500g,J. Peña,12,32000.0,0.0,384000.0,4.2
2025-08-24,Antioquia,E-commerce,Cuidado,Crema corporal,S. Vargas,11,19000.0,0.0,209000.0,3.8
2026-04-24,Eje Cafetero,E-commerce,Bebidas,Agua saborizada,L. Gómez,13,8100.0,0.0,105300.0,3.2
2026-03-17,Antioquia,Marketplace,Cuidado,Crema corporal,D. Mejía,16,17200.0,0.0,275200.0,4.4
2026-04-07,Antioquia,Marketplace,Café,Café molido 500g,D. Mejía,13,28600.0,0.15,316030.0,2.8
2026-04-22,Bogotá,Distribuidor,Cuidado,Jabón artesanal,A. Rojas,10,22300.0,0.0,223000.0,3.0
2026-03-18,Eje Cafetero,E-commerce,Cuidado,Jabón artesanal,L. Gómez,9,21800.0,0.0,196200.0,4.2
2025-09-22,Antioquia,E-commerce,Bebidas,Jugo natural 1L,M. Torres,14,7300.0,0.1,91980.0,4.3
2026-07-14,Antioquia,Marketplace,Bebidas,Jugo natural 1L,J. Peña,11,6900.0,0.0,75900.0,5.0
2025-10-25,Antioquia,Tienda física,Cuidado,Shampoo sólido,C. Ramírez,11,19300.0,0.15,180455.0,3.2
2026-03-12,Eje Cafetero,E-commerce,Cuidado,Crema corporal,L. Gómez,5,20500.0,0.05,97375.0,3.3
2025-08-07,Bogotá,Tienda física,Cuidado,Jabón artesanal,S. Vargas,12,24900.0,0.1,268920.0,4.6
2026-07-25,Valle del Cauca,Distribuidor,Cuidado,Crema corporal,S. Vargas,12,20200.0,0.0,242400.0,4.5
2025-11-18,Atlántico,Distribuidor,Bebidas,Té frío 500ml,,10,7900.0,0.0,79000.0,4.5
2025-12-09,Valle del Cauca,Marketplace,Bebidas,Té frío 500ml,A. Rojas,22,8900.0,0.1,176220.0,4.9
2025-11-05,Eje Cafetero,Distribuidor,Cuidado,Crema corporal,A. Rojas,7,26700.0,0.05,177555.0,3.6
2026-05-10,Santander,Distribuidor,Snacks,Barra de cereal,L. Gómez,14,10200.0,0.0,142800.0,3.7
2025-08-23,Antioquia,Distribuidor,Cuidado,Shampoo sólido,C. Ramírez,14,21100.0,0.0,295400.0,3.2
2026-08-03,Atlántico,E-commerce,Bebidas,Jugo natural 1L,J. Peña,14,7600.0,0.0,106400.0,4.8
2025-12-30,Santander,E-commerce,Café,Cápsulas x20,M. Torres,17,44500.0,0.15,643025.0,3.9
2026-05-30,Antioquia,Tienda física,Bebidas,Agua saborizada,M. Torres,6,6800.0,0.1,36720.0,2.9
2025-11-03,Atlántico,E-commerce,Bebidas,Agua saborizada,M. Torres,14,9400.0,0.1,118440.0,3.0
2026-05-26,Eje Cafetero,Distribuidor,Bebidas,Té frío 500ml,S. Vargas,12,6200.0,0.0,74400.0,3.9
2025-08-24,Antioquia,Marketplace,Café,Cápsulas x20,J. Peña,6,29100.0,0.15,148410.0,4.1
2026-03-26,Santander,Marketplace,Bebidas,Jugo natural 1L,C. Ramírez,4,7100.0,0.0,28400.0,3.2
2025-12-14,Bogotá,Marketplace,Cuidado,Jabón artesanal,S. Vargas,5,30500.0,0.1,137250.0,4.9
2025-09-10,Atlántico,Distribuidor,Cuidado,Crema corporal,C. Ramírez,10,17400.0,0.1,156600.0,4.5
2026-03-04,Bogotá,Distribuidor,Cuidado,Crema corporal,J. Peña,17,24000.0,0.0,408000.0,3.3
2026-05-04,Antioquia,Distribuidor,Café,Cápsulas x20,C. Ramírez,25,31600.0,0.1,711000.0,4.3
2025-12-28,Valle del Cauca,Tienda física,Cuidado,Crema corporal,J. Peña,14,26200.0,0.0,366800.0,3.3
2026-03-29,Santander,Marketplace,Cuidado,Crema corporal,D. Mejía,25,21500.0,0.05,510625.0,4.5
2026-06-09,Santander,Marketplace,Snacks,Mix de frutos secos,J. Peña,8,8200.0,0.0,65600.0,4.3
2025-09-26,Bogotá,E-commerce,Café,Café molido 500g,J. Peña,11,42000.0,0.0,462000.0,4.2
2026-02-20,Valle del Cauca,Tienda física,Snacks,Mix de frutos secos,,2,8900.0,0.0,17800.0,4.2
2026-06-05,Santander,E-commerce,Snacks,Mix de frutos secos,J. Peña,8,9600.0,0.0,76800.0,3.2
2025-08-31,Santander,Distribuidor,Cuidado,Shampoo sólido,D. Mejía,11,21400.0,0.0,235400.0,3.7
2026-05-16,Atlántico,Marketplace,Bebidas,Agua saborizada,A. Rojas,20,7000.0,0.1,126000.0,4.7
2026-02-14,Bogotá,Distribuidor,Snacks,Chips de plátano,J. Peña,21,10300.0,0.05,205485.0,3.1
2026-02-28,Eje Cafetero,E-commerce,Cuidado,Crema corporal,M. Torres,15,22900.0,0.1,309150.0,4.4
2026-04-16,Atlántico,E-commerce,Café,Café en grano 1kg,J. Peña,10,29200.0,0.0,292000.0,2.8
2026-01-01,Atlántico,Marketplace,Cuidado,Crema corporal,M. Torres,16,21700.0,0.05,329840.0,4.2
2026-03-29,Santander,Tienda física,Cuidado,Crema corporal,D. Mejía,12,18000.0,0.1,194400.0,3.3
2025-11-05,Bogotá,Marketplace,Café,Cápsulas x20,J. Peña,9,51900.0,0.15,397035.0,3.1
2026-07-29,Bogotá,E-commerce,Cuidado,Shampoo sólido,M. Torres,21,23700.0,0.15,423045.0,3.4
2026-06-10,Eje Cafetero,Tienda física,Café,Cápsulas x20,L. Gómez,18,29900.0,0.0,538200.0,4.7
2026-03-27,Atlántico,Distribuidor,Bebidas,Jugo natural 1L,A. Rojas,22,6300.0,0.1,124740.0,2.8
2026-06-04,Valle del Cauca,Tienda física,Cuidado,Shampoo sólido,L. Gómez,13,19400.0,0.0,252200.0,3.9
2026-04-18,Santander,E-commerce,Bebidas,Agua saborizada,J. Peña,21,7800.0,0.15,139230.0,4.9
2026-04-20,Santander,Distribuidor,Bebidas,Agua saborizada,L. Gómez,10,7400.0,0.0,74000.0,3.5
2026-06-26,Antioquia,E-commerce,Snacks,Chips de plátano,,1,10700.0,0.1,9630.0,3.0
2025-11-05,Bogotá,Distribuidor,Cuidado,Crema corporal,D. Mejía,19,32700.0,0.05,590235.0,4.6
2026-01-26,Santander,Tienda física,Café,Café molido 500g,A. Rojas,8,31400.0,0.0,251200.0,3.1
2026-06-10,Antioquia,Marketplace,Snacks,Chips de plátano,D. Mejía,18,10100.0,0.0,181800.0,4.0
2026-07-07,Valle del Cauca,Distribuidor,Café,Cápsulas x20,C. Ramírez,17,31000.0,0.0,527000.0,3.4
2025-12-14,Eje Cafetero,Marketplace,Café,Café molido 500g,M. Torres,23,38600.0,0.0,887800.0,3.5
2026-08-01,Santander,E-commerce,Café,Cápsulas x20,M. Torres,13,29100.0,0.0,378300.0,4.8
2026-02-24,Antioquia,E-commerce,Snacks,Barra de cereal,M. Torres,9,9700.0,0.0,87300.0,4.5
2026-07-10,Antioquia,Distribuidor,Cuidado,Crema corporal,L. Gómez,18,19500.0,0.0,351000.0,4.8
2026-02-28,Eje Cafetero,Distribuidor,Bebidas,Agua saborizada,A. Rojas,6,7300.0,0.05,41610.0,3.8
2026-07-15,Antioquia,Distribuidor,Café,Café en grano 1kg,S. Vargas,8,28100.0,0.05,213560.0,3.8
2026-04-26,Eje Cafetero,Tienda física,Snacks,Barra de cereal,C. Ramírez,7,8700.0,0.1,54810.0,3.9
2026-03-23,Antioquia,E-commerce,Cuidado,Shampoo sólido,S. Vargas,28,22200.0,0.0,621600.0,4.1
2025-11-08,Antioquia,E-commerce,Bebidas,Jugo natural 1L,S. Vargas,26,10300.0,0.15,227630.0,4.6
2026-03-27,Bogotá,Tienda física,Bebidas,Agua saborizada,L. Gómez,13,8000.0,0.15,88400.0,4.7
2025-11-28,Atlántico,Marketplace,Bebidas,Té frío 500ml,J. Peña,19,8600.0,0.0,163400.0,3.7
2025-11-24,Santander,Tienda física,Snacks,Mix de frutos secos,A. Rojas,1,12100.0,0.0,12100.0,4.8
2026-02-11,Santander,Distribuidor,Café,Café en grano 1kg,J. Peña,14,30000.0,0.0,420000.0,4.1
2026-04-15,Atlántico,Marketplace,Café,Café en grano 1kg,A. Rojas,8,28800.0,0.0,230400.0,4.0
2025-11-28,Atlántico,Tienda física,Café,Café molido 500g,S. Vargas,21,36800.0,0.1,695520.0,3.8
2026-03-27,Bogotá,Tienda física,Cuidado,Crema corporal,L. Gómez,23,23700.0,0.0,545100.0,
2026-04-15,Atlántico,Tienda física,Café,Café molido 500g,S. Vargas,4,28200.0,0.05,107160.0,3.2
2026-01-25,Atlántico,Marketplace,Snacks,Barra de cereal,S. Vargas,24,9300.0,0.15,189720.0,2.9
2025-10-04,Santander,E-commerce,Café,Café molido 500g,L. Gómez,21,35100.0,0.15,626535.0,3.7
2026-06-04,Antioquia,Distribuidor,Snacks,Barra de cereal,M. Torres,18,8700.0,0.0,156600.0,4.7
2026-01-07,Atlántico,Distribuidor,Bebidas,Jugo natural 1L,J. Peña,15,6900.0,0.0,103500.0,5.0
2025-10-15,Eje Cafetero,E-commerce,Snacks,Barra de cereal,L. Gómez,7,11000.0,0.0,77000.0,4.7
2025-11-05,Antioquia,Tienda física,Cuidado,Jabón artesanal,S. Vargas,4,23400.0,0.0,93600.0,2.9
2026-04-30,Bogotá,Distribuidor,Café,Café molido 500g,J. Peña,6,32800.0,0.0,196800.0,3.0
2025-12-01,Bogotá,Marketplace,Snacks,Mix de frutos secos,D. Mejía,9,14900.0,0.1,120690.0,4.5
2026-07-05,Atlántico,Marketplace,Snacks,Mix de frutos secos,D. Mejía,11,8700.0,0.0,95700.0,4.9
2026-02-04,Atlántico,Distribuidor,Bebidas,Agua saborizada,L. Gómez,19,6600.0,0.15,106590.0,4.1
2025-09-08,Valle del Cauca,Marketplace,Café,Cápsulas x20,J. Peña,15,26100.0,0.15,332775.0,3.6
2025-11-05,Eje Cafetero,Marketplace,Café,Café en grano 1kg,D. Mejía,8,41300.0,0.05,313880.0,3.7
2026-07-22,Valle del Cauca,Marketplace,Cuidado,Crema corporal,C. Ramírez,3,19900.0,0.15,50745.0,3.7
2026-06-09,Valle del Cauca,Distribuidor,Bebidas,Jugo natural 1L,,16,7100.0,0.15,96560.0,4.9
2025-12-26,Antioquia,Distribuidor,Snacks,Mix de frutos secos,L. Gómez,10,13600.0,0.05,129200.0,4.8
2026-05-06,Valle del Cauca,E-commerce,Café,Café en grano 1kg,C. Ramírez,14,28900.0,0.0,404600.0,3.5
2026-05-09,Eje Cafetero,Marketplace,Bebidas,Té frío 500ml,A. Rojas,6,6000.0,0.15,30600.0,4.2
2026-06-23,Bogotá,E-commerce,Cuidado,Crema corporal,S. Vargas,1,25300.0,0.0,25300.0,4.4
2026-06-17,Santander,Distribuidor,Cuidado,Crema corporal,L. Gómez,19,19300.0,0.1,330030.0,2.8
2026-04-13,Eje Cafetero,Marketplace,Cuidado,Shampoo sólido,D. Mejía,11,17300.0,0.15,161755.0,3.2
2026-03-10,Valle del Cauca,Marketplace,Café,Cápsulas x20,L. Gómez,12,27800.0,0.05,316920.0,3.5
2026-01-21,Atlántico,Distribuidor,Cuidado,Jabón artesanal,A. Rojas,20,20400.0,0.0,408000.0,3.8
2025-12-08,Atlántico,E-commerce,Café,Café molido 500g,C. Ramírez,26,41700.0,0.05,1029990.0,4.0
2026-03-03,Atlántico,Tienda física,Café,Café en grano 1kg,L. Gómez,1,26300.0,0.0,26300.0,4.4
2025-11-09,Valle del Cauca,Tienda física,Bebidas,Té frío 500ml,S. Vargas,9,9900.0,0.15,75735.0,4.1
2025-08-22,Valle del Cauca,Marketplace,Bebidas,Jugo natural 1L,A. Rojas,10,7200.0,0.15,61200.0,3.2
2025-08-13,Santander,E-commerce,Bebidas,Jugo natural 1L,D. Mejía,13,7600.0,0.0,98800.0,2.9
2025-10-19,Bogotá,Distribuidor,Cuidado,Crema corporal,M. Torres,18,24600.0,0.0,442800.0,4.2
2026-06-03,Antioquia,E-commerce,Cuidado,Crema corporal,J. Peña,17,20800.0,0.05,335920.0,3.0
2026-07-23,Bogotá,Distribuidor,Snacks,Barra de cereal,S. Vargas,12,10200.0,0.05,116280.0,
2025-10-10,Bogotá,Tienda física,Snacks,Mix de frutos secos,D. Mejía,8,11100.0,0.0,88800.0,3.2
2026-06-10,Bogotá,Tienda física,Bebidas,Jugo natural 1L,A. Rojas,22,9300.0,0.05,194370.0,3.8
2025-10-30,Santander,Distribuidor,Bebidas,Té frío 500ml,C. Ramírez,25,6800.0,0.0,170000.0,4.1
2026-06-05,Valle del Cauca,Tienda física,Café,Café molido 500g,S. Vargas,17,31200.0,0.1,477360.0,3.1
2026-02-12,Antioquia,Tienda física,Snacks,Mix de frutos secos,S. Vargas,13,9400.0,0.1,109980.0,4.9
2026-01-12,Eje Cafetero,Marketplace,Snacks,Mix de frutos secos,C. Ramírez,22,8700.0,0.05,181830.0,3.3
2025-11-18,Eje Cafetero,Distribuidor,Cuidado,Crema corporal,M. Torres,9,28600.0,0.1,231660.0,4.7
2025-09-20,Valle del Cauca,Distribuidor,Cuidado,Jabón artesanal,M. Torres,15,20600.0,0.0,309000.0,3.1
2025-12-17,Eje Cafetero,Marketplace,Café,Café molido 500g,M. Torres,1,39800.0,0.05,37810.0,4.6
2025-10-24,Atlántico,Marketplace,Cuidado,Crema corporal,D. Mejía,19,19700.0,0.1,336870.0,
2025-09-19,Antioquia,Tienda física,Bebidas,Agua saborizada,S. Vargas,8,6600.0,0.05,50160.0,2.8
2026-05-25,Eje Cafetero,Marketplace,Café,Café molido 500g,D. Mejía,23,25700.0,0.0,591100.0,5.0
2026-08-03,Eje Cafetero,Distribuidor,Cuidado,Shampoo sólido,D. Mejía,12,17200.0,0.0,206400.0,2.8
2026-03-16,Valle del Cauca,Marketplace,Bebidas,Agua saborizada,M. Torres,12,6400.0,0.15,65280.0,4.4
2025-09-07,Eje Cafetero,Tienda física,Bebidas,Té frío 500ml,D. Mejía,14,7400.0,0.0,103600.0,
2026-05-25,Bogotá,Marketplace,Snacks,Mix de frutos secos,L. Gómez,27,12000.0,0.1,291600.0,3.1
2026-08-05,Antioquia,Marketplace,Bebidas,Té frío 500ml,C. Ramírez,4,6500.0,0.0,26000.0,4.6
2025-09-14,Eje Cafetero,Distribuidor,Cuidado,Crema corporal,M. Torres,12,21600.0,0.15,220320.0,3.7
2026-04-16,Valle del Cauca,Distribuidor,Café,Café en grano 1kg,L. Gómez,16,25600.0,0.15,348160.0,
2025-10-09,Santander,E-commerce,Bebidas,Té frío 500ml,L. Gómez,30,7200.0,0.1,194400.0,3.0
2026-04-07,Bogotá,Marketplace,Bebidas,Té frío 500ml,D. Mejía,29,7800.0,0.05,214890.0,5.0
2025-11-01,Antioquia,Distribuidor,Cuidado,Shampoo sólido,A. Rojas,16,25200.0,0.0,403200.0,
2026-06-27,Bogotá,Distribuidor,Café,Café en grano 1kg,D. Mejía,15,34800.0,0.15,443700.0,4.6
2025-09-03,Santander,E-commerce,Café,Café molido 500g,A. Rojas,1,33600.0,0.1,30240.0,3.0
2026-01-29,Eje Cafetero,Distribuidor,Café,Café molido 500g,,4,30900.0,0.0,123600.0,3.5
2025-11-02,Santander,Distribuidor,Snacks,Barra de cereal,D. Mejía,1,11700.0,0.0,11700.0,4.3
2026-07-25,Valle del Cauca,Tienda física,Bebidas,Té frío 500ml,S. Vargas,7,6800.0,0.15,40460.0,2.8
2026-06-11,Eje Cafetero,Tienda física,Café,Café molido 500g,A. Rojas,15,27000.0,0.0,405000.0,2.9
2026-07-10,Bogotá,E-commerce,Cuidado,Shampoo sólido,A. Rojas,9,29600.0,0.05,253080.0,3.5
2025-12-02,Valle del Cauca,Tienda física,Café,Cápsulas x20,A. Rojas,17,41300.0,0.1,631890.0,3.8
2025-10-09,Valle del Cauca,Distribuidor,Bebidas,Té frío 500ml,S. Vargas,11,6800.0,0.15,63580.0,5.0
2025-10-15,Antioquia,Distribuidor,Cuidado,Crema corporal,S. Vargas,12,17900.0,0.0,214800.0,4.5
2025-09-05,Antioquia,Marketplace,Café,Café molido 500g,M. Torres,14,31900.0,0.0,446600.0,4.5
2026-04-27,Eje Cafetero,Tienda física,Cuidado,Jabón artesanal,L. Gómez,16,21100.0,0.1,303840.0,4.0
2026-03-13,Valle del Cauca,Marketplace,Cuidado,Jabón artesanal,A. Rojas,10,21600.0,0.0,216000.0,4.3
2026-01-27,Bogotá,E-commerce,Snacks,Chips de plátano,S. Vargas,8,13300.0,0.0,106400.0,4.2
2025-11-27,Eje Cafetero,Distribuidor,Cuidado,Shampoo sólido,A. Rojas,4,27100.0,0.0,108400.0,4.6
2025-11-29,Bogotá,Marketplace,Cuidado,Jabón artesanal,L. Gómez,19,36000.0,0.15,581400.0,4.4
2026-07-24,Santander,E-commerce,Bebidas,Jugo natural 1L,L. Gómez,22,6700.0,0.05,140030.0,3.9
2026-01-09,Eje Cafetero,Marketplace,Snacks,Barra de cereal,J. Peña,16,9400.0,0.0,150400.0,4.3
2026-04-01,Atlántico,Distribuidor,Bebidas,Té frío 500ml,C. Ramírez,11,6300.0,0.0,69300.0,3.2
2025-11-14,Bogotá,E-commerce,Bebidas,Jugo natural 1L,C. Ramírez,25,13100.0,0.1,294750.0,3.4
2026-04-22,Bogotá,E-commerce,Snacks,Mix de frutos secos,M. Torres,19,14100.0,0.15,227715.0,3.2
2025-09-16,Antioquia,Distribuidor,Snacks,Mix de frutos secos,C. Ramírez,6,10100.0,0.0,60600.0,4.7
2026-03-31,Eje Cafetero,Distribuidor,Snacks,Mix de frutos secos,S. Vargas,14,8400.0,0.05,111720.0,4.5
2026-04-11,Eje Cafetero,E-commerce,Café,Cápsulas x20,D. Mejía,7,30700.0,0.0,214900.0,3.4
2025-11-12,Santander,Tienda física,Snacks,Barra de cereal,M. Torres,5,13900.0,0.0,69500.0,3.0
2025-08-27,Eje Cafetero,Marketplace,Snacks,Chips de plátano,A. Rojas,12,8300.0,0.1,89640.0,4.7
2026-08-06,Valle del Cauca,Tienda física,Snacks,Chips de plátano,S. Vargas,7,8600.0,0.1,54180.0,3.4
2026-07-05,Bogotá,E-commerce,Cuidado,Jabón artesanal,C. Ramírez,3,29500.0,0.15,75225.0,4.2
2025-10-10,Antioquia,Distribuidor,Cuidado,Crema corporal,J. Peña,17,20200.0,0.15,291890.0,4.9
2026-02-28,Atlántico,Tienda física,Cuidado,Shampoo sólido,S. Vargas,7,19900.0,0.0,139300.0,4.4
2025-10-19,Eje Cafetero,Tienda física,Cuidado,Jabón artesanal,M. Torres,19,19400.0,0.0,368600.0,3.3
2026-02-06,Bogotá,Marketplace,Bebidas,Agua saborizada,M. Torres,15,7800.0,0.0,117000.0,4.8
2026-03-14,Valle del Cauca,Marketplace,Cuidado,Jabón artesanal,S. Vargas,12,20100.0,0.0,241200.0,4.1
2025-12-08,Eje Cafetero,E-commerce,Snacks,Chips de plátano,D. Mejía,16,13400.0,0.15,182240.0,3.0
2026-05-23,Atlántico,E-commerce,Cuidado,Shampoo sólido,S. Vargas,6,19600.0,0.15,99960.0,3.5
2026-07-02,Eje Cafetero,Tienda física,Snacks,Barra de cereal,L. Gómez,2,9800.0,0.05,18620.0,3.1
2026-05-13,Eje Cafetero,E-commerce,Snacks,Mix de frutos secos,S. Vargas,17,10100.0,0.15,145945.0,4.1
2026-07-31,Atlántico,E-commerce,Café,Café en grano 1kg,M. Torres,18,29500.0,0.0,531000.0,4.1
2026-01-29,Bogotá,Distribuidor,Cuidado,Shampoo sólido,S. Vargas,1,22300.0,0.05,21185.0,3.8
2026-01-16,Valle del Cauca,Tienda física,Café,Café en grano 1kg,S. Vargas,8,26600.0,0.05,202160.0,3.4
2026-06-17,Atlántico,Tienda física,Café,Café molido 500g,L. Gómez,15,30500.0,0.1,411750.0,3.6
2026-02-20,Valle del Cauca,Tienda física,Cuidado,Jabón artesanal,S. Vargas,7,17800.0,0.15,105910.0,3.2
2025-11-05,Antioquia,Marketplace,Café,Café molido 500g,J. Peña,21,35400.0,0.05,706230.0,3.3
2026-06-05,Atlántico,Marketplace,Cuidado,Jabón artesanal,J. Peña,12,19400.0,0.0,232800.0,3.0
2026-05-20,Atlántico,Marketplace,Cuidado,Jabón artesanal,S. Vargas,6,19100.0,0.0,114600.0,3.1
2025-08-22,Atlántico,Tienda física,Snacks,Barra de cereal,L. Gómez,11,8700.0,0.0,95700.0,4.9
2026-01-23,Atlántico,Marketplace,Cuidado,Crema corporal,D. Mejía,13,17600.0,0.0,228800.0,4.3
2025-09-13,Santander,E-commerce,Cuidado,Crema corporal,A. Rojas,7,20100.0,0.0,140700.0,3.2
2026-04-13,Santander,Distribuidor,Bebidas,Té frío 500ml,S. Vargas,7,6900.0,0.1,43470.0,4.5
2026-03-06,Santander,Tienda física,Bebidas,Jugo natural 1L,D. Mejía,15,5900.0,0.0,88500.0,3.8
2025-12-07,Bogotá,E-commerce,Cuidado,Shampoo sólido,M. Torres,14,39200.0,0.1,493920.0,3.7
2026-07-26,Antioquia,Marketplace,Café,Café molido 500g,L. Gómez,13,28800.0,0.1,336960.0,3.8
2025-08-20,Santander,Marketplace,Bebidas,Té frío 500ml,L. Gómez,20,6900.0,0.0,138000.0,3.4
2026-07-24,Antioquia,Distribuidor,Cuidado,Shampoo sólido,J. Peña,6,19400.0,0.0,116400.0,3.6
2026-02-25,Valle del Cauca,Distribuidor,Cuidado,Jabón artesanal,M. Torres,2,21600.0,0.0,43200.0,3.5
2026-03-22,Eje Cafetero,Tienda física,Café,Café molido 500g,D. Mejía,12,27700.0,0.15,282540.0,3.7
2025-11-03,Eje Cafetero,Marketplace,Cuidado,Jabón artesanal,D. Mejía,11,27100.0,0.1,268290.0,3.9
2025-08-29,Valle del Cauca,Marketplace,Snacks,Chips de plátano,J. Peña,14,10200.0,0.0,142800.0,3.2
2025-09-07,Santander,Tienda física,Café,Cápsulas x20,D. Mejía,3,28800.0,0.0,86400.0,3.5
2025-11-12,Eje Cafetero,Distribuidor,Snacks,Chips de plátano,S. Vargas,8,12400.0,0.15,84320.0,4.7
2025-08-15,Antioquia,Distribuidor,Snacks,Mix de frutos secos,M. Torres,11,8700.0,0.05,90915.0,4.7
2025-11-19,Santander,Tienda física,Snacks,Chips de plátano,C. Ramírez,19,13900.0,0.05,250895.0,4.7
2025-10-10,Antioquia,Tienda física,Cuidado,Shampoo sólido,L. Gómez,14,21600.0,0.1,272160.0,3.3
2026-03-15,Santander,Marketplace,Snacks,Barra de cereal,L. Gómez,24,9100.0,0.05,207480.0,3.3
2025-12-09,Atlántico,E-commerce,Café,Café molido 500g,M. Torres,12,42100.0,0.1,454680.0,4.9
2025-10-05,Eje Cafetero,Tienda física,Cuidado,Shampoo sólido,D. Mejía,25,18600.0,0.0,465000.0,3.9
2025-11-25,Santander,Tienda física,Cuidado,Shampoo sólido,D. Mejía,12,25100.0,0.15,256020.0,3.3
2025-12-10,Valle del Cauca,Marketplace,Café,Café molido 500g,S. Vargas,4,39300.0,0.05,149340.0,4.4
2025-10-30,Valle del Cauca,E-commerce,Cuidado,Crema corporal,A. Rojas,9,23000.0,0.15,175950.0,3.6
2025-11-17,Valle del Cauca,Marketplace,Cuidado,Crema corporal,C. Ramírez,19,24800.0,0.0,471200.0,4.8
2025-10-06,Santander,E-commerce,Café,Cápsulas x20,A. Rojas,18,34300.0,0.0,617400.0,3.5
2025-09-08,Atlántico,Tienda física,Café,Café en grano 1kg,A. Rojas,13,27200.0,0.05,335920.0,5.0
2026-04-02,Atlántico,E-commerce,Café,Café en grano 1kg,A. Rojas,5,30700.0,0.0,153500.0,2.8
2026-03-02,Antioquia,Marketplace,Cuidado,Jabón artesanal,M. Torres,2,17800.0,0.1,32040.0,3.5
2026-01-16,Santander,Distribuidor,Bebidas,Agua saborizada,M. Torres,6,7000.0,0.0,42000.0,4.9
2026-07-04,Antioquia,E-commerce,Café,Café molido 500g,M. Torres,13,32800.0,0.0,426400.0,3.8
2025-12-15,Santander,E-commerce,Bebidas,Té frío 500ml,L. Gómez,8,10900.0,0.0,87200.0,4.5
2025-08-30,Santander,Tienda física,Cuidado,Crema corporal,L. Gómez,6,18300.0,0.05,104310.0,4.7
2026-05-07,Valle del Cauca,Tienda física,Cuidado,Shampoo sólido,J. Peña,6,18900.0,0.0,113400.0,3.5
2025-12-09,Antioquia,Distribuidor,Café,Café en grano 1kg,M. Torres,7,40700.0,0.0,284900.0,2.8
2025-08-21,Atlántico,Distribuidor,Snacks,Chips de plátano,S. Vargas,26,8600.0,0.0,223600.0,4.9
2026-05-28,Atlántico,Distribuidor,Snacks,Barra de cereal,S. Vargas,6,8900.0,0.0,53400.0,4.6
2025-12-02,Santander,E-commerce,Café,Café en grano 1kg,J. Peña,9,47100.0,0.05,402705.0,3.0
2026-06-12,Santander,Tienda física,Bebidas,Té frío 500ml,C. Ramírez,11,6200.0,0.0,68200.0,4.7
2026-04-09,Eje Cafetero,Tienda física,Bebidas,Jugo natural 1L,L. Gómez,20,7500.0,0.0,150000.0,3.0
2026-05-24,Santander,Tienda física,Snacks,Mix de frutos secos,J. Peña,11,10000.0,0.0,110000.0,
2026-02-26,Atlántico,E-commerce,Bebidas,Agua saborizada,M. Torres,1,7900.0,0.1,7110.0,3.5
2026-06-17,Eje Cafetero,Distribuidor,Snacks,Barra de cereal,M. Torres,20,10100.0,0.0,202000.0,3.6
2025-08-13,Bogotá,Marketplace,Cuidado,Jabón artesanal,S. Vargas,14,26400.0,0.05,351120.0,4.7
2026-07-29,Bogotá,Tienda física,Bebidas,Jugo natural 1L,L. Gómez,15,7600.0,0.0,114000.0,3.7
2026-06-20,Bogotá,Distribuidor,Café,Café en grano 1kg,S. Vargas,24,36400.0,0.0,873600.0,
2026-07-26,Antioquia,Tienda física,Bebidas,Té frío 500ml,C. Ramírez,19,6000.0,0.0,114000.0,3.6
2026-04-23,Valle del Cauca,Tienda física,Snacks,Chips de plátano,A. Rojas,15,9300.0,0.0,139500.0,4.4
2025-08-24,Eje Cafetero,Marketplace,Snacks,Mix de frutos secos,L. Gómez,2,9100.0,0.15,15470.0,3.5
2026-02-06,Valle del Cauca,E-commerce,Bebidas,Agua saborizada,S. Vargas,27,7000.0,0.05,179550.0,3.3
2025-10-10,Atlántico,Tienda física,Cuidado,Jabón artesanal,C. Ramírez,8,19900.0,0.15,135320.0,4.1
2025-12-18,Atlántico,Distribuidor,Bebidas,Jugo natural 1L,,13,8100.0,0.05,100035.0,4.7
2025-12-18,Valle del Cauca,E-commerce,Café,Cápsulas x20,A. Rojas,20,42000.0,0.1,756000.0,3.8
2026-03-23,Eje Cafetero,Marketplace,Bebidas,Jugo natural 1L,S. Vargas,16,7400.0,0.15,100640.0,
2025-12-08,Antioquia,Distribuidor,Bebidas,Té frío 500ml,S. Vargas,23,9700.0,0.0,223100.0,4.3
2025-12-11,Santander,Marketplace,Café,Cápsulas x20,A. Rojas,7,37100.0,0.15,220745.0,3.8
2025-10-04,Atlántico,Tienda física,Snacks,Chips de plátano,D. Mejía,20,9200.0,0.15,156400.0,
2026-02-12,Eje Cafetero,Marketplace,Bebidas,Agua saborizada,L. Gómez,6,6700.0,0.0,40200.0,4.4
2025-11-27,Atlántico,Tienda física,Snacks,Chips de plátano,A. Rojas,20,13500.0,0.0,270000.0,4.4
2026-03-03,Bogotá,Distribuidor,Snacks,Mix de frutos secos,C. Ramírez,13,12200.0,0.0,158600.0,3.6
2025-11-19,Santander,Distribuidor,Café,Café molido 500g,A. Rojas,12,42800.0,0.0,513600.0,3.0
2026-01-29,Antioquia,Distribuidor,Snacks,Chips de plátano,L. Gómez,14,10200.0,0.0,142800.0,4.0
2025-10-06,Valle del Cauca,Marketplace,Cuidado,Jabón artesanal,C. Ramírez,8,20600.0,0.15,140080.0,3.3
2026-03-11,Eje Cafetero,E-commerce,Snacks,Mix de frutos secos,A. Rojas,16,10800.0,0.0,172800.0,4.0
2025-10-07,Antioquia,Marketplace,Cuidado,Shampoo sólido,,10,17800.0,0.0,178000.0,3.6
2026-02-21,Eje Cafetero,Tienda física,Café,Café molido 500g,A. Rojas,5,30800.0,0.1,138600.0,4.5
2026-06-18,Eje Cafetero,Tienda física,Café,Cápsulas x20,S. Vargas,6,29100.0,0.0,174600.0,4.3
2025-10-13,Antioquia,Distribuidor,Café,Café molido 500g,A. Rojas,5,29500.0,0.05,140125.0,4.2
2026-05-24,Antioquia,E-commerce,Snacks,Chips de plátano,A. Rojas,18,10900.0,0.0,196200.0,4.6
2026-01-26,Santander,Marketplace,Café,Café en grano 1kg,M. Torres,2,28500.0,0.0,57000.0,4.2
2025-12-29,Santander,Distribuidor,Bebidas,Jugo natural 1L,C. Ramírez,17,9100.0,0.0,154700.0,4.7
2026-06-24,Eje Cafetero,Distribuidor,Snacks,Mix de frutos secos,J. Peña,10,8900.0,0.1,80100.0,3.5
2025-11-22,Antioquia,E-commerce,Cuidado,Shampoo sólido,C. Ramírez,17,26900.0,0.05,434435.0,3.7
2025-12-27,Antioquia,Distribuidor,Café,Café molido 500g,J. Peña,7,38500.0,0.0,269500.0,3.1
2026-06-03,Atlántico,E-commerce,Cuidado,Jabón artesanal,C. Ramírez,27,22700.0,0.1,551610.0,3.2
2026-06-17,Antioquia,Marketplace,Cuidado,Crema corporal,S. Vargas,4,18300.0,0.15,62220.0,
2026-07-23,Bogotá,Distribuidor,Bebidas,Té frío 500ml,D. Mejía,17,8700.0,0.0,147900.0,3.4
2026-03-31,Atlántico,Marketplace,Bebidas,Jugo natural 1L,J. Peña,12,7300.0,0.15,74460.0,4.1
2026-05-19,Santander,Tienda física,Bebidas,Té frío 500ml,S. Vargas,17,6200.0,0.15,89590.0,4.9
2026-02-23,Santander,E-commerce,Snacks,Chips de plátano,S. Vargas,5,11100.0,0.0,55500.0,3.9
2025-12-23,Atlántico,Tienda física,Snacks,Mix de frutos secos,A. Rojas,6,11500.0,0.0,69000.0,3.6
2025-12-06,Eje Cafetero,Distribuidor,Bebidas,Jugo natural 1L,J. Peña,10,8000.0,0.15,68000.0,3.2
2026-04-05,Santander,E-commerce,Bebidas,Té frío 500ml,S. Vargas,12,7700.0,0.0,92400.0,4.1
2026-04-30,Bogotá,E-commerce,Cuidado,Jabón artesanal,M. Torres,3,23600.0,0.15,60180.0,4.0
2026-03-28,Santander,Tienda física,Snacks,Chips de plátano,A. Rojas,27,10200.0,0.1,247860.0,3.9
2025-08-18,Valle del Cauca,Tienda física,Café,Café en grano 1kg,L. Gómez,7,30500.0,0.1,192150.0,4.5
2026-06-18,Bogotá,E-commerce,Cuidado,Jabón artesanal,L. Gómez,17,24800.0,0.0,421600.0,2.9
2026-07-12,Antioquia,Distribuidor,Bebidas,Té frío 500ml,J. Peña,2,6300.0,0.15,10710.0,3.7
2026-01-19,Eje Cafetero,Distribuidor,Café,Café molido 500g,L. Gómez,6,29100.0,0.0,174600.0,4.0
2026-02-13,Santander,Marketplace,Cuidado,Crema corporal,C. Ramírez,13,17900.0,0.0,232700.0,3.3
2025-08-31,Eje Cafetero,Distribuidor,Café,Café en grano 1kg,A. Rojas,15,26500.0,0.1,357750.0,2.9
2025-08-11,Eje Cafetero,Distribuidor,Café,Café en grano 1kg,D. Mejía,8,30000.0,0.0,240000.0,4.3
2026-05-22,Santander,E-commerce,Snacks,Chips de plátano,L. Gómez,5,10600.0,0.1,47700.0,4.6
2026-04-23,Santander,Tienda física,Snacks,Chips de plátano,D. Mejía,14,8800.0,0.15,104720.0,
2026-06-17,Antioquia,Marketplace,Cuidado,Crema corporal,L. Gómez,17,19300.0,0.0,328100.0,4.7
2025-10-27,Valle del Cauca,E-commerce,Cuidado,Crema corporal,J. Peña,16,18900.0,0.0,302400.0,3.9
2025-09-22,Bogotá,E-commerce,Bebidas,Agua saborizada,C. Ramírez,20,9700.0,0.15,164900.0,3.7
2025-09-20,Atlántico,Marketplace,Café,Cápsulas x20,M. Torres,7,27300.0,0.1,171990.0,4.7
2026-04-01,Atlántico,E-commerce,Bebidas,Agua saborizada,A. Rojas,2,7600.0,0.0,15200.0,4.8
2026-06-26,Antioquia,Distribuidor,Cuidado,Crema corporal,A. Rojas,17,19300.0,0.0,328100.0,3.5
2026-05-27,Valle del Cauca,Tienda física,Bebidas,Agua saborizada,J. Peña,12,6300.0,0.0,75600.0,3.7
2026-05-20,Valle del Cauca,Marketplace,Café,Café molido 500g,L. Gómez,16,29700.0,0.1,427680.0,2.9
2026-06-02,Santander,Marketplace,Cuidado,Jabón artesanal,C. Ramírez,27,18700.0,0.15,429165.0,4.2
2025-08-21,Valle del Cauca,Distribuidor,Snacks,Mix de frutos secos,J. Peña,9,9000.0,0.1,72900.0,4.9
2025-08-09,Santander,Marketplace,Cuidado,Jabón artesanal,L. Gómez,15,21200.0,0.0,318000.0,3.9
2025-10-22,Antioquia,Distribuidor,Snacks,Mix de frutos secos,S. Vargas,22,9300.0,0.0,204600.0,3.4
2026-07-01,Antioquia,E-commerce,Café,Cápsulas x20,A. Rojas,12,29800.0,0.05,339720.0,2.8
2026-08-01,Bogotá,Marketplace,Cuidado,Jabón artesanal,J. Peña,6,26100.0,0.05,148770.0,3.1
2026-02-05,Antioquia,Distribuidor,Café,Café en grano 1kg,S. Vargas,9,30300.0,0.1,245430.0,5.0
2026-06-22,Valle del Cauca,Tienda física,Café,Café molido 500g,M. Torres,9,25700.0,0.0,231300.0,3.8
2026-05-19,Santander,Tienda física,Cuidado,Shampoo sólido,M. Torres,19,17100.0,0.05,308655.0,3.0
2025-11-24,Bogotá,E-commerce,Bebidas,Té frío 500ml,S. Vargas,19,12900.0,0.0,245100.0,4.8
2026-07-30,Antioquia,E-commerce,Snacks,Mix de frutos secos,C. Ramírez,10,9400.0,0.05,89300.0,4.0
2026-05-22,Eje Cafetero,Distribuidor,Cuidado,Shampoo sólido,D. Mejía,14,19300.0,0.05,256690.0,4.1
2026-07-10,Bogotá,Marketplace,Cuidado,Shampoo sólido,S. Vargas,10,22300.0,0.05,211850.0,4.2
2025-09-10,Bogotá,Marketplace,Café,Café en grano 1kg,D. Mejía,22,36600.0,0.1,724680.0,3.6
2025-09-20,Bogotá,Distribuidor,Café,Cápsulas x20,L. Gómez,21,39400.0,0.0,827400.0,3.7
2026-02-15,Santander,Distribuidor,Café,Café en grano 1kg,D. Mejía,12,31200.0,0.0,374400.0,4.8
2026-02-01,Eje Cafetero,Tienda física,Bebidas,Agua saborizada,L. Gómez,11,7000.0,0.1,69300.0,4.2
2025-10-23,Valle del Cauca,Distribuidor,Cuidado,Shampoo sólido,C. Ramírez,17,21400.0,0.05,345610.0,3.1
2025-10-19,Santander,Marketplace,Cuidado,Shampoo sólido,A. Rojas,18,17600.0,0.05,300960.0,2.9
2025-10-24,Valle del Cauca,Distribuidor,Cuidado,Crema corporal,C. Ramírez,16,18400.0,0.0,294400.0,4.1
2026-07-08,Eje Cafetero,Distribuidor,Café,Café en grano 1kg,S. Vargas,15,31300.0,0.0,469500.0,3.3
2026-05-09,Santander,E-commerce,Café,Cápsulas x20,A. Rojas,8,34200.0,0.05,259920.0,3.0
2025-10-13,Bogotá,Marketplace,Bebidas,Agua saborizada,D. Mejía,16,8300.0,0.15,112880.0,3.5
2026-03-05,Eje Cafetero,E-commerce,Bebidas,Jugo natural 1L,L. Gómez,14,7800.0,0.0,109200.0,3.2
2026-05-28,Santander,Distribuidor,Snacks,Barra de cereal,J. Peña,23,10000.0,0.0,230000.0,3.6
2026-04-04,Bogotá,E-commerce,Café,Café molido 500g,C. Ramírez,18,42600.0,0.15,651780.0,3.2
2025-09-16,Valle del Cauca,Marketplace,Café,Café molido 500g,S. Vargas,10,32100.0,0.1,288900.0,4.0
2026-02-05,Atlántico,Tienda física,Cuidado,Shampoo sólido,D. Mejía,13,19300.0,0.1,225810.0,4.0
2026-06-12,Eje Cafetero,E-commerce,Cuidado,Jabón artesanal,A. Rojas,11,20700.0,0.0,227700.0,
2025-12-03,Eje Cafetero,Distribuidor,Bebidas,Agua saborizada,S. Vargas,9,9500.0,0.15,72675.0,3.4
2025-09-13,Antioquia,Marketplace,Bebidas,Té frío 500ml,C. Ramírez,9,7000.0,0.0,63000.0,4.9
2026-05-17,Santander,Tienda física,Bebidas,Agua saborizada,M. Torres,17,5900.0,0.0,100300.0,4.7
2026-03-13,Santander,E-commerce,Bebidas,Té frío 500ml,D. Mejía,20,8100.0,0.1,145800.0,4.0
2025-10-20,Antioquia,E-commerce,Snacks,Chips de plátano,M. Torres,9,9700.0,0.15,74205.0,4.4
2026-07-17,Valle del Cauca,Distribuidor,Bebidas,Agua saborizada,S. Vargas,18,6200.0,0.15,94860.0,3.6
2025-11-25,Antioquia,Distribuidor,Cuidado,Jabón artesanal,C. Ramírez,6,25200.0,0.0,151200.0,3.7
2026-05-28,Atlántico,Tienda física,Café,Café en grano 1kg,C. Ramírez,1,25900.0,0.1,23310.0,4.5
2026-07-19,Santander,Tienda física,Café,Café molido 500g,J. Peña,7,30900.0,0.0,216300.0,4.6
2026-03-18,Bogotá,Tienda física,Café,Café en grano 1kg,S. Vargas,13,36700.0,0.1,429390.0,4.4
2026-05-09,Santander,Distribuidor,Snacks,Mix de frutos secos,M. Torres,4,10300.0,0.1,37080.0,4.0
2026-02-17,Santander,Marketplace,Cuidado,Jabón artesanal,L. Gómez,23,19500.0,0.1,403650.0,4.9
2025-08-10,Bogotá,E-commerce,Cuidado,Shampoo sólido,J. Peña,11,29400.0,0.0,323400.0,4.7
2025-08-09,Antioquia,Distribuidor,Cuidado,Jabón artesanal,S. Vargas,26,19900.0,0.0,517400.0,4.8
2026-03-10,Santander,Marketplace,Snacks,Chips de plátano,A. Rojas,13,9500.0,0.0,123500.0,3.2
2026-06-12,Santander,E-commerce,Snacks,Mix de frutos secos,J. Peña,19,9600.0,0.05,173280.0,3.7
2025-10-12,Eje Cafetero,Tienda física,Bebidas,Agua saborizada,A. Rojas,25,6100.0,0.05,144875.0,4.9
2025-08-07,Valle del Cauca,E-commerce,Cuidado,Shampoo sólido,A. Rojas,17,22500.0,0.0,382500.0,3.9
2026-07-24,Antioquia,Tienda física,Cuidado,Jabón artesanal,C. Ramírez,21,20000.0,0.05,399000.0,2.8
2026-07-24,Bogotá,Distribuidor,Snacks,Mix de frutos secos,J. Peña,19,11500.0,0.05,207575.0,4.7
2026-04-24,Eje Cafetero,Tienda física,Cuidado,Jabón artesanal,A. Rojas,6,17600.0,0.0,105600.0,3.0
2025-09-22,Atlántico,Marketplace,Cuidado,Crema corporal,D. Mejía,25,19900.0,0.05,472625.0,3.9
2025-09-26,Santander,Tienda física,Bebidas,Té frío 500ml,M. Torres,5,7100.0,0.05,33725.0,4.5
2026-04-07,Santander,Distribuidor,Snacks,Chips de plátano,M. Torres,4,10100.0,0.0,40400.0,4.8
2025-08-26,Atlántico,Tienda física,Café,Café en grano 1kg,M. Torres,3,32100.0,0.0,96300.0,4.0
2026-02-23,Atlántico,Distribuidor,Bebidas,Agua saborizada,D. Mejía,26,7300.0,0.05,180310.0,4.0
2026-05-27,Santander,Marketplace,Cuidado,Shampoo sólido,D. Mejía,7,17400.0,0.0,121800.0,4.6
2026-04-05,Valle del Cauca,E-commerce,Bebidas,Jugo natural 1L,S. Vargas,6,6500.0,0.0,39000.0,3.3
2025-11-27,Antioquia,Tienda física,Snacks,Chips de plátano,S. Vargas,4,11900.0,0.15,40460.0,4.0
2026-07-09,Atlántico,Marketplace,Cuidado,Jabón artesanal,,6,21000.0,0.0,126000.0,4.4
2025-11-02,Bogotá,Distribuidor,Bebidas,Agua saborizada,D. Mejía,23,10300.0,0.05,225055.0,4.5
2026-07-17,Santander,E-commerce,Cuidado,Shampoo sólido,S. Vargas,22,22500.0,0.0,495000.0,4.1
2026-06-03,Atlántico,Marketplace,Bebidas,Agua saborizada,C. Ramírez,21,7500.0,0.15,133875.0,3.3
2026-01-03,Bogotá,Tienda física,Cuidado,Jabón artesanal,M. Torres,21,24300.0,0.0,510300.0,3.9
2026-05-25,Atlántico,Marketplace,Cuidado,Jabón artesanal,M. Torres,17,20000.0,0.0,340000.0,3.3
2025-09-13,Antioquia,Marketplace,Snacks,Barra de cereal,D. Mejía,14,9700.0,0.1,122220.0,3.6
2026-01-12,Santander,Tienda física,Café,Café molido 500g,A. Rojas,17,25500.0,0.0,433500.0,4.6
2025-12-08,Valle del Cauca,E-commerce,Bebidas,Té frío 500ml,C. Ramírez,9,11000.0,0.0,99000.0,4.7
2025-09-05,Eje Cafetero,E-commerce,Bebidas,Té frío 500ml,C. Ramírez,1,7900.0,0.0,7900.0,4.8
2026-03-08,Atlántico,Tienda física,Snacks,Barra de cereal,C. Ramírez,22,9700.0,0.15,181390.0,3.3
2025-11-17,Valle del Cauca,Tienda física,Snacks,Barra de cereal,M. Torres,11,13400.0,0.15,125290.0,4.0
2025-12-07,Valle del Cauca,Tienda física,Café,Cápsulas x20,C. Ramírez,13,40700.0,0.15,449735.0,4.3
2026-05-20,Eje Cafetero,Tienda física,Café,Café en grano 1kg,J. Peña,21,28600.0,0.1,540540.0,2.9
2026-02-27,Antioquia,Distribuidor,Bebidas,Agua saborizada,C. Ramírez,20,6800.0,0.0,136000.0,3.9
2026-01-14,Antioquia,Distribuidor,Snacks,Mix de frutos secos,L. Gómez,16,9900.0,0.0,158400.0,2.8
2026-02-21,Bogotá,E-commerce,Café,Café en grano 1kg,J. Peña,13,37700.0,0.0,490100.0,4.7
2026-07-29,Eje Cafetero,E-commerce,Cuidado,Crema corporal,S. Vargas,20,22100.0,0.1,397800.0,4.8
2026-01-22,Antioquia,Tienda física,Cuidado,Shampoo sólido,D. Mejía,21,20200.0,0.1,381780.0,3.5
2025-11-14,Bogotá,Distribuidor,Cuidado,Jabón artesanal,S. Vargas,10,32600.0,0.0,326000.0,4.0
2025-10-16,Bogotá,Marketplace,Cuidado,Jabón artesanal,S. Vargas,7,25700.0,0.0,179900.0,3.5
2025-12-24,Valle del Cauca,Tienda física,Snacks,Chips de plátano,C. Ramírez,18,12200.0,0.0,219600.0,3.3
2026-06-25,Santander,Distribuidor,Cuidado,Crema corporal,L. Gómez,22,21200.0,0.0,466400.0,4.1
2025-12-19,Bogotá,Tienda física,Café,Cápsulas x20,C. Ramírez,4,52600.0,0.0,210400.0,3.5
2025-10-10,Valle del Cauca,Distribuidor,Cuidado,Shampoo sólido,A. Rojas,29,21400.0,0.0,620600.0,4.5
2025-11-18,Atlántico,Tienda física,Snacks,Barra de cereal,J. Peña,15,13700.0,0.15,174675.0,3.0
2025-09-14,Atlántico,Distribuidor,Café,Café en grano 1kg,D. Mejía,9,29500.0,0.0,265500.0,4.7
2026-03-16,Atlántico,Distribuidor,Bebidas,Agua saborizada,A. Rojas,12,6600.0,0.0,79200.0,3.9
2025-09-27,Santander,Tienda física,Café,Cápsulas x20,D. Mejía,5,26700.0,0.0,133500.0,3.1
2026-06-09,Antioquia,E-commerce,Snacks,Chips de plátano,D. Mejía,12,9400.0,0.1,101520.0,2.9
2026-02-09,Eje Cafetero,E-commerce,Café,Cápsulas x20,S. Vargas,6,35300.0,0.15,180030.0,2.9
2026-06-28,Eje Cafetero,Distribuidor,Cuidado,Crema corporal,M. Torres,10,17900.0,0.05,170050.0,3.2
2026-04-07,Antioquia,E-commerce,Snacks,Mix de frutos secos,D. Mejía,11,10000.0,0.15,93500.0,3.6
2026-04-11,Valle del Cauca,Distribuidor,Cuidado,Jabón artesanal,M. Torres,7,21100.0,0.0,147700.0,3.8
2025-09-19,Eje Cafetero,E-commerce,Café,Café molido 500g,C. Ramírez,18,30800.0,0.0,554400.0,3.6
2026-02-20,Antioquia,Distribuidor,Snacks,Barra de cereal,A. Rojas,10,8500.0,0.0,85000.0,3.6
2025-08-10,Antioquia,Marketplace,Bebidas,Té frío 500ml,J. Peña,19,5900.0,0.0,112100.0,4.0
2025-10-06,Eje Cafetero,Tienda física,Bebidas,Jugo natural 1L,S. Vargas,9,6300.0,0.0,56700.0,
2026-03-18,Santander,Tienda física,Snacks,Chips de plátano,M. Torres,18,9800.0,0.0,176400.0,3.4
2026-02-15,Santander,E-commerce,Cuidado,Crema corporal,C. Ramírez,6,18800.0,0.1,101520.0,4.9
2026-01-25,Valle del Cauca,E-commerce,Café,Café en grano 1kg,M. Torres,9,27800.0,0.0,250200.0,4.4
2025-10-05,Santander,E-commerce,Café,Cápsulas x20,M. Torres,24,32100.0,0.0,770400.0,4.9
2026-02-23,Bogotá,Marketplace,Bebidas,Té frío 500ml,D. Mejía,25,7900.0,0.0,197500.0,2.8
2025-09-27,Atlántico,Marketplace,Bebidas,Té frío 500ml,L. Gómez,19,6700.0,0.1,114570.0,3.4
2026-04-15,Bogotá,E-commerce,Café,Café molido 500g,D. Mejía,7,36000.0,0.05,239400.0,
2026-03-22,Bogotá,Tienda física,Bebidas,Jugo natural 1L,C. Ramírez,24,9100.0,0.05,207480.0,4.6
2026-04-05,Santander,E-commerce,Snacks,Mix de frutos secos,A. Rojas,13,10200.0,0.1,119340.0,4.0
2026-06-12,Santander,Tienda física,Café,Cápsulas x20,M. Torres,11,28700.0,0.15,268345.0,3.1
2025-10-29,Atlántico,Marketplace,Cuidado,Jabón artesanal,J. Peña,14,20200.0,0.15,240380.0,3.8
2026-01-24,Antioquia,Distribuidor,Snacks,Mix de frutos secos,,20,8500.0,0.05,161500.0,4.6
2026-02-05,Atlántico,Tienda física,Cuidado,Shampoo sólido,C. Ramírez,16,17600.0,0.0,281600.0,3.0
2026-04-03,Bogotá,Marketplace,Snacks,Chips de plátano,C. Ramírez,20,12700.0,0.15,215900.0,2.9
2026-05-14,Atlántico,E-commerce,Cuidado,Crema corporal,D. Mejía,14,20000.0,0.0,280000.0,4.3
2026-04-12,Eje Cafetero,E-commerce,Café,Café molido 500g,L. Gómez,15,30400.0,0.05,433200.0,3.8
2026-05-14,Antioquia,Tienda física,Café,Café en grano 1kg,M. Torres,14,30900.0,0.0,432600.0,3.5
2026-05-13,Antioquia,Distribuidor,Snacks,Barra de cereal,S. Vargas,15,9200.0,0.0,138000.0,3.3
2026-04-25,Antioquia,Marketplace,Cuidado,Shampoo sólido,L. Gómez,20,18500.0,0.0,370000.0,3.2
2025-11-19,Valle del Cauca,E-commerce,Cuidado,Jabón artesanal,M. Torres,19,27900.0,0.15,450585.0,2.9
2025-10-07,Atlántico,Marketplace,Snacks,Chips de plátano,D. Mejía,17,9000.0,0.1,137700.0,4.5
2026-06-01,Atlántico,Tienda física,Bebidas,Jugo natural 1L,J. Peña,20,6200.0,0.0,124000.0,
2026-01-16,Bogotá,E-commerce,Cuidado,Jabón artesanal,D. Mejía,18,24000.0,0.05,410400.0,3.5
2025-10-17,Atlántico,Marketplace,Café,Cápsulas x20,J. Peña,13,27400.0,0.05,338390.0,3.4
2026-02-13,Eje Cafetero,Distribuidor,Café,Café molido 500g,S. Vargas,10,31100.0,0.0,311000.0,4.0
2025-11-10,Bogotá,E-commerce,Café,Café en grano 1kg,J. Peña,13,54700.0,0.0,711100.0,3.1
2026-04-07,Eje Cafetero,Marketplace,Snacks,Chips de plátano,D. Mejía,18,8800.0,0.0,158400.0,3.2
2026-01-31,Bogotá,Tienda física,Café,Cápsulas x20,J. Peña,11,34200.0,0.15,319770.0,4.8
2025-12-31,Antioquia,Distribuidor,Café,Café molido 500g,J. Peña,17,41000.0,0.05,662150.0,3.9
2026-04-04,Eje Cafetero,E-commerce,Cuidado,Jabón artesanal,D. Mejía,21,24000.0,0.1,453600.0,3.2
2025-10-17,Santander,Tienda física,Bebidas,Agua saborizada,A. Rojas,4,7100.0,0.0,28400.0,4.2
2026-01-12,Santander,Marketplace,Bebidas,Jugo natural 1L,D. Mejía,1,7200.0,0.0,7200.0,3.9
2025-10-02,Santander,Distribuidor,Cuidado,Crema corporal,M. Torres,21,18600.0,0.1,351540.0,2.8
2025-08-17,Antioquia,Distribuidor,Snacks,Chips de plátano,J. Peña,13,9500.0,0.05,117325.0,3.5
2026-08-01,Bogotá,Tienda física,Snacks,Mix de frutos secos,J. Peña,22,12700.0,0.05,265430.0,3.3
2025-12-05,Bogotá,Tienda física,Bebidas,Agua saborizada,D. Mejía,13,12100.0,0.0,157300.0,3.5
2026-01-11,Valle del Cauca,Marketplace,Cuidado,Jabón artesanal,S. Vargas,11,18200.0,0.0,200200.0,3.5
2026-05-13,Atlántico,Marketplace,Snacks,Mix de frutos secos,M. Torres,12,10100.0,0.05,115140.0,4.9
2026-03-19,Valle del Cauca,Tienda física,Bebidas,Jugo natural 1L,A. Rojas,16,6900.0,0.0,110400.0,3.0
2025-08-28,Bogotá,Marketplace,Café,Café en grano 1kg,D. Mejía,12,33400.0,0.05,380760.0,4.0
2025-09-26,Atlántico,E-commerce,Snacks,Chips de plátano,C. Ramírez,15,11300.0,0.05,161025.0,3.7
2026-07-21,Santander,Tienda física,Snacks,Mix de frutos secos,L. Gómez,37,9600.0,0.0,355200.0,2.9
2026-01-03,Antioquia,Tienda física,Bebidas,Agua saborizada,L. Gómez,23,7400.0,0.0,170200.0,4.5
2026-03-18,Bogotá,Distribuidor,Snacks,Mix de frutos secos,D. Mejía,18,12300.0,0.15,188190.0,3.5
2026-05-11,Antioquia,Distribuidor,Cuidado,Jabón artesanal,S. Vargas,19,18800.0,0.0,357200.0,4.2
2025-08-08,Eje Cafetero,Distribuidor,Café,Cápsulas x20,J. Peña,9,30900.0,0.0,278100.0,3.5
2026-04-11,Eje Cafetero,Distribuidor,Café,Café molido 500g,S. Vargas,1,28400.0,0.1,25560.0,4.5
2025-09-28,Bogotá,Tienda física,Cuidado,Crema corporal,S. Vargas,7,22300.0,0.15,132685.0,4.7
2025-11-23,Eje Cafetero,Tienda física,Café,Café en grano 1kg,L. Gómez,8,40200.0,0.05,305520.0,4.0
2025-08-25,Antioquia,E-commerce,Bebidas,Agua saborizada,D. Mejía,7,7600.0,0.05,50540.0,4.8
2026-05-07,Eje Cafetero,Marketplace,Café,Café molido 500g,,14,28700.0,0.0,401800.0,4.1
2026-04-05,Atlántico,E-commerce,Cuidado,Crema corporal,D. Mejía,3,22900.0,0.15,58395.0,4.3
2026-04-19,Antioquia,Distribuidor,Bebidas,Jugo natural 1L,L. Gómez,16,7000.0,0.0,112000.0,4.6
2026-04-09,Bogotá,Distribuidor,Café,Café en grano 1kg,J. Peña,19,38900.0,0.0,739100.0,4.3
2026-05-06,Antioquia,E-commerce,Bebidas,Jugo natural 1L,L. Gómez,21,7800.0,0.05,155610.0,3.6
2025-08-22,Valle del Cauca,Marketplace,Café,Café en grano 1kg,A. Rojas,13,30200.0,0.0,392600.0,4.6
2026-05-28,Bogotá,Marketplace,Bebidas,Agua saborizada,D. Mejía,25,8700.0,0.0,217500.0,3.1
2026-02-26,Eje Cafetero,Tienda física,Snacks,Mix de frutos secos,J. Peña,28,9900.0,0.0,277200.0,4.8
2025-11-24,Valle del Cauca,Distribuidor,Café,Café en grano 1kg,D. Mejía,12,39200.0,0.0,470400.0,3.5
2025-08-18,Bogotá,Marketplace,Bebidas,Agua saborizada,L. Gómez,5,9200.0,0.0,46000.0,4.5
2026-06-27,Eje Cafetero,Tienda física,Snacks,Barra de cereal,S. Vargas,15,10200.0,0.1,137700.0,3.4
2025-11-14,Atlántico,E-commerce,Bebidas,Jugo natural 1L,L. Gómez,13,10100.0,0.05,124735.0,3.1
2026-05-02,Atlántico,Marketplace,Bebidas,Agua saborizada,S. Vargas,14,6800.0,0.0,95200.0,4.3
2026-06-15,Santander,Tienda física,Snacks,Chips de plátano,J. Peña,13,9900.0,0.0,128700.0,4.6
2026-08-04,Santander,Distribuidor,Snacks,Chips de plátano,L. Gómez,1,9200.0,0.1,8280.0,4.2
2026-04-14,Valle del Cauca,Tienda física,Bebidas,Agua saborizada,M. Torres,17,5900.0,0.0,100300.0,3.5
2026-06-05,Valle del Cauca,E-commerce,Cuidado,Jabón artesanal,M. Torres,7,20300.0,0.0,142100.0,3.3
2025-11-26,Atlántico,Tienda física,Snacks,Chips de plátano,S. Vargas,12,12900.0,0.05,147060.0,4.1
2025-11-05,Santander,E-commerce,Cuidado,Jabón artesanal,M. Torres,8,30400.0,0.0,243200.0,3.5
2026-04-23,Santander,Marketplace,Bebidas,Té frío 500ml,C. Ramírez,20,5900.0,0.0,118000.0,4.3
2026-05-04,Bogotá,Tienda física,Cuidado,Shampoo sólido,A. Rojas,20,23900.0,0.0,478000.0,3.4
2026-04-24,Bogotá,E-commerce,Cuidado,Jabón artesanal,M. Torres,13,29400.0,0.0,382200.0,4.4
2026-07-25,Eje Cafetero,E-commerce,Snacks,Chips de plátano,M. Torres,15,9900.0,0.0,148500.0,
2026-06-17,Eje Cafetero,E-commerce,Cuidado,Shampoo sólido,,9,20900.0,0.0,188100.0,4.7
2026-05-21,Bogotá,Distribuidor,Bebidas,Agua saborizada,J. Peña,16,9000.0,0.1,129600.0,4.2
2026-02-10,Antioquia,Distribuidor,Snacks,Barra de cereal,C. Ramírez,8,9100.0,0.05,69160.0,3.9
2026-02-23,Atlántico,Distribuidor,Cuidado,Crema corporal,L. Gómez,28,18500.0,0.15,440300.0,5.0
2026-06-22,Bogotá,Marketplace,Café,Café molido 500g,A. Rojas,9,33400.0,0.0,300600.0,3.0
2026-04-05,Antioquia,E-commerce,Cuidado,Shampoo sólido,D. Mejía,22,20200.0,0.05,422180.0,2.9
2026-05-30,Atlántico,Distribuidor,Bebidas,Agua saborizada,S. Vargas,12,6400.0,0.1,69120.0,3.4
2026-02-10,Atlántico,Distribuidor,Bebidas,Jugo natural 1L,D. Mejía,12,6600.0,0.0,79200.0,3.0
2026-05-20,Antioquia,Tienda física,Cuidado,Shampoo sólido,C. Ramírez,19,19900.0,0.0,378100.0,3.0
2026-05-02,Eje Cafetero,E-commerce,Cuidado,Jabón artesanal,J. Peña,1,22300.0,0.0,22300.0,4.2
2026-06-12,Antioquia,E-commerce,Cuidado,Shampoo sólido,C. Ramírez,5,21300.0,0.0,106500.0,4.2
2025-09-21,Atlántico,Tienda física,Café,Café molido 500g,S. Vargas,11,29300.0,0.15,273955.0,3.8
2026-04-14,Santander,Marketplace,Snacks,Chips de plátano,J. Peña,11,10200.0,0.05,106590.0,4.4
2026-02-06,Bogotá,Marketplace,Snacks,Barra de cereal,D. Mejía,18,11300.0,0.0,203400.0,3.9
2025-10-10,Valle del Cauca,Distribuidor,Café,Café molido 500g,L. Gómez,20,29000.0,0.15,493000.0,3.5
2026-02-01,Santander,Marketplace,Café,Café molido 500g,L. Gómez,14,31600.0,0.0,442400.0,4.8
2026-06-15,Antioquia,Distribuidor,Bebidas,Jugo natural 1L,C. Ramírez,15,6300.0,0.15,80325.0,2.8
2026-05-21,Bogotá,Tienda física,Bebidas,Jugo natural 1L,M. Torres,13,9000.0,0.15,99450.0,4.2
2026-06-23,Eje Cafetero,Distribuidor,Snacks,Mix de frutos secos,L. Gómez,11,10200.0,0.0,112200.0,2.9
2026-05-28,Atlántico,E-commerce,Snacks,Chips de plátano,M. Torres,22,10100.0,0.1,199980.0,
2026-04-15,Valle del Cauca,Distribuidor,Snacks,Chips de plátano,C. Ramírez,12,9700.0,0.05,110580.0,4.4
2026-07-17,Valle del Cauca,Marketplace,Snacks,Mix de frutos secos,J. Peña,19,8800.0,0.0,167200.0,2.9
2025-10-31,Atlántico,Marketplace,Bebidas,Agua saborizada,L. Gómez,11,6900.0,0.05,72105.0,3.0
2026-07-16,Antioquia,Marketplace,Snacks,Chips de plátano,S. Vargas,8,8400.0,0.0,67200.0,3.6
2025-11-01,Eje Cafetero,Marketplace,Bebidas,Jugo natural 1L,D. Mejía,23,8600.0,0.15,168130.0,2.8
2026-03-27,Eje Cafetero,Tienda física,Cuidado,Jabón artesanal,M. Torres,22,17300.0,0.15,323510.0,4.4
2026-02-16,Eje Cafetero,Tienda física,Snacks,Chips de plátano,D. Mejía,23,8500.0,0.0,195500.0,3.8
2026-07-30,Eje Cafetero,E-commerce,Cuidado,Jabón artesanal,D. Mejía,11,19200.0,0.15,179520.0,3.5
2025-09-14,Atlántico,Marketplace,Café,Café molido 500g,D. Mejía,26,28000.0,0.0,728000.0,3.0
2025-08-26,Antioquia,Distribuidor,Bebidas,Jugo natural 1L,L. Gómez,17,6600.0,0.0,112200.0,2.8
2026-01-15,Bogotá,Tienda física,Café,Cápsulas x20,C. Ramírez,19,39500.0,0.1,675450.0,2.9
2026-05-26,Bogotá,Distribuidor,Cuidado,Shampoo sólido,M. Torres,17,23300.0,0.0,396100.0,3.3
2025-11-12,Atlántico,Marketplace,Bebidas,Agua saborizada,J. Peña,19,9700.0,0.0,184300.0,4.9
2026-07-08,Antioquia,Marketplace,Café,Café molido 500g,L. Gómez,18,30900.0,0.0,556200.0,2.9
2025-12-30,Valle del Cauca,Tienda física,Snacks,Barra de cereal,M. Torres,20,11700.0,0.0,234000.0,3.7
2026-02-11,Atlántico,Distribuidor,Cuidado,Crema corporal,,19,21000.0,0.05,379050.0,2.9
2026-04-25,Antioquia,Tienda física,Bebidas,Té frío 500ml,D. Mejía,19,6500.0,0.05,117325.0,3.0
2025-08-28,Santander,E-commerce,Snacks,Barra de cereal,J. Peña,7,9600.0,0.1,60480.0,2.9
2026-01-20,Valle del Cauca,Distribuidor,Café,Cápsulas x20,L. Gómez,8,26100.0,0.0,208800.0,4.2
2025-12-24,Santander,Marketplace,Snacks,Mix de frutos secos,L. Gómez,19,11700.0,0.15,188955.0,3.2
2026-07-06,Santander,E-commerce,Café,Café molido 500g,C. Ramírez,6,27900.0,0.0,167400.0,3.3
2025-12-25,Valle del Cauca,Tienda física,Cuidado,Crema corporal,C. Ramírez,16,24900.0,0.0,398400.0,3.4
2025-11-10,Atlántico,Distribuidor,Cuidado,Jabón artesanal,D. Mejía,17,28400.0,0.15,410380.0,3.3
2026-05-22,Atlántico,E-commerce,Cuidado,Jabón artesanal,L. Gómez,26,24000.0,0.0,624000.0,3.1
2025-08-15,Santander,E-commerce,Bebidas,Té frío 500ml,D. Mejía,12,8000.0,0.0,96000.0,4.2
2026-01-09,Eje Cafetero,E-commerce,Bebidas,Agua saborizada,A. Rojas,16,6600.0,0.1,95040.0,3.3
2026-05-24,Valle del Cauca,Tienda física,Snacks,Barra de cereal,M. Torres,27,8600.0,0.0,232200.0,3.8
2025-08-23,Atlántico,Tienda física,Cuidado,Shampoo sólido,D. Mejía,14,20900.0,0.05,277970.0,4.8
2026-01-31,Valle del Cauca,E-commerce,Café,Café molido 500g,C. Ramírez,13,29700.0,0.0,386100.0,3.0
2026-03-18,Bogotá,Marketplace,Café,Café molido 500g,M. Torres,17,39800.0,0.0,676600.0,
2026-01-31,Antioquia,Distribuidor,Cuidado,Shampoo sólido,C. Ramírez,7,17300.0,0.0,121100.0,4.7
2026-01-07,Antioquia,Tienda física,Café,Café molido 500g,S. Vargas,21,30500.0,0.0,640500.0,3.6
2025-09-03,Eje Cafetero,Marketplace,Cuidado,Shampoo sólido,J. Peña,1,17300.0,0.0,17300.0,3.3
2026-02-25,Antioquia,Marketplace,Café,Café en grano 1kg,M. Torres,10,27100.0,0.05,257450.0,3.6
2025-09-30,Antioquia,Marketplace,Snacks,Mix de frutos secos,S. Vargas,7,9000.0,0.05,59850.0,4.6
2026-01-14,Eje Cafetero,E-commerce,Café,Café molido 500g,L. Gómez,19,29900.0,0.1,511290.0,2.9
2026-07-25,Eje Cafetero,Marketplace,Café,Cápsulas x20,L. Gómez,9,27400.0,0.15,209610.0,4.5
2025-12-06,Antioquia,Tienda física,Cuidado,Crema corporal,L. Gómez,21,26400.0,0.0,554400.0,4.4
2026-03-10,Santander,E-commerce,Snacks,Mix de frutos secos,J. Peña,10,9800.0,0.15,83300.0,3.1
2026-07-21,Eje Cafetero,Marketplace,Bebidas,Agua saborizada,S. Vargas,14,5900.0,0.0,82600.0,4.0
2026-07-20,Atlántico,E-commerce,Café,Cápsulas x20,M. Torres,10,30500.0,0.1,274500.0,4.2
2026-05-25,Atlántico,E-commerce,Café,Cápsulas x20,J. Peña,16,31100.0,0.05,472720.0,4.7
2026-02-10,Bogotá,Marketplace,Cuidado,Crema corporal,C. Ramírez,2,24500.0,0.0,49000.0,4.0
2025-10-06,Bogotá,Tienda física,Cuidado,Jabón artesanal,A. Rojas,6,24100.0,0.05,137370.0,3.9
2025-12-08,Atlántico,Distribuidor,Cuidado,Crema corporal,S. Vargas,23,24800.0,0.15,484840.0,3.6
2026-07-14,Eje Cafetero,Distribuidor,Snacks,Barra de cereal,S. Vargas,23,8900.0,0.15,173995.0,4.9
2026-01-27,Atlántico,Marketplace,Snacks,Barra de cereal,J. Peña,13,8900.0,0.0,115700.0,3.8
2026-01-18,Santander,Marketplace,Café,Café molido 500g,D. Mejía,15,30900.0,0.05,440325.0,3.3
2026-05-21,Bogotá,Tienda física,Café,Cápsulas x20,C. Ramírez,21,38300.0,0.15,683655.0,4.9
2025-11-24,Valle del Cauca,E-commerce,Snacks,Mix de frutos secos,A. Rojas,23,12000.0,0.1,248400.0,3.4
2025-08-08,Antioquia,Marketplace,Café,Café molido 500g,C. Ramírez,22,31400.0,0.15,587180.0,4.4
2026-04-17,Antioquia,Marketplace,Bebidas,Agua saborizada,A. Rojas,9,6300.0,0.0,56700.0,2.8
2025-09-30,Valle del Cauca,Marketplace,Bebidas,Jugo natural 1L,A. Rojas,18,6400.0,0.0,115200.0,4.5
2025-08-09,Antioquia,Marketplace,Cuidado,Crema corporal,J. Peña,18,19000.0,0.15,290700.0,4.3
2026-06-03,Santander,Distribuidor,Café,Café en grano 1kg,M. Torres,15,26400.0,0.15,336600.0,3.8
2026-04-01,Bogotá,Distribuidor,Café,Café molido 500g,J. Peña,18,37100.0,0.0,667800.0,4.3
2025-10-04,Bogotá,Tienda física,Bebidas,Jugo natural 1L,A. Rojas,22,8600.0,0.0,189200.0,4.8
2026-03-02,Eje Cafetero,E-commerce,Cuidado,Shampoo sólido,L. Gómez,6,23200.0,0.0,139200.0,2.8
2026-01-16,Eje Cafetero,Tienda física,Café,Café molido 500g,J. Peña,4,31600.0,0.05,120080.0,3.6
2026-07-02,Santander,Tienda física,Café,Café molido 500g,S. Vargas,2,26400.0,0.15,44880.0,
2025-08-12,Atlántico,Distribuidor,Cuidado,Jabón artesanal,M. Torres,1,18600.0,0.0,18600.0,4.9
2026-06-03,Valle del Cauca,E-commerce,Café,Café molido 500g,L. Gómez,18,31300.0,0.0,563400.0,4.5
2025-11-06,Bogotá,Distribuidor,Snacks,Chips de plátano,C. Ramírez,11,15100.0,0.1,149490.0,5.0
2026-01-30,Eje Cafetero,Tienda física,Café,Café en grano 1kg,J. Peña,12,27600.0,0.0,331200.0,2.9
2026-07-30,Bogotá,Tienda física,Cuidado,Jabón artesanal,C. Ramírez,25,23700.0,0.05,562875.0,4.0
2026-04-17,Santander,Distribuidor,Bebidas,Té frío 500ml,S. Vargas,11,7300.0,0.0,80300.0,4.3
2026-06-05,Santander,Distribuidor,Café,Café molido 500g,A. Rojas,13,31400.0,0.1,367380.0,4.7
2025-09-04,Valle del Cauca,E-commerce,Café,Café en grano 1kg,D. Mejía,15,29300.0,0.0,439500.0,
2026-06-06,Eje Cafetero,Distribuidor,Café,Cápsulas x20,C. Ramírez,8,28100.0,0.05,213560.0,3.2
2026-01-05,Santander,Tienda física,Snacks,Barra de cereal,D. Mejía,19,9300.0,0.0,176700.0,3.7
2026-01-13,Bogotá,Tienda física,Snacks,Mix de frutos secos,J. Peña,10,11400.0,0.1,102600.0,3.6
2025-09-26,Antioquia,Tienda física,Cuidado,Jabón artesanal,L. Gómez,25,21200.0,0.0,530000.0,2.9
2026-06-29,Antioquia,Marketplace,Snacks,Mix de frutos secos,S. Vargas,19,9800.0,0.0,186200.0,3.6
2025-12-27,Bogotá,Distribuidor,Cuidado,Crema corporal,S. Vargas,19,35800.0,0.1,612180.0,4.4
2026-07-13,Santander,E-commerce,Cuidado,Jabón artesanal,C. Ramírez,12,20000.0,0.0,240000.0,4.0
2026-07-24,Bogotá,Marketplace,Cuidado,Crema corporal,A. Rojas,16,24200.0,0.0,387200.0,4.9
2025-11-02,Eje Cafetero,Distribuidor,Bebidas,Té frío 500ml,J. Peña,14,10000.0,0.0,140000.0,3.6
2026-04-30,Atlántico,Distribuidor,Snacks,Mix de frutos secos,D. Mejía,8,9000.0,0.0,72000.0,3.2
2026-02-25,Atlántico,Distribuidor,Cuidado,Shampoo sólido,A. Rojas,8,21800.0,0.15,148240.0,4.8
2026-03-20,Atlántico,Tienda física,Snacks,Mix de frutos secos,C. Ramírez,15,8600.0,0.15,109650.0,4.8
2026-07-13,Eje Cafetero,Distribuidor,Snacks,Mix de frutos secos,J. Peña,12,8700.0,0.0,104400.0,3.2
2026-01-15,Valle del Cauca,E-commerce,Café,Café molido 500g,M. Torres,13,31100.0,0.15,343655.0,4.5
2025-10-14,Eje Cafetero,Marketplace,Bebidas,Agua saborizada,,20,6700.0,0.0,134000.0,4.0
2025-11-18,Antioquia,Marketplace,Snacks,Barra de cereal,M. Torres,10,12500.0,0.1,112500.0,3.0
2026-08-06,Antioquia,E-commerce,Cuidado,Jabón artesanal,L. Gómez,15,20200.0,0.15,257550.0,4.3
2026-06-12,Valle del Cauca,E-commerce,Cuidado,Shampoo sólido,S. Vargas,20,18900.0,0.15,321300.0,4.8
2026-07-15,Bogotá,E-commerce,Bebidas,Agua saborizada,M. Torres,18,9300.0,0.05,159030.0,5.0
2025-11-14,Valle del Cauca,E-commerce,Cuidado,Shampoo sólido,M. Torres,16,29200.0,0.05,443840.0,3.8
2026-02-18,Eje Cafetero,Distribuidor,Cuidado,Jabón artesanal,L. Gómez,11,20300.0,0.0,223300.0,3.1
2026-08-04,Santander,Distribuidor,Snacks,Mix de frutos secos,C. Ramírez,15,8800.0,0.0,132000.0,3.7
2026-02-23,Antioquia,Marketplace,Snacks,Mix de frutos secos,A. Rojas,10,10100.0,0.0,101000.0,3.3
2026-01-24,Atlántico,Marketplace,Café,Café en grano 1kg,J. Peña,4,26000.0,0.0,104000.0,4.3
2026-02-07,Valle del Cauca,Tienda física,Snacks,Barra de cereal,M. Torres,11,8200.0,0.0,90200.0,4.8
2025-11-22,Valle del Cauca,Distribuidor,Snacks,Mix de frutos secos,J. Peña,17,11700.0,0.0,198900.0,4.0
2026-04-08,Valle del Cauca,Distribuidor,Bebidas,Agua saborizada,L. Gómez,7,7200.0,0.15,42840.0,3.3
2025-11-20,Bogotá,Marketplace,Snacks,Chips de plátano,J. Peña,20,14800.0,0.0,296000.0,2.9
2026-06-11,Atlántico,Tienda física,Snacks,Barra de cereal,S. Vargas,12,10100.0,0.1,109080.0,3.7
2026-02-23,Antioquia,Distribuidor,Bebidas,Agua saborizada,S. Vargas,23,5900.0,0.0,135700.0,4.3
2025-09-26,Antioquia,Marketplace,Café,Café en grano 1kg,A. Rojas,7,28300.0,0.0,198100.0,3.9
2026-06-24,Atlántico,Marketplace,Cuidado,Jabón artesanal,,14,20900.0,0.15,248710.0,4.9
2025-09-29,Eje Cafetero,Distribuidor,Snacks,Barra de cereal,L. Gómez,1,9900.0,0.15,8415.0,4.2
2025-09-22,Valle del Cauca,Distribuidor,Cuidado,Shampoo sólido,L. Gómez,13,18800.0,0.1,219960.0,3.3
2025-09-07,Bogotá,Tienda física,Snacks,Mix de frutos secos,L. Gómez,9,11400.0,0.0,102600.0,
2026-01-14,Eje Cafetero,Marketplace,Cuidado,Jabón artesanal,S. Vargas,4,19700.0,0.0,78800.0,4.2
2025-08-30,Atlántico,Marketplace,Snacks,Chips de plátano,L. Gómez,16,9200.0,0.0,147200.0,3.9
2026-01-23,Atlántico,Marketplace,Snacks,Barra de cereal,A. Rojas,6,10100.0,0.05,57570.0,4.9
2025-10-05,Antioquia,Distribuidor,Snacks,Chips de plátano,L. Gómez,7,9600.0,0.05,63840.0,4.6
2026-07-02,Santander,E-commerce,Café,Café en grano 1kg,C. Ramírez,14,34500.0,0.05,458850.0,5.0
2026-01-19,Bogotá,Tienda física,Café,Café molido 500g,S. Vargas,1,39500.0,0.15,33575.0,3.2
2026-06-20,Santander,E-commerce,Snacks,Barra de cereal,J. Peña,17,10200.0,0.0,173400.0,4.3
2026-03-08,Valle del Cauca,Tienda física,Snacks,Barra de cereal,A. Rojas,6,8500.0,0.0,51000.0,3.4
2025-08-31,Valle del Cauca,Tienda física,Bebidas,Té frío 500ml,D. Mejía,16,6300.0,0.05,95760.0,4.9
2025-12-06,Eje Cafetero,Tienda física,Snacks,Mix de frutos secos,C. Ramírez,19,11800.0,0.0,224200.0,3.8
2026-02-27,Bogotá,Tienda física,Bebidas,Té frío 500ml,S. Vargas,25,7800.0,0.0,195000.0,3.4
2025-10-01,Eje Cafetero,Distribuidor,Bebidas,Té frío 500ml,D. Mejía,19,6900.0,0.0,131100.0,3.6
2026-07-01,Valle del Cauca,Tienda física,Bebidas,Agua saborizada,,8,6000.0,0.15,40800.0,4.9
2025-10-05,Antioquia,E-commerce,Cuidado,Shampoo sólido,S. Vargas,21,21700.0,0.0,455700.0,4.8
2026-02-14,Santander,Marketplace,Bebidas,Agua saborizada,S. Vargas,4,6400.0,0.0,25600.0,3.4
2026-03-20,Valle del Cauca,E-commerce,Snacks,Chips de plátano,C. Ramírez,5,10200.0,0.0,51000.0,4.2
2025-09-13,Santander,E-commerce,Bebidas,Té frío 500ml,M. Torres,10,7900.0,0.0,79000.0,
2026-03-06,Antioquia,E-commerce,Snacks,Barra de cereal,S. Vargas,12,8900.0,0.05,101460.0,4.7
2025-11-24,Santander,E-commerce,Cuidado,Crema corporal,J. Peña,7,31600.0,0.15,188020.0,3.0
2025-11-11,Santander,Marketplace,Bebidas,Jugo natural 1L,C. Ramírez,20,9500.0,0.0,190000.0,4.3
2025-12-09,Bogotá,Distribuidor,Bebidas,Té frío 500ml,M. Torres,12,11000.0,0.1,118800.0,4.6
2026-06-14,Eje Cafetero,E-commerce,Bebidas,Agua saborizada,J. Peña,13,8000.0,0.05,98800.0,4.4
2025-09-26,Atlántico,Tienda física,Bebidas,Té frío 500ml,,21,6500.0,0.15,116025.0,4.2
2025-12-14,Atlántico,E-commerce,Snacks,Barra de cereal,A. Rojas,23,13700.0,0.05,299345.0,2.9
2025-08-21,Santander,Marketplace,Cuidado,Crema corporal,D. Mejía,5,21400.0,0.0,107000.0,3.1
2026-05-17,Santander,Tienda física,Snacks,Chips de plátano,A. Rojas,1,8700.0,0.15,7395.0,4.7
2025-12-19,Atlántico,Distribuidor,Cuidado,Crema corporal,M. Torres,21,29500.0,0.0,619500.0,3.8
2025-09-01,Valle del Cauca,Marketplace,Café,Café molido 500g,S. Vargas,7,26200.0,0.05,174230.0,3.1
2026-07-16,Eje Cafetero,E-commerce,Bebidas,Jugo natural 1L,D. Mejía,14,6800.0,0.15,80920.0,3.2
2026-01-30,Valle del Cauca,Tienda física,Snacks,Mix de frutos secos,D. Mejía,16,8700.0,0.0,139200.0,4.6
2025-11-29,Atlántico,Tienda física,Café,Café en grano 1kg,C. Ramírez,4,35300.0,0.0,141200.0,3.5
2026-03-13,Santander,E-commerce,Café,Cápsulas x20,J. Peña,21,29200.0,0.05,582540.0,4.3
2026-01-07,Atlántico,E-commerce,Cuidado,Crema corporal,C. Ramírez,7,23100.0,0.05,153615.0,3.2
2025-12-03,Santander,Tienda física,Café,Café molido 500g,D. Mejía,9,35300.0,0.0,317700.0,3.0
2026-03-28,Atlántico,Tienda física,Snacks,Barra de cereal,C. Ramírez,26,10300.0,0.0,267800.0,4.6
2026-03-30,Eje Cafetero,Tienda física,Cuidado,Crema corporal,C. Ramírez,6,17800.0,0.1,96120.0,2.9
2026-05-21,Atlántico,Distribuidor,Bebidas,Té frío 500ml,M. Torres,16,6200.0,0.0,99200.0,3.9
2026-03-08,Valle del Cauca,Distribuidor,Cuidado,Shampoo sólido,M. Torres,12,18000.0,0.0,216000.0,3.2
2025-11-24,Bogotá,Tienda física,Café,Cápsulas x20,A. Rojas,11,47700.0,0.0,524700.0,4.8
2025-10-02,Eje Cafetero,Marketplace,Snacks,Chips de plátano,L. Gómez,12,9000.0,0.05,102600.0,4.2
2026-02-16,Santander,E-commerce,Snacks,Chips de plátano,A. Rojas,4,9800.0,0.1,35280.0,4.9
2026-04-20,Santander,Distribuidor,Café,Cápsulas x20,C. Ramírez,16,30700.0,0.15,417520.0,4.3
2026-08-03,Eje Cafetero,Marketplace,Snacks,Chips de plátano,D. Mejía,6,10100.0,0.0,60600.0,4.0
2025-08-15,Eje Cafetero,Distribuidor,Cuidado,Jabón artesanal,J. Peña,16,21700.0,0.1,312480.0,2.9
2026-05-31,Antioquia,Tienda física,Café,Cápsulas x20,S. Vargas,15,28400.0,0.15,362100.0,3.8
2025-11-16,Bogotá,Tienda física,Café,Café en grano 1kg,D. Mejía,9,53200.0,0.0,478800.0,3.5
2026-02-16,Santander,Marketplace,Cuidado,Shampoo sólido,M. Torres,1,17200.0,0.15,14620.0,3.6
2025-11-29,Valle del Cauca,Tienda física,Cuidado,Jabón artesanal,M. Torres,14,26900.0,0.1,338940.0,4.7
2026-01-27,Antioquia,Tienda física,Cuidado,Shampoo sólido,C. Ramírez,17,19100.0,0.0,324700.0,5.0
2026-01-03,Valle del Cauca,Tienda física,Café,Café molido 500g,C. Ramírez,12,26500.0,0.05,302100.0,4.3
2026-02-05,Eje Cafetero,Distribuidor,Café,Café molido 500g,D. Mejía,16,29700.0,0.0,475200.0,5.0
2026-02-11,Valle del Cauca,E-commerce,Bebidas,Té frío 500ml,A. Rojas,9,8000.0,0.05,68400.0,4.3
2026-06-10,Valle del Cauca,E-commerce,Snacks,Barra de cereal,S. Vargas,14,10900.0,0.05,144970.0,4.3
2026-04-28,Atlántico,E-commerce,Café,Café en grano 1kg,C. Ramírez,7,29200.0,0.05,194180.0,3.8
2026-05-17,Eje Cafetero,E-commerce,Snacks,Chips de plátano,S. Vargas,20,10500.0,0.0,210000.0,4.5
2025-08-30,Santander,Distribuidor,Bebidas,Agua saborizada,J. Peña,25,6200.0,0.05,147250.0,2.9
2025-08-23,Santander,E-commerce,Cuidado,Crema corporal,M. Torres,20,19400.0,0.05,368600.0,3.6
2026-03-14,Atlántico,Tienda física,Bebidas,Agua saborizada,S. Vargas,19,6600.0,0.05,119130.0,2.9
2025-10-14,Santander,Distribuidor,Snacks,Chips de plátano,D. Mejía,17,9400.0,0.15,135830.0,3.2
2026-01-08,Eje Cafetero,Distribuidor,Snacks,Chips de plátano,J. Peña,11,8900.0,0.0,97900.0,3.1
2025-12-16,Eje Cafetero,Distribuidor,Cuidado,Jabón artesanal,D. Mejía,6,25900.0,0.0,155400.0,4.8
2025-12-04,Valle del Cauca,Marketplace,Cuidado,Jabón artesanal,J. Peña,22,25400.0,0.15,474980.0,4.0
2025-08-27,Santander,Tienda física,Cuidado,Jabón artesanal,A. Rojas,24,18200.0,0.05,414960.0,3.6
2026-07-29,Santander,Tienda física,Cuidado,Crema corporal,S. Vargas,14,20600.0,0.05,273980.0,4.9
2025-10-18,Valle del Cauca,Marketplace,Bebidas,Agua saborizada,L. Gómez,11,6100.0,0.15,57035.0,3.6
2025-12-18,Atlántico,Tienda física,Cuidado,Crema corporal,M. Torres,23,23700.0,0.1,490590.0,4.4
2026-07-19,Valle del Cauca,Tienda física,Bebidas,Agua saborizada,D. Mejía,6,6600.0,0.15,33660.0,3.9
2026-05-16,Valle del Cauca,E-commerce,Bebidas,Jugo natural 1L,L. Gómez,14,6500.0,0.05,86450.0,
2026-07-24,Bogotá,Tienda física,Bebidas,Té frío 500ml,A. Rojas,7,7500.0,0.0,52500.0,3.1
2026-04-15,Eje Cafetero,Marketplace,Cuidado,Jabón artesanal,M. Torres,28,17800.0,0.15,423640.0,4.7
2026-08-01,Eje Cafetero,Tienda física,Snacks,Barra de cereal,C. Ramírez,10,8200.0,0.15,69700.0,4.6
2025-09-23,Bogotá,Distribuidor,Café,Café en grano 1kg,D. Mejía,4,34600.0,0.1,124560.0,
2025-08-16,Santander,Marketplace,Bebidas,Agua saborizada,L. Gómez,9,6900.0,0.0,62100.0,3.4
2025-11-13,Bogotá,Distribuidor,Cuidado,Crema corporal,M. Torres,13,36600.0,0.0,475800.0,2.8
2025-11-25,Santander,Distribuidor,Cuidado,Shampoo sólido,A. Rojas,16,27000.0,0.15,367200.0,3.4
2025-11-01,Valle del Cauca,Tienda física,Snacks,Mix de frutos secos,A. Rojas,18,12000.0,0.0,216000.0,3.3
2026-06-24,Antioquia,Marketplace,Bebidas,Agua saborizada,C. Ramírez,13,7500.0,0.0,97500.0,3.3
2025-12-17,Antioquia,E-commerce,Café,Café molido 500g,D. Mejía,22,47300.0,0.1,936540.0,5.0
2026-02-05,Valle del Cauca,Distribuidor,Cuidado,Jabón artesanal,M. Torres,5,21200.0,0.0,106000.0,3.8
2025-09-25,Valle del Cauca,E-commerce,Snacks,Mix de frutos secos,M. Torres,12,10200.0,0.1,110160.0,3.2
2026-06-19,Bogotá,Distribuidor,Café,Café en grano 1kg,M. Torres,7,32000.0,0.0,224000.0,5.0
2025-11-04,Valle del Cauca,Distribuidor,Snacks,Chips de plátano,L. Gómez,11,11200.0,0.15,104720.0,3.5
2026-05-07,Atlántico,Tienda física,Café,Café en grano 1kg,,25,31600.0,0.0,790000.0,4.2
2026-02-07,Atlántico,E-commerce,Snacks,Chips de plátano,S. Vargas,17,11000.0,0.05,177650.0,3.4
2025-08-24,Eje Cafetero,Distribuidor,Café,Café en grano 1kg,D. Mejía,19,31400.0,0.15,507110.0,4.8
2026-01-26,Antioquia,Distribuidor,Cuidado,Crema corporal,L. Gómez,1,20200.0,0.0,20200.0,4.9
2026-04-27,Eje Cafetero,Distribuidor,Cuidado,Shampoo sólido,J. Peña,16,18600.0,0.1,267840.0,4.9
2025-08-13,Bogotá,Distribuidor,Snacks,Mix de frutos secos,,18,11100.0,0.0,199800.0,4.1
2026-03-07,Antioquia,E-commerce,Cuidado,Shampoo sólido,D. Mejía,8,22600.0,0.0,180800.0,3.8
2025-09-10,Atlántico,E-commerce,Café,Cápsulas x20,M. Torres,17,31800.0,0.1,486540.0,4.7
2025-11-01,Bogotá,Tienda física,Snacks,Chips de plátano,D. Mejía,8,15500.0,0.0,124000.0,3.5
2025-10-12,Bogotá,Tienda física,Café,Café molido 500g,S. Vargas,15,38600.0,0.05,550050.0,3.6
2025-11-23,Eje Cafetero,Tienda física,Bebidas,Agua saborizada,C. Ramírez,5,9200.0,0.15,39100.0,4.3
2026-02-16,Santander,Tienda física,Cuidado,Crema corporal,M. Torres,3,21500.0,0.15,54825.0,3.5
2026-05-11,Atlántico,Distribuidor,Café,Café molido 500g,M. Torres,5,27800.0,0.05,132050.0,3.2
2025-09-09,Valle del Cauca,E-commerce,Snacks,Barra de cereal,A. Rojas,10,9000.0,0.05,85500.0,3.3
2025-09-09,Bogotá,Marketplace,Café,Café en grano 1kg,J. Peña,15,31500.0,0.0,472500.0,3.0
2026-07-28,Bogotá,Marketplace,Snacks,Barra de cereal,C. Ramírez,14,11400.0,0.0,159600.0,3.5
2025-10-23,Atlántico,Marketplace,Cuidado,Shampoo sólido,J. Peña,27,19300.0,0.0,521100.0,4.8
2026-03-22,Santander,E-commerce,Café,Cápsulas x20,S. Vargas,15,27800.0,0.0,417000.0,4.6
2025-09-20,Atlántico,Distribuidor,Cuidado,Jabón artesanal,A. Rojas,15,18900.0,0.1,255150.0,3.4
2026-01-22,Eje Cafetero,Marketplace,Bebidas,Agua saborizada,A. Rojas,20,6500.0,0.0,130000.0,4.5
2026-03-03,Santander,Tienda física,Cuidado,Crema corporal,C. Ramírez,1,19500.0,0.1,17550.0,4.9
2026-03-06,Eje Cafetero,E-commerce,Café,Café molido 500g,A. Rojas,18,32700.0,0.0,588600.0,3.5
2026-05-28,Antioquia,Distribuidor,Café,Café en grano 1kg,M. Torres,27,27000.0,0.15,619650.0,4.9
2025-11-05,Bogotá,Tienda física,Cuidado,Shampoo sólido,D. Mejía,16,29400.0,0.0,470400.0,4.6
2026-01-01,Atlántico,Marketplace,Bebidas,Agua saborizada,M. Torres,10,6500.0,0.0,65000.0,2.9
2026-06-12,Valle del Cauca,Marketplace,Cuidado,Crema corporal,D. Mejía,9,21200.0,0.0,190800.0,3.2
2026-04-30,Bogotá,Tienda física,Snacks,Chips de plátano,D. Mejía,11,11200.0,0.0,123200.0,3.7
2025-11-02,Santander,Distribuidor,Snacks,Chips de plátano,A. Rojas,25,11700.0,0.0,292500.0,3.3
2026-04-28,Antioquia,Tienda física,Bebidas,Té frío 500ml,S. Vargas,16,6200.0,0.0,99200.0,5.0
2026-01-26,Bogotá,Tienda física,Snacks,Barra de cereal,J. Peña,17,12800.0,0.1,195840.0,3.2
2026-07-29,Santander,E-commerce,Cuidado,Jabón artesanal,D. Mejía,8,23200.0,0.0,185600.0,4.9
2025-10-30,Bogotá,Distribuidor,Bebidas,Jugo natural 1L,C. Ramírez,20,8100.0,0.0,162000.0,4.3
2026-07-28,Bogotá,E-commerce,Bebidas,Agua saborizada,J. Peña,3,8300.0,0.1,22410.0,4.1
2026-04-23,Valle del Cauca,Marketplace,Cuidado,Shampoo sólido,M. Torres,28,21800.0,0.15,518840.0,3.0
2026-01-19,Bogotá,E-commerce,Café,Café molido 500g,C. Ramírez,15,44000.0,0.15,561000.0,4.0
2025-12-12,Bogotá,Marketplace,Bebidas,Jugo natural 1L,J. Peña,8,10400.0,0.0,83200.0,4.1
2025-10-18,Santander,Distribuidor,Snacks,Mix de frutos secos,M. Torres,9,8700.0,0.0,78300.0,3.3
2025-08-20,Atlántico,Distribuidor,Bebidas,Té frío 500ml,S. Vargas,1,5900.0,0.15,5015.0,3.4
2026-02-25,Eje Cafetero,Distribuidor,Snacks,Barra de cereal,S. Vargas,12,8600.0,0.0,103200.0,4.7
2026-07-26,Santander,Distribuidor,Snacks,Chips de plátano,S. Vargas,4,9300.0,0.15,31620.0,4.2
2026-01-14,Eje Cafetero,Marketplace,Bebidas,Té frío 500ml,C. Ramírez,11,7200.0,0.15,67320.0,
2026-01-14,Bogotá,E-commerce,Café,Cápsulas x20,L. Gómez,13,38300.0,0.0,497900.0,4.9
2026-03-06,Santander,Tienda física,Café,Café molido 500g,C. Ramírez,18,28400.0,0.0,511200.0,4.8
2025-10-16,Santander,E-commerce,Cuidado,Crema corporal,L. Gómez,14,23400.0,0.15,278460.0,4.2
2025-10-19,Atlántico,Tienda física,Cuidado,Jabón artesanal,C. Ramírez,7,17500.0,0.0,122500.0,4.9
2026-06-25,Atlántico,Marketplace,Café,Café en grano 1kg,D. Mejía,11,28600.0,0.0,314600.0,4.7
2026-04-14,Santander,Tienda física,Bebidas,Jugo natural 1L,D. Mejía,14,6200.0,0.1,78120.0,3.6
2025-10-11,Atlántico,Distribuidor,Snacks,Barra de cereal,M. Torres,16,8800.0,0.0,140800.0,3.0
2026-01-02,Santander,Tienda física,Café,Café en grano 1kg,J. Peña,9,30200.0,0.05,258210.0,3.4
2026-01-02,Eje Cafetero,Marketplace,Café,Café molido 500g,D. Mejía,19,29800.0,0.05,537890.0,4.0
2025-11-16,Antioquia,Marketplace,Cuidado,Shampoo sólido,D. Mejía,5,28600.0,0.1,128700.0,4.6
2026-07-14,Eje Cafetero,Tienda física,Café,Cápsulas x20,A. Rojas,8,26200.0,0.0,209600.0,4.3
2026-04-26,Antioquia,Tienda física,Café,Café molido 500g,C. Ramírez,9,26000.0,0.05,222300.0,4.2
2026-07-24,Eje Cafetero,E-commerce,Café,Cápsulas x20,A. Rojas,23,27900.0,0.0,641700.0,4.1
2026-06-10,Bogotá,Distribuidor,Bebidas,Agua saborizada,L. Gómez,19,8400.0,0.0,159600.0,2.9
2026-07-06,Bogotá,Tienda física,Café,Café en grano 1kg,C. Ramírez,6,39900.0,0.1,215460.0,3.2
2025-09-28,Santander,Tienda física,Café,Café en grano 1kg,M. Torres,7,28400.0,0.0,198800.0,4.1
2025-08-13,Valle del Cauca,Marketplace,Bebidas,Jugo natural 1L,S. Vargas,11,5900.0,0.15,55165.0,4.9
2025-09-09,Santander,E-commerce,Snacks,Barra de cereal,J. Peña,15,10200.0,0.1,137700.0,4.9
2026-08-04,Valle del Cauca,Tienda física,Snacks,Chips de plátano,D. Mejía,8,9100.0,0.0,72800.0,3.7
2026-03-11,Antioquia,Tienda física,Café,Café molido 500g,D. Mejía,29,31800.0,0.05,876090.0,4.9
2026-04-26,Bogotá,Marketplace,Cuidado,Shampoo sólido,L. Gómez,20,21600.0,0.0,432000.0,4.7
2026-05-26,Valle del Cauca,Tienda física,Snacks,Mix de frutos secos,M. Torres,7,8700.0,0.0,60900.0,4.2
2026-04-20,Eje Cafetero,Distribuidor,Bebidas,Agua saborizada,,24,6100.0,0.05,139080.0,2.8
2026-07-21,Eje Cafetero,Tienda física,Bebidas,Agua saborizada,L. Gómez,16,7300.0,0.0,116800.0,3.6
2026-06-06,Antioquia,Marketplace,Café,Cápsulas x20,M. Torres,16,30600.0,0.0,489600.0,3.8
2026-04-16,Bogotá,Marketplace,Cuidado,Crema corporal,D. Mejía,17,22200.0,0.0,377400.0,3.4
2026-04-16,Antioquia,Distribuidor,Café,Cápsulas x20,J. Peña,7,26400.0,0.1,166320.0,4.8
2026-05-24,Valle del Cauca,Tienda física,Bebidas,Jugo natural 1L,C. Ramírez,7,6000.0,0.0,42000.0,4.9
2025-12-09,Bogotá,Tienda física,Cuidado,Shampoo sólido,A. Rojas,20,32100.0,0.05,609900.0,3.5
2025-10-23,Antioquia,Marketplace,Cuidado,Crema corporal,S. Vargas,20,21200.0,0.0,424000.0,3.0
2025-08-25,Bogotá,Tienda física,Snacks,Chips de plátano,A. Rojas,1,11900.0,0.0,11900.0,3.7
2026-04-02,Bogotá,Tienda física,Cuidado,Crema corporal,J. Peña,3,26800.0,0.05,76380.0,4.8
2025-10-28,Antioquia,Distribuidor,Bebidas,Jugo natural 1L,D. Mejía,13,5900.0,0.05,72865.0,4.8
2026-05-17,Atlántico,Tienda física,Bebidas,Agua saborizada,D. Mejía,7,6900.0,0.15,41055.0,4.8
2026-03-24,Santander,Tienda física,Snacks,Barra de cereal,C. Ramírez,19,9700.0,0.0,184300.0,4.4
2026-07-01,Eje Cafetero,E-commerce,Cuidado,Jabón artesanal,J. Peña,12,19700.0,0.05,224580.0,4.1
2025-10-31,Bogotá,Distribuidor,Snacks,Barra de cereal,D. Mejía,12,10600.0,0.1,114480.0,
2026-01-17,Antioquia,E-commerce,Bebidas,Jugo natural 1L,D. Mejía,7,7400.0,0.0,51800.0,4.5
2026-03-11,Santander,Tienda física,Snacks,Mix de frutos secos,J. Peña,20,9000.0,0.1,162000.0,3.8
2025-10-15,Eje Cafetero,Tienda física,Snacks,Mix de frutos secos,M. Torres,15,9600.0,0.05,136800.0,2.9
2026-02-24,Atlántico,Distribuidor,Bebidas,Té frío 500ml,D. Mejía,22,6200.0,0.0,136400.0,3.5
2025-10-29,Eje Cafetero,Tienda física,Snacks,Mix de frutos secos,M. Torres,16,10000.0,0.0,160000.0,2.9
2026-06-06,Bogotá,E-commerce,Café,Café molido 500g,C. Ramírez,17,41000.0,0.05,662150.0,4.5
2026-06-26,Antioquia,E-commerce,Snacks,Mix de frutos secos,M. Torres,23,10400.0,0.0,239200.0,3.8
2026-01-21,Atlántico,Marketplace,Snacks,Chips de plátano,C. Ramírez,15,10300.0,0.15,131325.0,3.0
2026-06-30,Santander,E-commerce,Café,Cápsulas x20,S. Vargas,19,34300.0,0.0,651700.0,4.3
2025-12-30,Antioquia,E-commerce,Bebidas,Té frío 500ml,M. Torres,14,10600.0,0.0,148400.0,4.1
2025-11-02,Valle del Cauca,Marketplace,Café,Café en grano 1kg,A. Rojas,6,42400.0,0.15,216240.0,4.2
2026-04-05,Valle del Cauca,Distribuidor,Bebidas,Agua saborizada,S. Vargas,15,6100.0,0.15,77775.0,5.0
2026-07-08,Santander,Tienda física,Bebidas,Agua saborizada,C. Ramírez,14,6000.0,0.1,75600.0,
2026-07-27,Atlántico,Tienda física,Cuidado,Jabón artesanal,D. Mejía,14,20500.0,0.05,272650.0,3.0
2026-05-20,Atlántico,Marketplace,Cuidado,Crema corporal,L. Gómez,9,20800.0,0.15,159120.0,
2025-10-15,Santander,Tienda física,Café,Café molido 500g,C. Ramírez,18,29200.0,0.1,473040.0,4.3
2025-11-16,Bogotá,E-commerce,Cuidado,Crema corporal,D. Mejía,13,35300.0,0.1,413010.0,4.0
2025-11-10,Atlántico,Tienda física,Café,Cápsulas x20,D. Mejía,23,40100.0,0.0,922300.0,2.9
2025-09-25,Atlántico,Tienda física,Cuidado,Crema corporal,S. Vargas,16,17500.0,0.0,280000.0,3.2
2025-12-23,Antioquia,Distribuidor,Bebidas,Té frío 500ml,L. Gómez,8,8800.0,0.05,66880.0,3.2
2026-06-08,Atlántico,Marketplace,Bebidas,Jugo natural 1L,A. Rojas,9,6600.0,0.1,53460.0,4.0
2026-06-13,Antioquia,Distribuidor,Bebidas,Agua saborizada,D. Mejía,1,6800.0,0.1,6120.0,4.1
2026-02-06,Santander,E-commerce,Snacks,Mix de frutos secos,D. Mejía,5,9400.0,0.0,47000.0,3.3
2026-01-07,Bogotá,Marketplace,Bebidas,Agua saborizada,J. Peña,20,8400.0,0.0,168000.0,3.2
2026-03-05,Antioquia,E-commerce,Bebidas,Té frío 500ml,L. Gómez,20,7000.0,0.0,140000.0,4.9
2026-05-20,Atlántico,Tienda física,Cuidado,Crema corporal,D. Mejía,1,21700.0,0.0,21700.0,3.4
2025-08-19,Valle del Cauca,Marketplace,Cuidado,Jabón artesanal,D. Mejía,14,18700.0,0.0,261800.0,2.8
2026-07-22,Antioquia,Distribuidor,Bebidas,Té frío 500ml,J. Peña,12,6600.0,0.0,79200.0,3.4
2026-05-26,Atlántico,Marketplace,Snacks,Chips de plátano,L. Gómez,15,10200.0,0.05,145350.0,3.1
2026-05-25,Santander,E-commerce,Bebidas,Agua saborizada,S. Vargas,11,7400.0,0.0,81400.0,3.4
2026-06-01,Valle del Cauca,E-commerce,Cuidado,Shampoo sólido,M. Torres,13,20600.0,0.0,267800.0,3.3
2026-03-17,Eje Cafetero,Tienda física,Café,Café molido 500g,M. Torres,4,25700.0,0.05,97660.0,4.3
2025-09-17,Antioquia,Tienda física,Café,Café molido 500g,J. Peña,21,30400.0,0.05,606480.0,3.4
2025-11-17,Antioquia,Marketplace,Snacks,Mix de frutos secos,M. Torres,7,12100.0,0.05,80465.0,4.8
2026-04-26,Bogotá,E-commerce,Café,Cápsulas x20,L. Gómez,10,44300.0,0.15,376550.0,4.4
2026-04-16,Valle del Cauca,Distribuidor,Café,Café en grano 1kg,S. Vargas,11,30200.0,0.0,332200.0,3.0
2026-05-17,Atlántico,E-commerce,Bebidas,Agua saborizada,D. Mejía,20,7800.0,0.1,140400.0,4.6
2025-10-22,Bogotá,Distribuidor,Snacks,Chips de plátano,S. Vargas,9,12100.0,0.1,98010.0,4.8
2026-05-03,Santander,Tienda física,Snacks,Chips de plátano,A. Rojas,23,8200.0,0.0,188600.0,4.6
2025-11-06,Atlántico,Marketplace,Café,Café en grano 1kg,C. Ramírez,13,41600.0,0.05,513760.0,4.5
2026-01-29,Valle del Cauca,Distribuidor,Snacks,Mix de frutos secos,J. Peña,18,9400.0,0.1,152280.0,4.6
2025-09-29,Eje Cafetero,Marketplace,Snacks,Mix de frutos secos,C. Ramírez,3,9700.0,0.15,24735.0,4.8
2026-06-09,Antioquia,E-commerce,Cuidado,Jabón artesanal,L. Gómez,8,23500.0,0.15,159800.0,3.3
2026-06-29,Santander,Marketplace,Café,Café molido 500g,S. Vargas,15,29100.0,0.05,414675.0,3.0
2026-04-11,Santander,Tienda física,Bebidas,Agua saborizada,C. Ramírez,2,6400.0,0.15,10880.0,3.6
2026-02-04,Antioquia,Marketplace,Café,Café molido 500g,A. Rojas,6,28300.0,0.05,161310.0,2.8
2025-11-11,Bogotá,Marketplace,Cuidado,Shampoo sólido,S. Vargas,18,36500.0,0.0,657000.0,3.7
2025-12-31,Atlántico,Tienda física,Bebidas,Jugo natural 1L,J. Peña,6,9800.0,0.0,58800.0,4.6
2026-07-10,Antioquia,E-commerce,Café,Cápsulas x20,A. Rojas,14,34000.0,0.0,476000.0,4.7
2026-04-21,Bogotá,Marketplace,Cuidado,Jabón artesanal,S. Vargas,2,24600.0,0.05,46740.0,3.3
2026-05-02,Santander,E-commerce,Snacks,Mix de frutos secos,S. Vargas,21,9100.0,0.05,181545.0,3.3
2026-01-16,Santander,Tienda física,Cuidado,Crema corporal,L. Gómez,13,17900.0,0.05,221065.0,4.9
2026-01-02,Antioquia,Tienda física,Bebidas,Jugo natural 1L,C. Ramírez,2,7200.0,0.0,14400.0,4.2
2025-11-25,Atlántico,E-commerce,Bebidas,Jugo natural 1L,D. Mejía,23,9200.0,0.0,211600.0,3.6
2025-12-13,Bogotá,Tienda física,Café,Café molido 500g,A. Rojas,19,54200.0,0.15,875330.0,4.5
2026-06-29,Eje Cafetero,Marketplace,Bebidas,Agua saborizada,C. Ramírez,13,6400.0,0.0,83200.0,3.7
2026-01-28,Antioquia,E-commerce,Snacks,Barra de cereal,L. Gómez,19,9600.0,0.1,164160.0,4.2
2026-04-01,Eje Cafetero,E-commerce,Cuidado,Crema corporal,C. Ramírez,3,21500.0,0.1,58050.0,3.4
2026-08-01,Valle del Cauca,E-commerce,Bebidas,Jugo natural 1L,L. Gómez,1,7900.0,0.0,7900.0,4.4
2026-04-26,Atlántico,Distribuidor,Bebidas,Jugo natural 1L,D. Mejía,16,7000.0,0.15,95200.0,3.5
2025-09-24,Eje Cafetero,E-commerce,Bebidas,Agua saborizada,C. Ramírez,9,6600.0,0.05,56430.0,3.0
2025-09-22,Eje Cafetero,Marketplace,Cuidado,Crema corporal,A. Rojas,28,21400.0,0.05,569240.0,3.4
2026-04-26,Atlántico,Tienda física,Cuidado,Jabón artesanal,M. Torres,18,20800.0,0.1,336960.0,3.2
2026-03-30,Antioquia,Marketplace,Cuidado,Shampoo sólido,J. Peña,13,20200.0,0.15,223210.0,3.1
2026-07-24,Atlántico,E-commerce,Snacks,Chips de plátano,S. Vargas,10,11000.0,0.0,110000.0,3.8
2026-05-04,Santander,Tienda física,Café,Cápsulas x20,S. Vargas,2,25400.0,0.05,48260.0,3.8
2025-09-30,Santander,Tienda física,Snacks,Mix de frutos secos,D. Mejía,9,10200.0,0.05,87210.0,4.2
2026-05-30,Antioquia,Marketplace,Café,Café en grano 1kg,L. Gómez,20,28800.0,0.15,489600.0,3.7
2026-06-14,Valle del Cauca,Tienda física,Café,Cápsulas x20,A. Rojas,15,31500.0,0.0,472500.0,4.7
2025-10-05,Eje Cafetero,Tienda física,Bebidas,Jugo natural 1L,D. Mejía,5,6800.0,0.05,32300.0,3.7
2026-06-07,Atlántico,Marketplace,Bebidas,Té frío 500ml,D. Mejía,7,7400.0,0.0,51800.0,4.6
2025-09-02,Santander,E-commerce,Cuidado,Crema corporal,D. Mejía,12,23300.0,0.1,251640.0,4.5
2026-04-02,Antioquia,Distribuidor,Café,Café molido 500g,S. Vargas,19,27400.0,0.15,442510.0,4.0
2025-12-29,Valle del Cauca,Distribuidor,Café,Café en grano 1kg,S. Vargas,15,36700.0,0.05,522975.0,2.9
2025-11-23,Bogotá,Tienda física,Bebidas,Té frío 500ml,J. Peña,8,10200.0,0.0,81600.0,4.3
2025-09-07,Antioquia,E-commerce,Bebidas,Jugo natural 1L,J. Peña,12,7600.0,0.0,91200.0,3.0
2025-12-30,Atlántico,Distribuidor,Cuidado,Crema corporal,L. Gómez,11,25800.0,0.15,241230.0,2.9
2025-12-09,Antioquia,Tienda física,Bebidas,Té frío 500ml,M. Torres,14,8100.0,0.05,107730.0,4.2
2026-02-27,Santander,E-commerce,Bebidas,Agua saborizada,L. Gómez,13,7000.0,0.0,91000.0,4.8
2026-05-14,Eje Cafetero,Tienda física,Snacks,Barra de cereal,M. Torres,15,8600.0,0.0,129000.0,4.3
2025-09-12,Atlántico,Marketplace,Snacks,Mix de frutos secos,C. Ramírez,9,9800.0,0.15,74970.0,3.0
2026-04-22,Bogotá,E-commerce,Cuidado,Shampoo sólido,J. Peña,13,26700.0,0.0,347100.0,4.2
2025-08-31,Atlántico,Distribuidor,Bebidas,Té frío 500ml,D. Mejía,27,6100.0,0.15,139995.0,4.3
2025-12-01,Bogotá,E-commerce,Cuidado,Shampoo sólido,D. Mejía,17,34000.0,0.05,549100.0,3.9
2026-01-17,Atlántico,E-commerce,Bebidas,Agua saborizada,D. Mejía,20,7200.0,0.0,144000.0,3.2
2026-04-08,Bogotá,Marketplace,Bebidas,Té frío 500ml,A. Rojas,17,9300.0,0.0,158100.0,3.7
2026-08-06,Santander,E-commerce,Snacks,Chips de plátano,M. Torres,23,11100.0,0.0,255300.0,2.9
2025-09-16,Valle del Cauca,Marketplace,Snacks,Barra de cereal,M. Torres,18,9000.0,0.05,153900.0,4.9
2025-10-08,Bogotá,E-commerce,Café,Cápsulas x20,D. Mejía,10,42400.0,0.1,381600.0,3.7
2025-12-21,Antioquia,Marketplace,Snacks,Chips de plátano,A. Rojas,8,11800.0,0.0,94400.0,4.6
2025-08-08,Eje Cafetero,Distribuidor,Snacks,Chips de plátano,,4,9500.0,0.0,38000.0,2.9
2026-04-05,Valle del Cauca,E-commerce,Bebidas,Agua saborizada,C. Ramírez,14,6700.0,0.0,93800.0,4.8
2025-10-12,Antioquia,Tienda física,Café,Café en grano 1kg,M. Torres,20,27600.0,0.0,552000.0,3.0
2025-10-17,Valle del Cauca,E-commerce,Snacks,Mix de frutos secos,J. Peña,21,9600.0,0.0,201600.0,3.2
2025-08-24,Eje Cafetero,E-commerce,Snacks,Barra de cereal,J. Peña,11,9000.0,0.1,89100.0,3.6
2026-04-18,Bogotá,Marketplace,Snacks,Barra de cereal,J. Peña,14,11100.0,0.0,155400.0,2.9
2025-11-12,Santander,E-commerce,Café,Cápsulas x20,C. Ramírez,31,43600.0,0.05,1284020.0,3.0
2026-05-16,Valle del Cauca,Marketplace,Café,Café molido 500g,D. Mejía,20,29500.0,0.0,590000.0,3.4
2026-01-30,Eje Cafetero,Tienda física,Bebidas,Té frío 500ml,C. Ramírez,12,6800.0,0.15,69360.0,2.9
2026-02-05,Bogotá,Distribuidor,Bebidas,Agua saborizada,J. Peña,1,7300.0,0.0,7300.0,3.7
2026-04-28,Eje Cafetero,Marketplace,Café,Café en grano 1kg,C. Ramírez,6,26800.0,0.1,144720.0,5.0
2026-04-11,Valle del Cauca,Tienda física,Bebidas,Jugo natural 1L,A. Rojas,31,6900.0,0.1,192510.0,3.1
2026-04-04,Antioquia,Distribuidor,Cuidado,Jabón artesanal,M. Torres,24,20100.0,0.05,458280.0,4.7
2026-04-25,Valle del Cauca,Marketplace,Snacks,Chips de plátano,C. Ramírez,16,9600.0,0.05,145920.0,4.0
2026-01-01,Santander,E-commerce,Café,Café en grano 1kg,D. Mejía,14,28300.0,0.15,336770.0,4.7
2025-08-24,Eje Cafetero,Marketplace,Cuidado,Shampoo sólido,C. Ramírez,16,19400.0,0.0,310400.0,3.8
2026-01-25,Valle del Cauca,Tienda física,Café,Café molido 500g,L. Gómez,3,26800.0,0.05,76380.0,3.9
2026-07-20,Atlántico,Distribuidor,Snacks,Chips de plátano,S. Vargas,5,9700.0,0.0,48500.0,4.1
2026-05-13,Atlántico,Marketplace,Snacks,Barra de cereal,M. Torres,20,8300.0,0.0,166000.0,2.9
2026-06-23,Antioquia,Marketplace,Cuidado,Crema corporal,J. Peña,2,17400.0,0.05,33060.0,3.9
2026-03-14,Eje Cafetero,Marketplace,Snacks,Chips de plátano,A. Rojas,1,9900.0,0.0,9900.0,3.9
2025-11-26,Eje Cafetero,Tienda física,Cuidado,Jabón artesanal,J. Peña,3,23800.0,0.0,71400.0,3.2
2025-09-06,Santander,E-commerce,Bebidas,Agua saborizada,S. Vargas,16,6800.0,0.05,103360.0,3.3
2026-04-20,Atlántico,Tienda física,Cuidado,Crema corporal,J. Peña,14,17800.0,0.0,249200.0,3.8
2026-01-29,Santander,Marketplace,Café,Café en grano 1kg,C. Ramírez,12,26700.0,0.0,320400.0,3.8
2025-12-17,Bogotá,Tienda física,Cuidado,Shampoo sólido,C. Ramírez,11,32200.0,0.0,354200.0,3.8
2026-06-05,Antioquia,Marketplace,Bebidas,Agua saborizada,S. Vargas,18,6900.0,0.0,124200.0,3.3
2026-04-18,Santander,Marketplace,Snacks,Barra de cereal,M. Torres,12,9800.0,0.0,117600.0,2.9
2026-01-02,Antioquia,Distribuidor,Bebidas,Jugo natural 1L,A. Rojas,21,6700.0,0.05,133665.0,3.9
2026-07-29,Eje Cafetero,E-commerce,Café,Café molido 500g,M. Torres,12,33000.0,0.0,396000.0,3.1
2026-03-26,Antioquia,Marketplace,Cuidado,Jabón artesanal,S. Vargas,13,18100.0,0.0,235300.0,4.1
2026-01-02,Atlántico,E-commerce,Bebidas,Jugo natural 1L,A. Rojas,15,7800.0,0.0,117000.0,4.6
2025-11-20,Atlántico,Marketplace,Bebidas,Té frío 500ml,D. Mejía,1,9700.0,0.0,9700.0,3.2
2025-08-08,Valle del Cauca,E-commerce,Bebidas,Agua saborizada,D. Mejía,10,7400.0,0.05,70300.0,2.9
2025-10-07,Santander,Marketplace,Café,Cápsulas x20,L. Gómez,6,25900.0,0.1,139860.0,3.0
2026-02-16,Valle del Cauca,Marketplace,Snacks,Barra de cereal,C. Ramírez,19,9200.0,0.0,174800.0,3.8
2025-09-03,Valle del Cauca,Marketplace,Snacks,Barra de cereal,C. Ramírez,13,9600.0,0.05,118560.0,4.8
2026-04-23,Eje Cafetero,Tienda física,Bebidas,Té frío 500ml,D. Mejía,25,6400.0,0.05,152000.0,3.7
2026-01-25,Atlántico,E-commerce,Bebidas,Agua saborizada,D. Mejía,31,8100.0,0.05,238545.0,4.2
2025-12-04,Antioquia,Marketplace,Cuidado,Shampoo sólido,J. Peña,15,26800.0,0.05,381900.0,3.7
2026-04-16,Antioquia,Tienda física,Snacks,Mix de frutos secos,C. Ramírez,18,8700.0,0.0,156600.0,4.7
2025-09-28,Eje Cafetero,Tienda física,Bebidas,Té frío 500ml,J. Peña,6,6300.0,0.0,37800.0,4.2
2025-12-01,Antioquia,E-commerce,Snacks,Barra de cereal,D. Mejía,1,15300.0,0.1,13770.0,4.2
2026-07-17,Eje Cafetero,E-commerce,Café,Café molido 500g,D. Mejía,3,32300.0,0.1,87210.0,3.6
2025-11-04,Santander,E-commerce,Snacks,Chips de plátano,J. Peña,13,12300.0,0.1,143910.0,4.9
2025-08-12,Antioquia,Marketplace,Snacks,Mix de frutos secos,A. Rojas,14,8200.0,0.0,114800.0,3.9
2026-07-17,Valle del Cauca,Tienda física,Cuidado,Shampoo sólido,L. Gómez,16,20000.0,0.15,272000.0,4.2
2025-10-25,Santander,Marketplace,Snacks,Chips de plátano,J. Peña,20,9800.0,0.0,196000.0,2.8
2025-10-25,Atlántico,Distribuidor,Cuidado,Shampoo sólido,J. Peña,21,18000.0,0.0,378000.0,3.8
2026-02-08,Antioquia,E-commerce,Cuidado,Crema corporal,A. Rojas,13,19800.0,0.15,218790.0,3.6
2025-12-30,Antioquia,Marketplace,Café,Café molido 500g,A. Rojas,23,36900.0,0.15,721395.0,3.3
2025-10-05,Santander,Distribuidor,Café,Café en grano 1kg,A. Rojas,27,27400.0,0.1,665820.0,4.5
2025-09-01,Antioquia,Distribuidor,Café,Café molido 500g,J. Peña,9,25500.0,0.05,218025.0,3.3
2026-06-07,Eje Cafetero,Distribuidor,Snacks,Chips de plátano,C. Ramírez,19,9400.0,0.15,151810.0,3.3
2026-06-06,Valle del Cauca,Marketplace,Bebidas,Agua saborizada,A. Rojas,10,7100.0,0.0,71000.0,4.1
2026-07-31,Santander,Marketplace,Snacks,Chips de plátano,C. Ramírez,11,10100.0,0.1,99990.0,3.1
2026-07-09,Antioquia,Distribuidor,Café,Café en grano 1kg,M. Torres,10,26700.0,0.0,267000.0,4.9
2026-01-16,Eje Cafetero,Marketplace,Cuidado,Shampoo sólido,S. Vargas,1,20000.0,0.0,20000.0,4.6
2026-02-27,Eje Cafetero,Tienda física,Bebidas,Agua saborizada,A. Rojas,10,7200.0,0.1,64800.0,3.7
2025-08-12,Atlántico,Distribuidor,Cuidado,Jabón artesanal,S. Vargas,18,18500.0,0.15,283050.0,4.3
2026-08-02,Antioquia,E-commerce,Snacks,Mix de frutos secos,S. Vargas,21,11100.0,0.0,233100.0,3.9
2025-12-18,Santander,Distribuidor,Snacks,Barra de cereal,C. Ramírez,3,13800.0,0.05,39330.0,3.3
2025-10-05,Antioquia,Distribuidor,Cuidado,Crema corporal,C. Ramírez,12,17600.0,0.15,179520.0,3.7
2026-01-04,Santander,Tienda física,Snacks,Chips de plátano,D. Mejía,13,8800.0,0.1,102960.0,3.3
2026-02-16,Valle del Cauca,Tienda física,Snacks,Mix de frutos secos,J. Peña,26,9300.0,0.0,241800.0,4.8
2026-04-16,Valle del Cauca,Marketplace,Cuidado,Crema corporal,C. Ramírez,17,19500.0,0.1,298350.0,4.7
2026-03-15,Atlántico,Marketplace,Snacks,Mix de frutos secos,M. Torres,18,9700.0,0.0,174600.0,
2026-02-07,Atlántico,Marketplace,Cuidado,Crema corporal,J. Peña,7,18500.0,0.0,129500.0,3.5
2026-06-30,Bogotá,Tienda física,Cuidado,Shampoo sólido,M. Torres,7,22300.0,0.0,156100.0,4.1
2026-06-02,Valle del Cauca,E-commerce,Cuidado,Crema corporal,D. Mejía,11,20100.0,0.0,221100.0,3.2
2025-11-11,Atlántico,Distribuidor,Café,Café molido 500g,C. Ramírez,21,40800.0,0.1,771120.0,4.9
2025-09-02,Valle del Cauca,Tienda física,Bebidas,Té frío 500ml,L. Gómez,14,6900.0,0.15,82110.0,3.1
2026-04-24,Atlántico,Distribuidor,Cuidado,Crema corporal,C. Ramírez,20,20000.0,0.0,400000.0,3.9
2026-05-27,Antioquia,E-commerce,Café,Café en grano 1kg,C. Ramírez,24,28900.0,0.05,658920.0,3.8
2025-09-11,Santander,Marketplace,Cuidado,Crema corporal,D. Mejía,12,17800.0,0.0,213600.0,3.4
2025-09-15,Bogotá,Marketplace,Snacks,Barra de cereal,S. Vargas,24,11200.0,0.0,268800.0,
2026-05-28,Eje Cafetero,Marketplace,Café,Café molido 500g,A. Rojas,14,26400.0,0.0,369600.0,4.1
2026-01-05,Eje Cafetero,E-commerce,Cuidado,Crema corporal,J. Peña,8,19500.0,0.0,156000.0,3.6
2026-06-28,Antioquia,Marketplace,Bebidas,Agua saborizada,S. Vargas,27,6500.0,0.0,175500.0,3.6
2026-03-28,Antioquia,Tienda física,Snacks,Mix de frutos secos,A. Rojas,16,8700.0,0.0,139200.0,3.9
2026-05-25,Valle del Cauca,Tienda física,Cuidado,Shampoo sólido,C. Ramírez,5,17700.0,0.0,88500.0,3.8
2026-06-15,Valle del Cauca,Distribuidor,Cuidado,Crema corporal,L. Gómez,3,20400.0,0.0,61200.0,3.4
2026-01-04,Antioquia,Tienda física,Café,Café en grano 1kg,L. Gómez,9,30700.0,0.0,276300.0,4.3
2026-03-11,Santander,Distribuidor,Snacks,Chips de plátano,S. Vargas,1,9200.0,0.1,8280.0,3.2
2025-08-16,Valle del Cauca,Tienda física,Snacks,Chips de plátano,C. Ramírez,19,9200.0,0.15,148580.0,3.2
2026-06-25,Atlántico,E-commerce,Cuidado,Jabón artesanal,S. Vargas,9,21100.0,0.0,189900.0,5.0
2025-12-12,Bogotá,Distribuidor,Café,Café en grano 1kg,L. Gómez,9,51200.0,0.0,460800.0,3.3
2026-06-27,Atlántico,Distribuidor,Bebidas,Té frío 500ml,S. Vargas,6,6800.0,0.05,38760.0,3.3
2025-09-03,Atlántico,E-commerce,Bebidas,Agua saborizada,D. Mejía,22,6900.0,0.0,151800.0,4.0
2026-08-01,Atlántico,Tienda física,Café,Café en grano 1kg,A. Rojas,4,26800.0,0.0,107200.0,3.1
2026-04-15,Atlántico,Tienda física,Bebidas,Jugo natural 1L,D. Mejía,10,6700.0,0.1,60300.0,3.0
2025-10-15,Santander,Marketplace,Snacks,Barra de cereal,M. Torres,10,9700.0,0.05,92150.0,5.0
2026-02-02,Eje Cafetero,Tienda física,Snacks,Mix de frutos secos,M. Torres,22,8400.0,0.0,184800.0,3.5
2026-07-16,Valle del Cauca,E-commerce,Café,Café en grano 1kg,M. Torres,9,31500.0,0.0,283500.0,4.4
2025-09-10,Eje Cafetero,E-commerce,Snacks,Chips de plátano,C. Ramírez,15,9500.0,0.0,142500.0,2.8
2026-05-13,Bogotá,E-commerce,Cuidado,Shampoo sólido,L. Gómez,12,26000.0,0.05,296400.0,3.8
2025-08-27,Valle del Cauca,Tienda física,Bebidas,Jugo natural 1L,D. Mejía,14,6900.0,0.05,91770.0,3.3
2025-11-26,Antioquia,Distribuidor,Cuidado,Jabón artesanal,A. Rojas,9,26200.0,0.05,224010.0,3.8
2026-05-23,Eje Cafetero,Distribuidor,Cuidado,Crema corporal,M. Torres,10,18700.0,0.05,177650.0,3.8
2026-05-05,Atlántico,Distribuidor,Cuidado,Shampoo sólido,J. Peña,13,18000.0,0.1,210600.0,3.4
2026-04-07,Bogotá,Distribuidor,Cuidado,Shampoo sólido,M. Torres,23,23000.0,0.0,529000.0,4.8
2026-01-10,Santander,E-commerce,Bebidas,Té frío 500ml,S. Vargas,21,7400.0,0.0,155400.0,4.2
2026-03-01,Antioquia,E-commerce,Bebidas,Jugo natural 1L,A. Rojas,10,7100.0,0.0,71000.0,3.9
2026-01-20,Atlántico,Tienda física,Cuidado,Shampoo sólido,D. Mejía,16,18800.0,0.05,285760.0,3.9
2025-11-13,Bogotá,Marketplace,Cuidado,Shampoo sólido,A. Rojas,18,29300.0,0.1,474660.0,4.0
2026-03-07,Bogotá,Marketplace,Café,Café molido 500g,M. Torres,16,38700.0,0.0,619200.0,4.3
2026-06-09,Atlántico,E-commerce,Café,Cápsulas x20,A. Rojas,9,35100.0,0.1,284310.0,3.4
2026-04-01,Bogotá,Distribuidor,Cuidado,Jabón artesanal,L. Gómez,12,23900.0,0.0,286800.0,3.5
2025-09-13,Atlántico,Tienda física,Cuidado,Crema corporal,A. Rojas,10,18300.0,0.05,173850.0,4.6
2026-03-30,Valle del Cauca,Distribuidor,Café,Café en grano 1kg,C. Ramírez,6,31300.0,0.0,187800.0,4.3
2025-10-03,Antioquia,E-commerce,Café,Café molido 500g,M. Torres,1,30700.0,0.05,29165.0,4.9
2026-07-21,Santander,Marketplace,Café,Café molido 500g,M. Torres,7,29100.0,0.15,173145.0,4.1
2025-10-19,Antioquia,Marketplace,Café,Café en grano 1kg,J. Peña,8,28500.0,0.1,205200.0,4.5
2026-03-14,Antioquia,Marketplace,Cuidado,Crema corporal,S. Vargas,1,18900.0,0.0,18900.0,4.1
2026-07-26,Bogotá,E-commerce,Cuidado,Shampoo sólido,M. Torres,18,26300.0,0.0,473400.0,3.7
2026-03-01,Valle del Cauca,Marketplace,Bebidas,Agua saborizada,J. Peña,7,6100.0,0.1,38430.0,3.5
2026-03-08,Valle del Cauca,Marketplace,Cuidado,Crema corporal,D. Mejía,8,20400.0,0.0,163200.0,4.5
2026-07-21,Bogotá,Marketplace,Cuidado,Shampoo sólido,D. Mejía,5,24600.0,0.0,123000.0,3.5
2025-12-30,Bogotá,Marketplace,Café,Café molido 500g,A. Rojas,10,49300.0,0.0,493000.0,4.9
2026-06-23,Antioquia,Tienda física,Snacks,Mix de frutos secos,D. Mejía,1,9900.0,0.15,8415.0,4.7
2025-12-28,Eje Cafetero,E-commerce,Bebidas,Té frío 500ml,D. Mejía,17,10100.0,0.1,154530.0,3.5
2025-09-15,Antioquia,Distribuidor,Café,Cápsulas x20,D. Mejía,23,29100.0,0.1,602370.0,3.7
2025-11-27,Valle del Cauca,Distribuidor,Snacks,Chips de plátano,A. Rojas,16,13600.0,0.0,217600.0,3.2
2026-06-20,Antioquia,Tienda física,Bebidas,Té frío 500ml,D. Mejía,12,6700.0,0.0,80400.0,4.0
2026-01-28,Bogotá,E-commerce,Cuidado,Crema corporal,L. Gómez,31,27100.0,0.0,840100.0,4.3
2025-12-04,Bogotá,Marketplace,Snacks,Mix de frutos secos,L. Gómez,9,17300.0,0.0,155700.0,3.4
2025-12-12,Santander,Marketplace,Cuidado,Jabón artesanal,L. Gómez,17,26500.0,0.0,450500.0,4.2
2025-09-14,Eje Cafetero,Distribuidor,Cuidado,Crema corporal,C. Ramírez,20,18800.0,0.15,319600.0,4.8
2025-09-14,Santander,Tienda física,Bebidas,Té frío 500ml,M. Torres,19,7000.0,0.0,133000.0,3.2
2026-07-01,Santander,Distribuidor,Café,Cápsulas x20,S. Vargas,11,31700.0,0.0,348700.0,3.2
2026-07-05,Antioquia,Distribuidor,Snacks,Chips de plátano,A. Rojas,10,8800.0,0.1,79200.0,4.8
2025-09-23,Atlántico,E-commerce,Bebidas,Jugo natural 1L,S. Vargas,14,6900.0,0.1,86940.0,4.5
2025-12-21,Eje Cafetero,Marketplace,Snacks,Chips de plátano,A. Rojas,7,12100.0,0.05,80465.0,4.4
2025-12-16,Valle del Cauca,Marketplace,Café,Cápsulas x20,A. Rojas,2,38200.0,0.0,76400.0,
2026-07-27,Valle del Cauca,Marketplace,Snacks,Chips de plátano,J. Peña,13,8400.0,0.0,109200.0,4.0
2026-02-19,Atlántico,Tienda física,Bebidas,Jugo natural 1L,C. Ramírez,22,7500.0,0.0,165000.0,4.8
2025-08-28,Valle del Cauca,Tienda física,Bebidas,Té frío 500ml,J. Peña,28,6800.0,0.05,180880.0,3.3
2026-03-31,Valle del Cauca,E-commerce,Cuidado,Shampoo sólido,D. Mejía,22,19900.0,0.15,372130.0,4.2
2026-01-26,Valle del Cauca,Marketplace,Bebidas,Agua saborizada,M. Torres,7,7200.0,0.0,50400.0,4.1
2026-04-11,Valle del Cauca,E-commerce,Snacks,Chips de plátano,M. Torres,10,10500.0,0.0,105000.0,3.7
2026-07-12,Eje Cafetero,Distribuidor,Bebidas,Agua saborizada,C. Ramírez,12,7200.0,0.0,86400.0,4.4
2026-03-07,Antioquia,Tienda física,Snacks,Mix de frutos secos,M. Torres,28,9000.0,0.15,214200.0,4.4
2026-05-02,Bogotá,E-commerce,Bebidas,Jugo natural 1L,J. Peña,5,9500.0,0.05,45125.0,3.0
2025-08-11,Santander,Tienda física,Snacks,Barra de cereal,J. Peña,12,8800.0,0.1,95040.0,3.6
2026-07-05,Antioquia,E-commerce,Snacks,Mix de frutos secos,C. Ramírez,9,10500.0,0.0,94500.0,4.6
2026-07-27,Santander,Distribuidor,Cuidado,Jabón artesanal,A. Rojas,23,20700.0,0.15,404685.0,4.9
2026-04-23,Valle del Cauca,E-commerce,Bebidas,Jugo natural 1L,J. Peña,10,8100.0,0.05,76950.0,4.0
2025-11-07,Santander,Distribuidor,Snacks,Chips de plátano,J. Peña,13,11200.0,0.15,123760.0,4.8
2025-12-04,Santander,Tienda física,Cuidado,Jabón artesanal,S. Vargas,17,24200.0,0.15,349690.0,4.9
2025-12-24,Atlántico,Distribuidor,Café,Cápsulas x20,A. Rojas,1,42300.0,0.15,35955.0,4.2
2025-09-18,Valle del Cauca,E-commerce,Bebidas,Jugo natural 1L,S. Vargas,7,7900.0,0.0,55300.0,3.4
2025-12-22,Atlántico,Marketplace,Bebidas,Té frío 500ml,D. Mejía,28,8800.0,0.05,234080.0,3.8
2026-02-24,Valle del Cauca,Tienda física,Bebidas,Agua saborizada,A. Rojas,1,6300.0,0.05,5985.0,3.4
2026-07-10,Bogotá,Distribuidor,Café,Cápsulas x20,D. Mejía,4,39500.0,0.15,134300.0,4.3
2026-05-21,Atlántico,E-commerce,Cuidado,Jabón artesanal,D. Mejía,24,19500.0,0.15,397800.0,3.7
2026-07-02,Antioquia,Tienda física,Bebidas,Jugo natural 1L,S. Vargas,23,7000.0,0.15,136850.0,3.4
2026-06-01,Santander,Tienda física,Bebidas,Té frío 500ml,C. Ramírez,8,6000.0,0.1,43200.0,
2026-05-22,Valle del Cauca,Marketplace,Café,Café molido 500g,D. Mejía,16,28300.0,0.05,430160.0,4.8
2026-01-19,Atlántico,Marketplace,Bebidas,Té frío 500ml,J. Peña,18,6000.0,0.05,102600.0,4.6
2026-06-11,Antioquia,Marketplace,Bebidas,Jugo natural 1L,S. Vargas,16,6600.0,0.1,95040.0,4.6
2025-08-18,Valle del Cauca,Tienda física,Café,Café en grano 1kg,D. Mejía,1,28000.0,0.0,28000.0,3.8
2026-05-10,Atlántico,Marketplace,Cuidado,Shampoo sólido,D. Mejía,27,17200.0,0.1,417960.0,3.4
2026-05-31,Santander,E-commerce,Cuidado,Crema corporal,L. Gómez,13,23000.0,0.1,269100.0,3.7
2026-02-02,Santander,Marketplace,Café,Café en grano 1kg,S. Vargas,13,25400.0,0.15,280670.0,4.9
2025-12-26,Antioquia,Distribuidor,Café,Cápsulas x20,S. Vargas,2,38800.0,0.0,77600.0,
2026-07-12,Antioquia,Distribuidor,Café,Café molido 500g,M. Torres,6,28600.0,0.1,154440.0,3.5
2025-11-12,Antioquia,E-commerce,Cuidado,Crema corporal,L. Gómez,15,32200.0,0.15,410550.0,4.1
2026-05-31,Santander,Distribuidor,Snacks,Mix de frutos secos,C. Ramírez,1,8700.0,0.15,7395.0,4.9
2026-03-13,Antioquia,Distribuidor,Cuidado,Jabón artesanal,C. Ramírez,13,20800.0,0.0,270400.0,5.0
2026-02-15,Eje Cafetero,Tienda física,Bebidas,Té frío 500ml,A. Rojas,21,7300.0,0.0,153300.0,2.8
2025-11-07,Bogotá,E-commerce,Cuidado,Shampoo sólido,A. Rojas,20,32200.0,0.0,644000.0,3.2
2025-08-29,Eje Cafetero,Distribuidor,Cuidado,Crema corporal,M. Torres,13,21600.0,0.05,266760.0,4.0
2025-08-29,Antioquia,Distribuidor,Snacks,Chips de plátano,D. Mejía,15,9900.0,0.0,148500.0,4.7
2026-06-17,Valle del Cauca,E-commerce,Bebidas,Agua saborizada,L. Gómez,17,8100.0,0.0,137700.0,3.9
2025-08-30,Antioquia,Marketplace,Bebidas,Té frío 500ml,A. Rojas,17,7400.0,0.05,119510.0,
2026-01-26,Santander,Distribuidor,Bebidas,Agua saborizada,D. Mejía,22,6600.0,0.0,145200.0,3.5
2026-03-28,Valle del Cauca,E-commerce,Cuidado,Jabón artesanal,C. Ramírez,14,21000.0,0.0,294000.0,4.1
2025-12-27,Santander,Tienda física,Snacks,Chips de plátano,,13,13500.0,0.0,175500.0,5.0
2025-12-14,Antioquia,Distribuidor,Café,Cápsulas x20,S. Vargas,5,35300.0,0.05,167675.0,3.6
2025-10-17,Atlántico,Tienda física,Cuidado,Crema corporal,S. Vargas,12,18400.0,0.15,187680.0,3.3
2026-03-11,Bogotá,Distribuidor,Snacks,Mix de frutos secos,M. Torres,12,11100.0,0.15,113220.0,3.3
2026-01-08,Santander,Tienda física,Café,Cápsulas x20,S. Vargas,23,25600.0,0.15,500480.0,2.9
2025-08-14,Bogotá,Tienda física,Café,Cápsulas x20,L. Gómez,18,33400.0,0.0,601200.0,4.9
2026-02-10,Santander,E-commerce,Café,Café molido 500g,L. Gómez,8,33900.0,0.0,271200.0,2.9
2026-01-06,Valle del Cauca,Tienda física,Snacks,Barra de cereal,L. Gómez,20,8200.0,0.1,147600.0,3.9
2026-07-26,Eje Cafetero,E-commerce,Café,Café en grano 1kg,S. Vargas,17,28700.0,0.1,439110.0,3.9
2025-08-09,Bogotá,Tienda física,Bebidas,Agua saborizada,M. Torres,24,9200.0,0.0,220800.0,2.9
2025-12-06,Santander,E-commerce,Bebidas,Agua saborizada,D. Mejía,17,9700.0,0.1,148410.0,4.2
2026-02-25,Atlántico,Marketplace,Snacks,Barra de cereal,S. Vargas,12,9200.0,0.15,93840.0,3.5
2025-09-30,Antioquia,Distribuidor,Café,Café molido 500g,C. Ramírez,9,30200.0,0.05,258210.0,4.9
2025-12-19,Santander,Marketplace,Bebidas,Agua saborizada,J. Peña,9,9900.0,0.0,89100.0,4.4
2025-11-10,Atlántico,Tienda física,Snacks,Barra de cereal,D. Mejía,14,11100.0,0.0,155400.0,3.6
2026-04-20,Antioquia,Distribuidor,Snacks,Chips de plátano,S. Vargas,13,10100.0,0.0,131300.0,4.9
2025-12-15,Antioquia,E-commerce,Cuidado,Shampoo sólido,J. Peña,21,27900.0,0.0,585900.0,3.8
2025-11-26,Eje Cafetero,Distribuidor,Café,Cápsulas x20,S. Vargas,1,36500.0,0.1,32850.0,3.5
2025-08-13,Atlántico,Tienda física,Cuidado,Shampoo sólido,A. Rojas,1,18300.0,0.0,18300.0,3.7
2026-03-19,Antioquia,Distribuidor,Bebidas,Agua saborizada,S. Vargas,20,5900.0,0.0,118000.0,
2026-03-13,Bogotá,Marketplace,Bebidas,Jugo natural 1L,J. Peña,12,8000.0,0.0,96000.0,3.2
2025-12-12,Atlántico,Distribuidor,Snacks,Barra de cereal,C. Ramírez,21,13700.0,0.0,287700.0,3.4
2025-11-06,Valle del Cauca,Distribuidor,Snacks,Barra de cereal,D. Mejía,7,12600.0,0.1,79380.0,5.0
2025-11-10,Santander,Distribuidor,Bebidas,Agua saborizada,S. Vargas,20,8400.0,0.0,168000.0,3.6
2026-05-06,Bogotá,Marketplace,Snacks,Mix de frutos secos,J. Peña,10,12600.0,0.15,107100.0,2.8
2026-04-21,Valle del Cauca,Distribuidor,Cuidado,Jabón artesanal,C. Ramírez,23,20500.0,0.1,424350.0,3.2
2026-02-15,Eje Cafetero,Marketplace,Cuidado,Crema corporal,A. Rojas,15,21300.0,0.0,319500.0,3.6
2026-07-08,Eje Cafetero,Marketplace,Café,Café en grano 1kg,D. Mejía,20,27400.0,0.0,548000.0,3.7
2025-09-23,Antioquia,E-commerce,Bebidas,Agua saborizada,,10,7600.0,0.0,76000.0,3.6
2026-03-18,Antioquia,Marketplace,Bebidas,Jugo natural 1L,D. Mejía,5,6400.0,0.15,27200.0,3.0
2025-09-28,Santander,Marketplace,Snacks,Barra de cereal,L. Gómez,21,8600.0,0.0,180600.0,3.4
2026-06-29,Eje Cafetero,Tienda física,Snacks,Mix de frutos secos,L. Gómez,12,9300.0,0.0,111600.0,
2025-10-06,Santander,Distribuidor,Snacks,Chips de plátano,S. Vargas,11,8200.0,0.0,90200.0,2.8
2025-08-16,Valle del Cauca,Marketplace,Bebidas,Jugo natural 1L,D. Mejía,12,7000.0,0.15,71400.0,4.5
2025-11-12,Santander,E-commerce,Café,Café en grano 1kg,D. Mejía,14,41200.0,0.15,490280.0,3.1
2025-10-22,Antioquia,Distribuidor,Café,Cápsulas x20,S. Vargas,17,27700.0,0.0,470900.0,3.2
2026-06-12,Valle del Cauca,E-commerce,Café,Café en grano 1kg,J. Peña,13,32900.0,0.1,384930.0,5.0
2025-10-31,Bogotá,Distribuidor,Cuidado,Shampoo sólido,J. Peña,3,26700.0,0.0,80100.0,4.5
2026-02-10,Bogotá,E-commerce,Café,Café en grano 1kg,S. Vargas,8,43100.0,0.05,327560.0,3.5
2026-03-31,Bogotá,E-commerce,Café,Café molido 500g,M. Torres,12,40900.0,0.05,466260.0,3.9
2026-02-03,Atlántico,Tienda física,Bebidas,Agua saborizada,J. Peña,9,7100.0,0.1,57510.0,5.0
2026-05-14,Valle del Cauca,E-commerce,Bebidas,Jugo natural 1L,D. Mejía,15,7200.0,0.0,108000.0,4.1
2025-11-18,Santander,Tienda física,Snacks,Chips de plátano,L. Gómez,6,12500.0,0.0,75000.0,4.0
2025-11-09,Eje Cafetero,Marketplace,Bebidas,Jugo natural 1L,A. Rojas,17,8000.0,0.0,136000.0,3.5
2026-01-04,Atlántico,Marketplace,Snacks,Chips de plátano,C. Ramírez,5,8700.0,0.15,36975.0,4.7
2025-09-29,Valle del Cauca,E-commerce,Snacks,Chips de plátano,C. Ramírez,7,9200.0,0.0,64400.0,4.2
2026-03-17,Atlántico,Distribuidor,Snacks,Barra de cereal,L. Gómez,9,10200.0,0.05,87210.0,4.2
2026-02-20,Atlántico,E-commerce,Snacks,Barra de cereal,M. Torres,21,9000.0,0.05,179550.0,3.6
2026-01-24,Antioquia,Marketplace,Café,Café molido 500g,C. Ramírez,10,28300.0,0.0,283000.0,4.1
2026-03-28,Santander,Tienda física,Snacks,Mix de frutos secos,D. Mejía,14,10300.0,0.0,144200.0,3.2
2026-04-21,Santander,E-commerce,Snacks,Barra de cereal,C. Ramírez,16,9900.0,0.05,150480.0,3.0
2025-12-15,Valle del Cauca,Tienda física,Bebidas,Té frío 500ml,C. Ramírez,17,9200.0,0.0,156400.0,
2025-12-24,Atlántico,Distribuidor,Café,Café en grano 1kg,A. Rojas,22,34900.0,0.15,652630.0,4.9
2025-11-10,Antioquia,E-commerce,Café,Cápsulas x20,C. Ramírez,19,39700.0,0.0,754300.0,3.0
2026-07-27,Valle del Cauca,E-commerce,Bebidas,Jugo natural 1L,D. Mejía,12,7700.0,0.0,92400.0,3.2
2026-06-18,Atlántico,Distribuidor,Cuidado,Jabón artesanal,C. Ramírez,18,21400.0,0.0,385200.0,5.0
2025-08-16,Atlántico,Distribuidor,Snacks,Barra de cereal,S. Vargas,3,8400.0,0.1,22680.0,2.9
2025-12-07,Eje Cafetero,Distribuidor,Café,Cápsulas x20,D. Mejía,23,38100.0,0.0,876300.0,4.3
2026-07-07,Antioquia,E-commerce,Snacks,Barra de cereal,C. Ramírez,12,10800.0,0.0,129600.0,3.2
2025-08-26,Santander,E-commerce,Bebidas,Té frío 500ml,A. Rojas,29,7500.0,0.0,217500.0,4.6
2026-07-21,Bogotá,Tienda física,Bebidas,Agua saborizada,J. Peña,1,8700.0,0.0,8700.0,
2025-08-28,Atlántico,Marketplace,Cuidado,Jabón artesanal,A. Rojas,9,21000.0,0.0,189000.0,5.0
2026-06-12,Santander,E-commerce,Snacks,Chips de plátano,S. Vargas,12,10300.0,0.15,105060.0,3.0
2025-08-11,Bogotá,Marketplace,Cuidado,Crema corporal,A. Rojas,17,25600.0,0.1,391680.0,4.9
2025-12-11,Atlántico,Distribuidor,Bebidas,Jugo natural 1L,S. Vargas,9,8600.0,0.0,77400.0,3.6
2026-03-16,Valle del Cauca,Marketplace,Bebidas,Jugo natural 1L,S. Vargas,10,6300.0,0.0,63000.0,4.4
2026-01-26,Eje Cafetero,Marketplace,Café,Café molido 500g,M. Torres,12,27900.0,0.05,318060.0,4.1
2026-03-14,Eje Cafetero,Distribuidor,Cuidado,Crema corporal,L. Gómez,16,18400.0,0.1,264960.0,4.8
2025-10-03,Bogotá,Distribuidor,Snacks,Chips de plátano,D. Mejía,23,12600.0,0.0,289800.0,3.2
2026-05-15,Valle del Cauca,Distribuidor,Snacks,Chips de plátano,L. Gómez,17,10000.0,0.15,144500.0,
2025-10-25,Bogotá,Tienda física,Bebidas,Agua saborizada,J. Peña,15,8200.0,0.15,104550.0,4.8
2025-12-31,Antioquia,Distribuidor,Bebidas,Té frío 500ml,J. Peña,19,9200.0,0.05,166060.0,3.2
2025-08-08,Antioquia,E-commerce,Café,Café en grano 1kg,C. Ramírez,14,29100.0,0.0,407400.0,4.2
2026-04-21,Bogotá,Distribuidor,Bebidas,Té frío 500ml,J. Peña,16,8300.0,0.0,132800.0,3.8
2026-07-17,Bogotá,Tienda física,Cuidado,Crema corporal,C. Ramírez,9,21900.0,0.0,197100.0,4.6
2025-09-07,Antioquia,E-commerce,Café,Café molido 500g,D. Mejía,6,32800.0,0.0,196800.0,4.0
2025-11-05,Antioquia,Distribuidor,Cuidado,Shampoo sólido,S. Vargas,18,25800.0,0.0,464400.0,3.0
2026-01-08,Santander,E-commerce,Cuidado,Crema corporal,J. Peña,25,23200.0,0.15,493000.0,3.3
2026-03-18,Eje Cafetero,Distribuidor,Café,Café molido 500g,J. Peña,28,29400.0,0.05,782040.0,3.6
2026-05-14,Valle del Cauca,Distribuidor,Bebidas,Jugo natural 1L,S. Vargas,17,7100.0,0.0,120700.0,3.4
2026-01-27,Eje Cafetero,E-commerce,Snacks,Chips de plátano,S. Vargas,18,9400.0,0.0,169200.0,4.2
2026-01-16,Antioquia,Distribuidor,Café,Cápsulas x20,J. Peña,14,28300.0,0.0,396200.0,4.9
2026-04-27,Eje Cafetero,Marketplace,Snacks,Barra de cereal,J. Peña,17,10200.0,0.0,173400.0,4.5
2026-03-08,Bogotá,Tienda física,Café,Cápsulas x20,D. Mejía,9,35500.0,0.0,319500.0,3.7
2025-11-03,Atlántico,E-commerce,Cuidado,Crema corporal,J. Peña,20,29000.0,0.1,522000.0,4.4
2025-11-27,Atlántico,E-commerce,Snacks,Barra de cereal,M. Torres,11,12900.0,0.1,127710.0,4.5
2026-02-15,Valle del Cauca,Distribuidor,Café,Café molido 500g,D. Mejía,8,31400.0,0.0,251200.0,3.5
2026-02-07,Santander,E-commerce,Bebidas,Jugo natural 1L,S. Vargas,13,7200.0,0.15,79560.0,3.4
2026-01-31,Atlántico,Tienda física,Bebidas,Té frío 500ml,J. Peña,14,7400.0,0.15,88060.0,3.9
2025-11-14,Atlántico,Marketplace,Snacks,Mix de frutos secos,J. Peña,15,11000.0,0.0,165000.0,3.8
2025-11-04,Bogotá,Distribuidor,Cuidado,Crema corporal,D. Mejía,7,33000.0,0.0,231000.0,3.3
2026-06-21,Santander,Distribuidor,Snacks,Mix de frutos secos,M. Torres,9,8800.0,0.1,71280.0,3.0
2026-07-24,Atlántico,Tienda física,Cuidado,Shampoo sólido,M. Torres,17,18500.0,0.0,314500.0,3.4
2025-08-23,Eje Cafetero,Marketplace,Snacks,Barra de cereal,A. Rojas,9,8600.0,0.15,65790.0,3.0
2026-03-02,Antioquia,Distribuidor,Café,Cápsulas x20,M. Torres,16,31600.0,0.1,455040.0,2.8
2025-12-22,Valle del Cauca,E-commerce,Bebidas,Jugo natural 1L,M. Torres,1,9400.0,0.1,8460.0,4.1
2025-08-11,Antioquia,E-commerce,Café,Café molido 500g,S. Vargas,25,34700.0,0.1,780750.0,4.9
2025-10-20,Antioquia,E-commerce,Café,Café en grano 1kg,M. Torres,18,29200.0,0.05,499320.0,4.0
2026-07-25,Santander,Distribuidor,Bebidas,Té frío 500ml,S. Vargas,16,7100.0,0.05,107920.0,3.3
2026-07-10,Santander,E-commerce,Cuidado,Crema corporal,C. Ramírez,17,23600.0,0.1,361080.0,4.6
2026-03-19,Antioquia,Distribuidor,Bebidas,Agua saborizada,A. Rojas,21,7200.0,0.05,143640.0,4.8
2025-11-24,Eje Cafetero,Distribuidor,Bebidas,Jugo natural 1L,J. Peña,1,8200.0,0.15,6970.0,4.0
2025-11-17,Santander,Marketplace,Snacks,Chips de plátano,,3,12000.0,0.15,30600.0,4.8
2026-07-28,Bogotá,E-commerce,Snacks,Barra de cereal,A. Rojas,21,12100.0,0.05,241395.0,3.1
2026-01-21,Bogotá,Distribuidor,Café,Cápsulas x20,S. Vargas,15,31500.0,0.0,472500.0,2.9
2025-09-13,Eje Cafetero,Distribuidor,Snacks,Mix de frutos secos,M. Torres,10,9400.0,0.1,84600.0,4.6
2025-12-24,Eje Cafetero,Marketplace,Café,Café molido 500g,M. Torres,16,40800.0,0.1,587520.0,3.2
2025-11-16,Bogotá,Marketplace,Bebidas,Jugo natural 1L,L. Gómez,9,10100.0,0.1,81810.0,4.6
2026-01-08,Antioquia,E-commerce,Café,Café molido 500g,M. Torres,9,28100.0,0.0,252900.0,3.9
2026-05-05,Atlántico,Distribuidor,Cuidado,Shampoo sólido,M. Torres,25,20700.0,0.0,517500.0,3.1
2025-12-02,Atlántico,Distribuidor,Café,Café en grano 1kg,J. Peña,14,35700.0,0.0,499800.0,2.8
2025-10-04,Antioquia,Tienda física,Cuidado,Jabón artesanal,S. Vargas,15,18900.0,0.15,240975.0,4.3
2025-08-23,Santander,Marketplace,Café,Café en grano 1kg,A. Rojas,18,29300.0,0.0,527400.0,4.7
2025-11-06,Santander,Marketplace,Bebidas,Jugo natural 1L,S. Vargas,19,8600.0,0.0,163400.0,4.5
2026-06-05,Santander,E-commerce,Cuidado,Shampoo sólido,M. Torres,23,21200.0,0.15,414460.0,5.0
2026-02-22,Eje Cafetero,Marketplace,Café,Café en grano 1kg,J. Peña,7,30100.0,0.0,210700.0,4.9
2026-03-03,Bogotá,Marketplace,Snacks,Mix de frutos secos,L. Gómez,11,12500.0,0.0,137500.0,4.6
2026-03-12,Atlántico,Tienda física,Cuidado,Shampoo sólido,A. Rojas,15,20000.0,0.0,300000.0,4.0
2026-01-06,Atlántico,Tienda física,Snacks,Barra de cereal,D. Mejía,2,9700.0,0.15,16490.0,4.7
2026-05-08,Eje Cafetero,Distribuidor,Cuidado,Jabón artesanal,J. Peña,14,21000.0,0.0,294000.0,4.6
2025-08-08,Valle del Cauca,Tienda física,Snacks,Mix de frutos secos,C. Ramírez,11,8700.0,0.0,95700.0,4.8
2026-03-04,Antioquia,Marketplace,Bebidas,Agua saborizada,D. Mejía,25,6100.0,0.0,152500.0,4.1
2026-01-06,Santander,Tienda física,Bebidas,Jugo natural 1L,S. Vargas,12,6900.0,0.0,82800.0,4.5
2025-09-03,Eje Cafetero,Distribuidor,Café,Café molido 500g,A. Rojas,18,31400.0,0.0,565200.0,3.9
2025-09-30,Bogotá,Distribuidor,Cuidado,Jabón artesanal,C. Ramírez,32,25000.0,0.0,800000.0,3.7
2025-08-14,Antioquia,Distribuidor,Cuidado,Shampoo sólido,S. Vargas,2,18900.0,0.1,34020.0,4.4
2026-07-26,Santander,Marketplace,Snacks,Barra de cereal,L. Gómez,14,9900.0,0.05,131670.0,4.3
2025-11-28,Eje Cafetero,Marketplace,Café,Café molido 500g,J. Peña,17,42000.0,0.0,714000.0,3.3
2026-06-03,Antioquia,E-commerce,Café,Café en grano 1kg,J. Peña,19,34400.0,0.15,555560.0,3.5
2026-02-06,Valle del Cauca,Distribuidor,Café,Café en grano 1kg,S. Vargas,14,29400.0,0.0,411600.0,3.9
2026-05-05,Atlántico,Marketplace,Snacks,Mix de frutos secos,L. Gómez,16,9200.0,0.05,139840.0,2.8
2026-03-03,Eje Cafetero,Tienda física,Bebidas,Té frío 500ml,J. Peña,15,6800.0,0.05,96900.0,5.0
2026-05-18,Valle del Cauca,E-commerce,Cuidado,Crema corporal,A. Rojas,15,22800.0,0.0,342000.0,3.2
2025-11-11,Atlántico,Distribuidor,Cuidado,Crema corporal,C. Ramírez,8,25800.0,0.0,206400.0,3.4
2026-03-04,Santander,Marketplace,Snacks,Barra de cereal,S. Vargas,10,9400.0,0.0,94000.0,3.0
2026-07-05,Atlántico,Distribuidor,Snacks,Barra de cereal,J. Peña,5,9200.0,0.0,46000.0,4.0
2026-04-12,Antioquia,Distribuidor,Cuidado,Jabón artesanal,J. Peña,12,19700.0,0.0,236400.0,4.1
2025-09-20,Santander,Tienda física,Snacks,Chips de plátano,C. Ramírez,6,9000.0,0.0,54000.0,3.6
2026-06-14,Bogotá,E-commerce,Café,Cápsulas x20,C. Ramírez,13,38300.0,0.1,448110.0,4.5
2025-08-21,Santander,Marketplace,Snacks,Chips de plátano,A. Rojas,5,8500.0,0.15,36125.0,4.7
2026-03-31,Eje Cafetero,Marketplace,Cuidado,Jabón artesanal,J. Peña,30,21300.0,0.0,639000.0,3.9
2026-01-21,Valle del Cauca,E-commerce,Snacks,Barra de cereal,A. Rojas,17,9100.0,0.1,139230.0,3.7
2026-05-06,Antioquia,Tienda física,Café,Cápsulas x20,A. Rojas,17,31400.0,0.0,533800.0,3.7
2026-04-26,Eje Cafetero,E-commerce,Café,Cápsulas x20,A. Rojas,31,30800.0,0.0,954800.0,4.9
2025-08-13,Bogotá,Tienda física,Bebidas,Té frío 500ml,D. Mejía,19,8700.0,0.0,165300.0,4.0
2026-04-29,Valle del Cauca,Marketplace,Snacks,Chips de plátano,J. Peña,1,9900.0,0.15,8415.0,4.2
2026-04-30,Valle del Cauca,Distribuidor,Café,Café molido 500g,L. Gómez,10,25800.0,0.0,258000.0,3.3
2026-06-27,Atlántico,E-commerce,Cuidado,Crema corporal,S. Vargas,18,20400.0,0.0,367200.0,3.4
2025-11-02,Bogotá,Tienda física,Snacks,Chips de plátano,A. Rojas,9,15400.0,0.0,138600.0,5.0
2026-02-13,Bogotá,E-commerce,Café,Café molido 500g,J. Peña,27,40500.0,0.0,1093500.0,3.4
2026-04-09,Atlántico,E-commerce,Snacks,Mix de frutos secos,M. Torres,13,10600.0,0.05,130910.0,4.5
2025-10-27,Bogotá,Distribuidor,Café,Café molido 500g,A. Rojas,11,32900.0,0.0,361900.0,3.6
2026-06-23,Antioquia,Marketplace,Snacks,Chips de plátano,A. Rojas,25,9900.0,0.15,210375.0,4.9
2025-09-27,Bogotá,Distribuidor,Cuidado,Shampoo sólido,J. Peña,11,25400.0,0.0,279400.0,2.8
2026-03-12,Atlántico,E-commerce,Snacks,Chips de plátano,C. Ramírez,14,9600.0,0.0,134400.0,4.9
2026-07-01,Bogotá,E-commerce,Snacks,Barra de cereal,C. Ramírez,24,11800.0,0.05,269040.0,4.6
2026-03-22,Santander,Distribuidor,Snacks,Barra de cereal,J. Peña,16,9700.0,0.0,155200.0,
2026-01-04,Santander,E-commerce,Bebidas,Té frío 500ml,A. Rojas,9,7900.0,0.0,71100.0,5.0
2026-02-17,Antioquia,Tienda física,Snacks,Mix de frutos secos,S. Vargas,12,9200.0,0.15,93840.0,3.8
2025-09-13,Eje Cafetero,Marketplace,Bebidas,Té frío 500ml,J. Peña,5,5900.0,0.0,29500.0,3.8
2026-05-02,Bogotá,Distribuidor,Cuidado,Crema corporal,M. Torres,9,23000.0,0.05,196650.0,3.9
2026-05-26,Eje Cafetero,Marketplace,Café,Café molido 500g,S. Vargas,18,25400.0,0.1,411480.0,3.3
2026-04-27,Eje Cafetero,Tienda física,Bebidas,Agua saborizada,L. Gómez,17,7100.0,0.1,108630.0,4.5
2026-06-25,Santander,Tienda física,Bebidas,Agua saborizada,M. Torres,29,7200.0,0.0,208800.0,3.3
2025-08-29,Santander,Tienda física,Bebidas,Jugo natural 1L,C. Ramírez,12,6800.0,0.0,81600.0,4.7
2026-05-09,Antioquia,Tienda física,Snacks,Chips de plátano,D. Mejía,11,8800.0,0.1,87120.0,3.1
2026-02-05,Atlántico,Tienda física,Café,Cápsulas x20,L. Gómez,18,32100.0,0.0,577800.0,3.2
2025-12-21,Atlántico,Tienda física,Cuidado,Shampoo sólido,L. Gómez,25,24300.0,0.0,607500.0,3.3
2026-04-03,Santander,E-commerce,Bebidas,Agua saborizada,A. Rojas,12,7000.0,0.0,84000.0,3.4
2026-03-07,Antioquia,Marketplace,Café,Cápsulas x20,L. Gómez,17,27600.0,0.0,469200.0,3.7
2026-07-28,Antioquia,E-commerce,Bebidas,Té frío 500ml,D. Mejía,11,6700.0,0.1,66330.0,4.8
2026-07-05,Valle del Cauca,Marketplace,Snacks,Barra de cereal,C. Ramírez,17,8200.0,0.0,139400.0,2.9
2026-04-08,Valle del Cauca,Distribuidor,Café,Café en grano 1kg,L. Gómez,6,30400.0,0.0,182400.0,4.2
2025-11-16,Bogotá,Marketplace,Snacks,Mix de frutos secos,,15,17300.0,0.0,259500.0,3.0
2026-01-22,Santander,Tienda física,Cuidado,Shampoo sólido,J. Peña,12,21000.0,0.0,252000.0,4.6
2026-06-02,Eje Cafetero,Marketplace,Bebidas,Jugo natural 1L,D. Mejía,17,6700.0,0.05,108205.0,4.8
2025-11-16,Antioquia,Tienda física,Bebidas,Jugo natural 1L,D. Mejía,17,8800.0,0.05,142120.0,4.5
2025-09-26,Eje Cafetero,E-commerce,Cuidado,Jabón artesanal,A. Rojas,2,22500.0,0.1,40500.0,3.3
2026-02-22,Santander,Tienda física,Snacks,Mix de frutos secos,J. Peña,5,9600.0,0.0,48000.0,4.8
2025-09-16,Santander,Distribuidor,Bebidas,Té frío 500ml,,2,6000.0,0.0,12000.0,3.5
2026-06-04,Valle del Cauca,Marketplace,Snacks,Chips de plátano,A. Rojas,13,9700.0,0.0,126100.0,3.0
2025-09-15,Atlántico,Marketplace,Café,Cápsulas x20,D. Mejía,11,30400.0,0.15,284240.0,2.9
2026-05-24,Eje Cafetero,Marketplace,Snacks,Barra de cereal,A. Rojas,25,9400.0,0.0,235000.0,3.6
2025-09-20,Valle del Cauca,Marketplace,Cuidado,Jabón artesanal,L. Gómez,17,19900.0,0.0,338300.0,4.9
2026-01-19,Atlántico,E-commerce,Café,Café en grano 1kg,M. Torres,9,33000.0,0.1,267300.0,3.2
2026-05-21,Santander,Tienda física,Cuidado,Jabón artesanal,A. Rojas,17,21000.0,0.05,339150.0,4.3
2025-12-17,Valle del Cauca,Tienda física,Bebidas,Jugo natural 1L,D. Mejía,20,8100.0,0.0,162000.0,3.0
2026-01-14,Valle del Cauca,Marketplace,Cuidado,Crema corporal,J. Peña,19,21700.0,0.1,371070.0,4.8
2026-03-05,Eje Cafetero,E-commerce,Cuidado,Shampoo sólido,D. Mejía,17,20500.0,0.0,348500.0,4.5
2025-12-03,Valle del Cauca,Distribuidor,Café,Café en grano 1kg,M. Torres,10,34700.0,0.15,294950.0,3.3
2026-02-01,Bogotá,Tienda física,Bebidas,Té frío 500ml,M. Torres,22,8100.0,0.0,178200.0,4.0
2025-11-25,Atlántico,E-commerce,Café,Café molido 500g,L. Gómez,10,43800.0,0.0,438000.0,4.8
2026-01-02,Eje Cafetero,Distribuidor,Café,Cápsulas x20,J. Peña,10,26500.0,0.0,265000.0,2.8
2025-08-21,Santander,Distribuidor,Café,Café en grano 1kg,L. Gómez,12,27100.0,0.0,325200.0,3.5
2026-05-29,Eje Cafetero,Distribuidor,Bebidas,Té frío 500ml,M. Torres,16,6700.0,0.05,101840.0,3.2
2026-07-26,Santander,Marketplace,Café,Café molido 500g,A. Rojas,16,30200.0,0.1,434880.0,3.4
2025-09-30,Valle del Cauca,Distribuidor,Bebidas,Jugo natural 1L,C. Ramírez,17,7000.0,0.15,101150.0,4.0
2026-07-27,Bogotá,Marketplace,Snacks,Barra de cereal,L. Gómez,18,11000.0,0.05,188100.0,4.0
2025-10-31,Bogotá,Tienda física,Café,Café molido 500g,J. Peña,19,34500.0,0.0,655500.0,4.7
2026-02-28,Santander,Marketplace,Snacks,Mix de frutos secos,J. Peña,7,9100.0,0.1,57330.0,3.9
2026-06-26,Atlántico,Tienda física,Café,Café en grano 1kg,C. Ramírez,9,25300.0,0.1,204930.0,4.3
2026-06-27,Santander,Distribuidor,Café,Café molido 500g,D. Mejía,9,31100.0,0.05,265905.0,4.3
2026-05-25,Atlántico,E-commerce,Cuidado,Jabón artesanal,M. Torres,19,19200.0,0.0,364800.0,3.0
2026-01-19,Atlántico,E-commerce,Snacks,Barra de cereal,A. Rojas,24,11000.0,0.0,264000.0,3.4
2025-11-29,Valle del Cauca,Marketplace,Café,Cápsulas x20,D. Mejía,20,34800.0,0.05,661200.0,4.8
2026-02-18,Santander,Marketplace,Snacks,Barra de cereal,D. Mejía,11,8500.0,0.05,88825.0,4.4
2026-02-28,Santander,Marketplace,Café,Café molido 500g,,10,27800.0,0.0,278000.0,2.8
2026-04-15,Santander,Tienda física,Bebidas,Jugo natural 1L,C. Ramírez,18,7400.0,0.1,119880.0,3.5
2025-11-08,Valle del Cauca,Tienda física,Cuidado,Crema corporal,J. Peña,17,28000.0,0.1,428400.0,4.5
2025-10-11,Bogotá,Tienda física,Bebidas,Agua saborizada,D. Mejía,23,7800.0,0.0,179400.0,4.9
2026-01-10,Eje Cafetero,Distribuidor,Bebidas,Té frío 500ml,C. Ramírez,7,7100.0,0.05,47215.0,2.9
2025-10-11,Valle del Cauca,Marketplace,Café,Café en grano 1kg,J. Peña,18,26900.0,0.1,435780.0,
2026-07-21,Eje Cafetero,Marketplace,Cuidado,Crema corporal,S. Vargas,9,17800.0,0.0,160200.0,3.4
2026-05-10,Valle del Cauca,E-commerce,Bebidas,Agua saborizada,M. Torres,17,6600.0,0.0,112200.0,3.5
2026-04-17,Bogotá,Tienda física,Snacks,Chips de plátano,A. Rojas,14,12400.0,0.15,147560.0,4.7
2025-08-30,Santander,E-commerce,Bebidas,Agua saborizada,L. Gómez,1,7300.0,0.0,7300.0,3.0
2026-02-07,Bogotá,Distribuidor,Cuidado,Jabón artesanal,D. Mejía,12,25400.0,0.05,289560.0,4.4
2025-12-22,Santander,Tienda física,Bebidas,Agua saborizada,L. Gómez,17,9400.0,0.15,135830.0,4.6
2026-08-04,Valle del Cauca,Marketplace,Snacks,Barra de cereal,D. Mejía,8,10200.0,0.1,73440.0,4.5
2025-12-01,Santander,Tienda física,Bebidas,Jugo natural 1L,M. Torres,8,10000.0,0.15,68000.0,3.0
2026-02-15,Valle del Cauca,E-commerce,Café,Café en grano 1kg,A. Rojas,18,33000.0,0.0,594000.0,3.3
2025-10-02,Eje Cafetero,E-commerce,Bebidas,Jugo natural 1L,A. Rojas,17,7100.0,0.0,120700.0,3.4
2026-05-15,Atlántico,E-commerce,Bebidas,Jugo natural 1L,J. Peña,16,6800.0,0.1,97920.0,3.8
2025-11-28,Atlántico,Distribuidor,Café,Cápsulas x20,L. Gómez,4,39200.0,0.0,156800.0,4.6
2026-05-25,Santander,Distribuidor,Bebidas,Agua saborizada,M. Torres,25,5900.0,0.15,125375.0,4.3
2026-04-22,Santander,E-commerce,Cuidado,Crema corporal,L. Gómez,1,22500.0,0.0,22500.0,4.5
2026-06-08,Bogotá,Distribuidor,Café,Cápsulas x20,D. Mejía,11,32500.0,0.0,357500.0,3.0
2026-03-18,Atlántico,Distribuidor,Bebidas,Té frío 500ml,A. Rojas,8,6200.0,0.1,44640.0,4.8
2025-08-25,Santander,Distribuidor,Café,Café en grano 1kg,A. Rojas,9,30100.0,0.15,230265.0,3.6
2025-10-29,Bogotá,E-commerce,Snacks,Chips de plátano,D. Mejía,4,13200.0,0.1,47520.0,3.7
2026-01-07,Eje Cafetero,Marketplace,Bebidas,Té frío 500ml,D. Mejía,8,6200.0,0.0,49600.0,3.5
2026-05-15,Eje Cafetero,Marketplace,Cuidado,Shampoo sólido,D. Mejía,12,20600.0,0.0,247200.0,4.2
2025-08-30,Santander,Tienda física,Cuidado,Jabón artesanal,L. Gómez,19,21200.0,0.0,402800.0,4.7
2025-08-09,Valle del Cauca,Marketplace,Bebidas,Agua saborizada,D. Mejía,20,7100.0,0.0,142000.0,4.9
2025-08-14,Santander,Distribuidor,Bebidas,Jugo natural 1L,A. Rojas,7,7000.0,0.15,41650.0,4.2
2026-03-08,Atlántico,Distribuidor,Cuidado,Jabón artesanal,M. Torres,23,21500.0,0.1,445050.0,4.2
2025-12-16,Valle del Cauca,Distribuidor,Cuidado,Jabón artesanal,L. Gómez,10,25700.0,0.1,231300.0,3.6
2025-08-22,Eje Cafetero,Marketplace,Snacks,Barra de cereal,L. Gómez,3,9100.0,0.0,27300.0,4.2
2026-07-10,Santander,E-commerce,Café,Café en grano 1kg,,17,31500.0,0.15,455175.0,4.0
2026-06-24,Eje Cafetero,Distribuidor,Snacks,Mix de frutos secos,A. Rojas,16,8300.0,0.0,132800.0,4.3
2025-08-27,Eje Cafetero,Distribuidor,Snacks,Chips de plátano,C. Ramírez,26,9900.0,0.15,218790.0,3.6
2026-01-20,Atlántico,Tienda física,Café,Café en grano 1kg,A. Rojas,13,29200.0,0.15,322660.0,3.6
2025-11-30,Bogotá,E-commerce,Cuidado,Jabón artesanal,C. Ramírez,10,35400.0,0.1,318600.0,2.9
2026-07-29,Valle del Cauca,Tienda física,Snacks,Barra de cereal,A. Rojas,11,8500.0,0.05,88825.0,5.0
2025-08-22,Eje Cafetero,Tienda física,Café,Café molido 500g,M. Torres,14,30200.0,0.0,422800.0,3.1
2025-08-12,Bogotá,Distribuidor,Cuidado,Jabón artesanal,L. Gómez,22,24800.0,0.0,545600.0,3.3
2025-10-09,Valle del Cauca,E-commerce,Café,Cápsulas x20,A. Rojas,15,28000.0,0.0,420000.0,
2025-09-16,Bogotá,Tienda física,Snacks,Barra de cereal,A. Rojas,9,11900.0,0.0,107100.0,4.0
2026-08-03,Eje Cafetero,E-commerce,Snacks,Barra de cereal,,4,11200.0,0.0,44800.0,4.5
2025-08-30,Atlántico,E-commerce,Snacks,Barra de cereal,M. Torres,21,10400.0,0.0,218400.0,
2026-03-07,Eje Cafetero,Tienda física,Cuidado,Crema corporal,,14,20600.0,0.0,288400.0,4.3
2025-10-22,Eje Cafetero,Distribuidor,Snacks,Mix de frutos secos,D. Mejía,1,9200.0,0.0,9200.0,3.8
2025-09-04,Atlántico,Tienda física,Bebidas,Agua saborizada,M. Torres,23,6500.0,0.0,149500.0,3.8
2026-06-20,Eje Cafetero,Tienda física,Cuidado,Jabón artesanal,C. Ramírez,16,21400.0,0.0,342400.0,4.1
2026-02-25,Bogotá,E-commerce,Café,Café molido 500g,J. Peña,16,42200.0,0.1,607680.0,
2026-06-20,Eje Cafetero,Tienda física,Snacks,Mix de frutos secos,M. Torres,26,8700.0,0.0,226200.0,3.3
2026-03-05,Eje Cafetero,Distribuidor,Cuidado,Shampoo sólido,C. Ramírez,14,18600.0,0.15,221340.0,3.7
2025-09-30,Eje Cafetero,E-commerce,Snacks,Barra de cereal,M. Torres,11,9800.0,0.0,107800.0,4.5
2025-12-26,Valle del Cauca,E-commerce,Bebidas,Agua saborizada,A. Rojas,21,9800.0,0.0,205800.0,4.8
2026-06-24,Valle del Cauca,Marketplace,Café,Cápsulas x20,C. Ramírez,1,29100.0,0.15,24735.0,3.4
2025-10-05,Bogotá,Distribuidor,Café,Café molido 500g,C. Ramírez,18,31500.0,0.0,567000.0,3.5
2026-01-31,Antioquia,Distribuidor,Café,Café molido 500g,M. Torres,7,29500.0,0.0,206500.0,2.8
2026-05-21,Valle del Cauca,Tienda física,Cuidado,Jabón artesanal,M. Torres,17,17800.0,0.15,257210.0,4.7
2025-12-10,Antioquia,Tienda física,Cuidado,Jabón artesanal,L. Gómez,11,29000.0,0.15,271150.0,4.2
2025-11-07,Antioquia,Tienda física,Bebidas,Jugo natural 1L,C. Ramírez,15,9700.0,0.1,130950.0,4.9
2026-02-16,Bogotá,Marketplace,Café,Cápsulas x20,J. Peña,11,35300.0,0.0,388300.0,4.5
2026-04-02,Santander,E-commerce,Café,Cápsulas x20,,9,27800.0,0.15,212670.0,4.3
2026-03-12,Atlántico,E-commerce,Bebidas,Té frío 500ml,C. Ramírez,21,6700.0,0.1,126630.0,4.1
2026-03-28,Antioquia,Marketplace,Bebidas,Jugo natural 1L,,20,6400.0,0.05,121600.0,3.2
2026-01-18,Bogotá,Marketplace,Bebidas,Agua saborizada,A. Rojas,13,9100.0,0.0,118300.0,3.4
2025-11-07,Santander,Distribuidor,Cuidado,Shampoo sólido,S. Vargas,18,24300.0,0.05,415530.0,3.4
2026-07-16,Antioquia,Marketplace,Cuidado,Jabón artesanal,D. Mejía,5,19500.0,0.0,97500.0,4.7
2025-11-26,Valle del Cauca,Distribuidor,Cuidado,Shampoo sólido,C. Ramírez,11,27200.0,0.1,269280.0,3.4
2026-06-13,Atlántico,Tienda física,Cuidado,Shampoo sólido,J. Peña,4,18000.0,0.0,72000.0,3.5
2026-07-09,Antioquia,Tienda física,Snacks,Mix de frutos secos,C. Ramírez,16,10100.0,0.1,145440.0,4.3
2025-11-02,Atlántico,Marketplace,Bebidas,Té frío 500ml,C. Ramírez,16,9900.0,0.05,150480.0,3.0
2025-12-19,Antioquia,E-commerce,Cuidado,Crema corporal,C. Ramírez,10,29500.0,0.0,295000.0,2.8
2026-05-23,Atlántico,Distribuidor,Café,Cápsulas x20,D. Mejía,12,27800.0,0.15,283560.0,3.0
2026-06-07,Antioquia,Distribuidor,Café,Café en grano 1kg,C. Ramírez,4,31300.0,0.0,125200.0,4.4
2026-01-28,Valle del Cauca,Marketplace,Snacks,Barra de cereal,L. Gómez,21,9600.0,0.0,201600.0,3.0
2026-03-02,Antioquia,Marketplace,Café,Café molido 500g,S. Vargas,21,30800.0,0.05,614460.0,4.9
2026-07-15,Bogotá,Tienda física,Bebidas,Té frío 500ml,C. Ramírez,14,8900.0,0.0,124600.0,4.9
2026-05-05,Santander,Marketplace,Snacks,Chips de plátano,M. Torres,11,8600.0,0.0,94600.0,3.4
2026-03-11,Bogotá,Marketplace,Café,Café en grano 1kg,S. Vargas,6,37300.0,0.1,201420.0,2.9
2026-06-14,Atlántico,E-commerce,Café,Cápsulas x20,J. Peña,14,34400.0,0.0,481600.0,2.9
2025-10-30,Atlántico,Marketplace,Cuidado,Shampoo sólido,A. Rojas,12,18500.0,0.1,199800.0,4.3
2025-09-15,Santander,Marketplace,Snacks,Barra de cereal,D. Mejía,12,10300.0,0.0,123600.0,4.4
2026-01-19,Eje Cafetero,Distribuidor,Cuidado,Shampoo sólido,D. Mejía,4,20800.0,0.1,74880.0,4.3
2026-07-21,Atlántico,Distribuidor,Cuidado,Shampoo sólido,M. Torres,10,18300.0,0.15,155550.0,4.1
2025-09-17,Santander,Distribuidor,Bebidas,Agua saborizada,C. Ramírez,7,6400.0,0.1,40320.0,4.2
2026-04-04,Eje Cafetero,E-commerce,Cuidado,Jabón artesanal,S. Vargas,10,20900.0,0.0,209000.0,
2026-02-10,Atlántico,Distribuidor,Café,Café en grano 1kg,A. Rojas,13,28500.0,0.0,370500.0,4.0
2025-11-04,Antioquia,Tienda física,Bebidas,Jugo natural 1L,J. Peña,15,8600.0,0.05,122550.0,4.4
2026-07-17,Antioquia,Marketplace,Snacks,Mix de frutos secos,S. Vargas,6,9000.0,0.05,51300.0,3.0
2026-03-23,Eje Cafetero,Tienda física,Cuidado,Crema corporal,L. Gómez,8,20800.0,0.0,166400.0,4.9
2026-07-15,Valle del Cauca,Distribuidor,Bebidas,Té frío 500ml,D. Mejía,6,7400.0,0.0,44400.0,4.4
2026-03-14,Santander,Marketplace,Bebidas,Jugo natural 1L,L. Gómez,14,6300.0,0.0,88200.0,3.2
2025-09-05,Bogotá,Tienda física,Bebidas,Té frío 500ml,A. Rojas,14,7800.0,0.15,92820.0,4.5
2025-12-23,Santander,Distribuidor,Café,Café en grano 1kg,C. Ramírez,21,39300.0,0.05,784035.0,3.8
2025-11-19,Atlántico,E-commerce,Bebidas,Agua saborizada,J. Peña,1,10400.0,0.0,10400.0,3.7
2025-08-08,Antioquia,Tienda física,Snacks,Chips de plátano,J. Peña,11,8300.0,0.0,91300.0,4.0
2025-09-27,Eje Cafetero,E-commerce,Bebidas,Jugo natural 1L,S. Vargas,21,7000.0,0.1,132300.0,3.7
2026-06-16,Atlántico,E-commerce,Café,Café en grano 1kg,S. Vargas,1,28300.0,0.0,28300.0,4.1
2025-09-22,Antioquia,Marketplace,Café,Café en grano 1kg,C. Ramírez,3,27300.0,0.0,81900.0,3.3
2026-02-07,Valle del Cauca,E-commerce,Bebidas,Té frío 500ml,S. Vargas,16,6900.0,0.0,110400.0,3.6
2025-12-02,Santander,Tienda física,Café,Cápsulas x20,L. Gómez,13,42700.0,0.15,471835.0,4.1
2026-04-29,Bogotá,E-commerce,Cuidado,Crema corporal,M. Torres,14,27800.0,0.0,389200.0,4.4
2025-11-17,Valle del Cauca,Marketplace,Café,Cápsulas x20,S. Vargas,11,40700.0,0.0,447700.0,4.9
2025-11-10,Santander,E-commerce,Snacks,Mix de frutos secos,M. Torres,5,13600.0,0.0,68000.0,4.5
2026-06-29,Bogotá,E-commerce,Bebidas,Agua saborizada,C. Ramírez,15,10000.0,0.0,150000.0,3.8
2026-07-18,Atlántico,E-commerce,Snacks,Chips de plátano,S. Vargas,29,10600.0,0.15,261290.0,3.7
2025-08-27,Bogotá,E-commerce,Cuidado,Shampoo sólido,M. Torres,16,28400.0,0.05,431680.0,4.7
2025-09-09,Valle del Cauca,E-commerce,Cuidado,Jabón artesanal,,18,20900.0,0.05,357390.0,3.8
2026-06-26,Atlántico,E-commerce,Snacks,Barra de cereal,D. Mejía,13,10000.0,0.0,130000.0,3.5
2026-05-22,Santander,Marketplace,Cuidado,Jabón artesanal,J. Peña,17,20300.0,0.0,345100.0,3.4
2026-06-23,Eje Cafetero,E-commerce,Cuidado,Jabón artesanal,A. Rojas,19,19200.0,0.1,328320.0,4.8
2026-06-09,Antioquia,Tienda física,Bebidas,Jugo natural 1L,C. Ramírez,12,7400.0,0.0,88800.0,4.4
2026-05-17,Antioquia,Distribuidor,Bebidas,Agua saborizada,J. Peña,7,6300.0,0.0,44100.0,3.5
2026-07-17,Atlántico,E-commerce,Bebidas,Agua saborizada,L. Gómez,5,6600.0,0.0,33000.0,3.1
2025-12-07,Atlántico,Tienda física,Bebidas,Agua saborizada,,9,9400.0,0.0,84600.0,4.3
2025-12-16,Santander,Distribuidor,Cuidado,Shampoo sólido,S. Vargas,1,29200.0,0.1,26280.0,4.1
2025-10-07,Antioquia,Distribuidor,Café,Cápsulas x20,L. Gómez,16,31500.0,0.0,504000.0,3.1
2026-05-10,Eje Cafetero,Tienda física,Cuidado,Jabón artesanal,C. Ramírez,17,18500.0,0.0,314500.0,5.0
2026-05-16,Atlántico,Marketplace,Cuidado,Jabón artesanal,C. Ramírez,24,18700.0,0.0,448800.0,3.4
2025-11-08,Eje Cafetero,Tienda física,Bebidas,Té frío 500ml,S. Vargas,13,9000.0,0.15,99450.0,4.4
2025-11-08,Valle del Cauca,Tienda física,Bebidas,Agua saborizada,M. Torres,18,9800.0,0.0,176400.0,3.8
2026-02-11,Santander,Distribuidor,Snacks,Barra de cereal,M. Torres,15,10100.0,0.0,151500.0,4.2
2025-09-05,Eje Cafetero,Tienda física,Café,Café en grano 1kg,M. Torres,20,30700.0,0.0,614000.0,3.0
2026-03-05,Santander,E-commerce,Snacks,Barra de cereal,C. Ramírez,5,10200.0,0.0,51000.0,3.2
2026-07-24,Antioquia,Tienda física,Cuidado,Jabón artesanal,S. Vargas,15,19100.0,0.05,272175.0,3.6
2026-06-16,Eje Cafetero,Tienda física,Café,Café en grano 1kg,L. Gómez,18,31000.0,0.0,558000.0,3.5
2026-03-19,Valle del Cauca,E-commerce,Cuidado,Shampoo sólido,D. Mejía,19,22400.0,0.15,361760.0,3.4
2026-05-19,Bogotá,Tienda física,Cuidado,Jabón artesanal,M. Torres,21,23600.0,0.0,495600.0,3.3
2025-12-03,Santander,E-commerce,Snacks,Barra de cereal,L. Gómez,7,13600.0,0.15,80920.0,2.9
2026-07-26,Eje Cafetero,Distribuidor,Cuidado,Shampoo sólido,L. Gómez,1,20700.0,0.1,18630.0,3.6
2026-05-11,Valle del Cauca,Distribuidor,Café,Cápsulas x20,J. Peña,27,30500.0,0.0,823500.0,3.3
2025-10-19,Atlántico,Distribuidor,Cuidado,Shampoo sólido,S. Vargas,10,20000.0,0.0,200000.0,2.8
2026-06-15,Eje Cafetero,E-commerce,Cuidado,Shampoo sólido,M. Torres,10,22100.0,0.0,221000.0,2.8
2025-09-21,Santander,E-commerce,Snacks,Barra de cereal,J. Peña,11,9100.0,0.15,85085.0,3.5
2026-02-10,Antioquia,Tienda física,Cuidado,Shampoo sólido,M. Torres,1,17700.0,0.05,16815.0,4.8
2025-10-02,Valle del Cauca,Marketplace,Bebidas,Jugo natural 1L,M. Torres,8,7000.0,0.15,47600.0,4.4
2026-07-07,Bogotá,Marketplace,Café,Café molido 500g,L. Gómez,13,37900.0,0.15,418795.0,3.3
2026-01-21,Valle del Cauca,Marketplace,Café,Café en grano 1kg,C. Ramírez,16,29700.0,0.0,475200.0,4.1
2026-04-09,Eje Cafetero,Marketplace,Café,Café molido 500g,A. Rojas,8,26600.0,0.05,202160.0,3.5
2025-10-29,Antioquia,Marketplace,Snacks,Mix de frutos secos,J. Peña,13,9300.0,0.0,120900.0,2.8
2026-06-15,Santander,Marketplace,Café,Café en grano 1kg,A. Rojas,13,28900.0,0.0,375700.0,3.8
2025-09-26,Eje Cafetero,Distribuidor,Cuidado,Jabón artesanal,C. Ramírez,18,21600.0,0.15,330480.0,4.8
2025-09-30,Eje Cafetero,E-commerce,Snacks,Chips de plátano,L. Gómez,14,11000.0,0.0,154000.0,4.5
2026-01-11,Eje Cafetero,Distribuidor,Café,Café molido 500g,D. Mejía,9,29200.0,0.15,223380.0,4.4
2026-01-21,Antioquia,Marketplace,Bebidas,Té frío 500ml,D. Mejía,16,6400.0,0.1,92160.0,4.4
2026-07-28,Antioquia,E-commerce,Café,Cápsulas x20,A. Rojas,1,29900.0,0.05,28405.0,3.4
2026-07-22,Valle del Cauca,Distribuidor,Cuidado,Crema corporal,C. Ramírez,14,20300.0,0.15,241570.0,3.1
2025-09-04,Santander,Distribuidor,Bebidas,Té frío 500ml,J. Peña,9,6500.0,0.0,58500.0,3.7
2025-11-19,Valle del Cauca,E-commerce,Snacks,Chips de plátano,J. Peña,24,12600.0,0.0,302400.0,4.7
2025-10-22,Eje Cafetero,Distribuidor,Cuidado,Crema corporal,S. Vargas,12,19700.0,0.1,212760.0,4.0
2025-09-11,Antioquia,Marketplace,Bebidas,Té frío 500ml,J. Peña,16,7400.0,0.15,100640.0,4.9
2026-04-30,Bogotá,Tienda física,Snacks,Barra de cereal,L. Gómez,12,11000.0,0.0,132000.0,4.0
2026-01-18,Bogotá,E-commerce,Cuidado,Jabón artesanal,S. Vargas,5,28500.0,0.05,135375.0,3.1
2026-08-06,Santander,Marketplace,Café,Café en grano 1kg,J. Peña,5,30000.0,0.0,150000.0,3.2
2026-05-22,Eje Cafetero,E-commerce,Café,Café molido 500g,C. Ramírez,5,27800.0,0.0,139000.0,3.8
2026-06-15,Antioquia,Tienda física,Snacks,Chips de plátano,J. Peña,28,9500.0,0.0,266000.0,
2026-05-25,Eje Cafetero,Marketplace,Snacks,Chips de plátano,J. Peña,17,10300.0,0.0,175100.0,4.0
2025-11-12,Antioquia,E-commerce,Snacks,Barra de cereal,M. Torres,1,12200.0,0.0,12200.0,4.1
2025-12-25,Antioquia,Distribuidor,Café,Café molido 500g,A. Rojas,9,35400.0,0.15,270810.0,3.2
2026-02-10,Eje Cafetero,Marketplace,Snacks,Mix de frutos secos,L. Gómez,12,9200.0,0.0,110400.0,3.6
2026-02-18,Antioquia,Distribuidor,Bebidas,Té frío 500ml,C. Ramírez,11,5900.0,0.1,58410.0,3.7
2026-04-03,Atlántico,Marketplace,Cuidado,Shampoo sólido,A. Rojas,4,20000.0,0.0,80000.0,4.3
2025-11-08,Santander,Distribuidor,Café,Café molido 500g,D. Mejía,1,35000.0,0.1,31500.0,4.2
2026-04-30,Santander,Marketplace,Snacks,Barra de cereal,S. Vargas,29,10000.0,0.15,246500.0,3.3
2025-12-24,Bogotá,E-commerce,Café,Cápsulas x20,D. Mejía,5,52800.0,0.15,224400.0,3.9
2026-05-11,Antioquia,E-commerce,Cuidado,Crema corporal,C. Ramírez,15,19500.0,0.05,277875.0,4.1
2026-04-09,Antioquia,E-commerce,Café,Cápsulas x20,J. Peña,3,34200.0,0.15,87210.0,4.0
2025-11-14,Santander,Tienda física,Cuidado,Shampoo sólido,S. Vargas,13,24700.0,0.0,321100.0,4.2
2026-04-26,Valle del Cauca,Marketplace,Snacks,Chips de plátano,C. Ramírez,9,8600.0,0.0,77400.0,3.0
2026-01-07,Santander,Tienda física,Bebidas,Jugo natural 1L,L. Gómez,13,6400.0,0.0,83200.0,3.4
2025-12-16,Santander,Marketplace,Cuidado,Jabón artesanal,M. Torres,27,26700.0,0.05,684855.0,4.0
2025-10-29,Santander,Marketplace,Bebidas,Agua saborizada,C. Ramírez,3,7100.0,0.0,21300.0,4.6
2026-02-06,Bogotá,Marketplace,Snacks,Chips de plátano,J. Peña,20,12300.0,0.0,246000.0,3.6
2025-10-11,Bogotá,Distribuidor,Snacks,Mix de frutos secos,S. Vargas,18,11600.0,0.05,198360.0,3.6
2026-02-18,Santander,Marketplace,Café,Café en grano 1kg,M. Torres,18,26800.0,0.0,482400.0,3.1
2025-10-16,Valle del Cauca,Distribuidor,Café,Café en grano 1kg,D. Mejía,19,29800.0,0.0,566200.0,3.2
2026-03-07,Atlántico,Marketplace,Cuidado,Crema corporal,A. Rojas,9,19000.0,0.1,153900.0,3.3
2025-09-08,Santander,E-commerce,Snacks,Chips de plátano,L. Gómez,10,9100.0,0.15,77350.0,
2025-11-29,Santander,Distribuidor,Café,Café molido 500g,C. Ramírez,5,40300.0,0.0,201500.0,3.8
2026-03-25,Eje Cafetero,Marketplace,Cuidado,Crema corporal,M. Torres,7,19000.0,0.15,113050.0,4.2
2025-08-11,Bogotá,E-commerce,Snacks,Barra de cereal,J. Peña,9,12700.0,0.1,102870.0,4.8
2025-10-09,Santander,Tienda física,Snacks,Barra de cereal,A. Rojas,6,9600.0,0.1,51840.0,4.8
2025-12-07,Santander,Distribuidor,Cuidado,Crema corporal,M. Torres,25,26100.0,0.0,652500.0,4.8
2026-04-18,Antioquia,Marketplace,Snacks,Mix de frutos secos,L. Gómez,18,9400.0,0.0,169200.0,3.9
2026-05-19,Atlántico,Marketplace,Cuidado,Jabón artesanal,M. Torres,5,19000.0,0.0,95000.0,3.5
2025-08-17,Bogotá,Tienda física,Snacks,Mix de frutos secos,M. Torres,11,10500.0,0.15,98175.0,4.0
2026-01-06,Eje Cafetero,Tienda física,Bebidas,Jugo natural 1L,D. Mejía,19,6200.0,0.1,106020.0,3.7
2025-11-22,Santander,Marketplace,Bebidas,Jugo natural 1L,M. Torres,16,9700.0,0.05,147440.0,4.1
2026-05-11,Bogotá,Tienda física,Bebidas,Jugo natural 1L,D. Mejía,6,8500.0,0.15,43350.0,4.9
2026-04-09,Antioquia,E-commerce,Cuidado,Jabón artesanal,S. Vargas,18,21800.0,0.0,392400.0,3.1
2026-01-13,Santander,Distribuidor,Cuidado,Jabón artesanal,C. Ramírez,17,20600.0,0.05,332690.0,3.1
2026-03-04,Antioquia,Marketplace,Cuidado,Jabón artesanal,L. Gómez,9,20900.0,0.15,159885.0,3.9
2026-08-06,Santander,E-commerce,Bebidas,Jugo natural 1L,C. Ramírez,3,8200.0,0.0,24600.0,3.0
2025-10-03,Valle del Cauca,Marketplace,Bebidas,Té frío 500ml,C. Ramírez,18,6500.0,0.1,105300.0,2.9
2026-06-02,Atlántico,E-commerce,Cuidado,Jabón artesanal,A. Rojas,1,20400.0,0.0,20400.0,4.5
2026-05-30,Santander,Marketplace,Snacks,Mix de frutos secos,L. Gómez,7,8700.0,0.0,60900.0,3.8
2025-09-17,Eje Cafetero,Marketplace,Cuidado,Shampoo sólido,J. Peña,21,18700.0,0.0,392700.0,3.9
2026-03-03,Bogotá,Distribuidor,Cuidado,Jabón artesanal,M. Torres,11,26800.0,0.0,294800.0,4.7
2025-11-08,Santander,E-commerce,Snacks,Barra de cereal,A. Rojas,14,12200.0,0.1,153720.0,3.8
2026-07-25,Bogotá,E-commerce,Bebidas,Té frío 500ml,M. Torres,1,8400.0,0.0,8400.0,4.9
2025-10-11,Eje Cafetero,E-commerce,Cuidado,Jabón artesanal,L. Gómez,31,23300.0,0.0,722300.0,4.2
2025-12-18,Antioquia,Tienda física,Snacks,Chips de plátano,C. Ramírez,14,11300.0,0.0,158200.0,4.0
2025-10-26,Bogotá,Marketplace,Bebidas,Agua saborizada,M. Torres,14,7600.0,0.15,90440.0,3.1
2026-04-14,Antioquia,Marketplace,Snacks,Barra de cereal,L. Gómez,18,10200.0,0.15,156060.0,3.9
2026-02-23,Bogotá,E-commerce,Cuidado,Crema corporal,M. Torres,18,25200.0,0.0,453600.0,4.6
2026-07-09,Valle del Cauca,Marketplace,Cuidado,Crema corporal,L. Gómez,5,20500.0,0.0,102500.0,3.0
2026-05-14,Valle del Cauca,Tienda física,Bebidas,Té frío 500ml,D. Mejía,12,6300.0,0.1,68040.0,3.8
2026-05-07,Valle del Cauca,Marketplace,Cuidado,Crema corporal,M. Torres,21,21100.0,0.1,398790.0,4.3
2026-05-19,Eje Cafetero,Tienda física,Cuidado,Shampoo sólido,M. Torres,14,20000.0,0.05,266000.0,4.7
2026-07-04,Eje Cafetero,Marketplace,Snacks,Mix de frutos secos,S. Vargas,21,8200.0,0.15,146370.0,4.7
2026-04-26,Bogotá,Distribuidor,Bebidas,Jugo natural 1L,J. Peña,28,8000.0,0.0,224000.0,3.5
2025-08-14,Atlántico,Distribuidor,Cuidado,Shampoo sólido,L. Gómez,10,18700.0,0.15,158950.0,4.1
2025-12-16,Atlántico,Marketplace,Café,Café molido 500g,M. Torres,33,36500.0,0.05,1144275.0,4.5
2026-05-29,Valle del Cauca,Distribuidor,Bebidas,Jugo natural 1L,S. Vargas,15,7400.0,0.15,94350.0,2.9
2025-09-23,Santander,E-commerce,Cuidado,Shampoo sólido,S. Vargas,6,19000.0,0.1,102600.0,4.8
2025-08-08,Santander,Distribuidor,Cuidado,Crema corporal,S. Vargas,16,20200.0,0.0,323200.0,3.5
2026-02-16,Eje Cafetero,Distribuidor,Café,Café en grano 1kg,A. Rojas,1,32100.0,0.0,32100.0,4.0
2026-03-22,Valle del Cauca,E-commerce,Cuidado,Crema corporal,M. Torres,6,20100.0,0.0,120600.0,3.8
2025-11-13,Valle del Cauca,E-commerce,Café,Café molido 500g,A. Rojas,11,45200.0,0.0,497200.0,4.3
2025-09-06,Valle del Cauca,Tienda física,Cuidado,Shampoo sólido,L. Gómez,9,19000.0,0.0,171000.0,3.8
2026-04-27,Antioquia,E-commerce,Cuidado,Shampoo sólido,C. Ramírez,2,23800.0,0.05,45220.0,3.6
2025-11-02,Bogotá,E-commerce,Café,Cápsulas x20,S. Vargas,1,47200.0,0.0,47200.0,3.0
2026-06-28,Santander,Tienda física,Bebidas,Agua saborizada,L. Gómez,18,6400.0,0.0,115200.0,3.5
2025-10-18,Bogotá,Distribuidor,Snacks,Chips de plátano,D. Mejía,2,11800.0,0.1,21240.0,3.8
2025-09-25,Santander,E-commerce,Bebidas,Agua saborizada,M. Torres,18,7000.0,0.1,113400.0,
2025-10-31,Antioquia,Tienda física,Snacks,Mix de frutos secos,J. Peña,16,9600.0,0.0,153600.0,3.3
2026-06-06,Bogotá,E-commerce,Cuidado,Shampoo sólido,L. Gómez,13,26600.0,0.1,311220.0,4.3
2025-10-03,Valle del Cauca,E-commerce,Snacks,Chips de plátano,D. Mejía,15,10200.0,0.1,137700.0,4.7
2026-02-21,Atlántico,E-commerce,Bebidas,Jugo natural 1L,S. Vargas,13,7100.0,0.0,92300.0,3.8
2025-12-01,Eje Cafetero,Marketplace,Cuidado,Crema corporal,D. Mejía,23,23100.0,0.0,531300.0,4.9
2025-12-22,Bogotá,E-commerce,Cuidado,Jabón artesanal,C. Ramírez,13,37700.0,0.0,490100.0,4.4
2026-06-04,Antioquia,Distribuidor,Cuidado,Shampoo sólido,L. Gómez,20,19500.0,0.0,390000.0,3.5
2026-03-15,Antioquia,Distribuidor,Café,Café en grano 1kg,M. Torres,6,31200.0,0.0,187200.0,3.6
2026-06-30,Bogotá,Tienda física,Cuidado,Crema corporal,L. Gómez,25,21500.0,0.0,537500.0,4.0
2026-07-26,Antioquia,E-commerce,Cuidado,Crema corporal,L. Gómez,23,19300.0,0.15,377315.0,4.2
2026-05-04,Eje Cafetero,E-commerce,Snacks,Chips de plátano,D. Mejía,6,10600.0,0.15,54060.0,
2025-11-04,Bogotá,E-commerce,Cuidado,Jabón artesanal,C. Ramírez,11,37100.0,0.0,408100.0,3.4
2026-06-24,Eje Cafetero,E-commerce,Snacks,Chips de plátano,C. Ramírez,19,9100.0,0.0,172900.0,3.2
2026-04-11,Eje Cafetero,Tienda física,Bebidas,Agua saborizada,A. Rojas,17,6200.0,0.05,100130.0,4.4
2026-06-13,Antioquia,Marketplace,Snacks,Mix de frutos secos,D. Mejía,16,8200.0,0.0,131200.0,2.9
2026-05-02,Valle del Cauca,Marketplace,Bebidas,Jugo natural 1L,M. Torres,13,6400.0,0.0,83200.0,4.0
2025-09-25,Antioquia,Tienda física,Cuidado,Jabón artesanal,C. Ramírez,4,19800.0,0.0,79200.0,4.8
2026-03-09,Valle del Cauca,Distribuidor,Cuidado,Crema corporal,J. Peña,8,19800.0,0.0,158400.0,3.6
2026-02-26,Atlántico,Distribuidor,Snacks,Barra de cereal,A. Rojas,16,9600.0,0.15,130560.0,3.3
2026-06-01,Santander,Tienda física,Café,Café en grano 1kg,A. Rojas,28,26300.0,0.15,625940.0,4.4
2026-05-06,Valle del Cauca,Distribuidor,Cuidado,Jabón artesanal,J. Peña,29,17600.0,0.1,459360.0,4.6
2026-04-28,Eje Cafetero,Tienda física,Café,Cápsulas x20,M. Torres,18,30200.0,0.05,516420.0,4.3
2026-02-12,Valle del Cauca,E-commerce,Café,Café en grano 1kg,L. Gómez,1,29500.0,0.0,29500.0,3.9
2025-11-10,Eje Cafetero,Marketplace,Bebidas,Jugo natural 1L,S. Vargas,13,9500.0,0.15,104975.0,3.0
2025-09-18,Valle del Cauca,Marketplace,Snacks,Chips de plátano,J. Peña,15,8300.0,0.15,105825.0,3.2
2025-08-18,Valle del Cauca,Tienda física,Café,Café en grano 1kg,A. Rojas,19,31400.0,0.0,596600.0,4.1
2026-06-18,Valle del Cauca,Marketplace,Café,Cápsulas x20,A. Rojas,6,29000.0,0.1,156600.0,3.9
2026-07-10,Santander,Distribuidor,Snacks,Mix de frutos secos,L. Gómez,1,8600.0,0.15,7310.0,3.1
2026-03-31,Bogotá,Distribuidor,Bebidas,Jugo natural 1L,C. Ramírez,19,9300.0,0.1,159030.0,3.5
2025-11-18,Valle del Cauca,Tienda física,Cuidado,Crema corporal,L. Gómez,13,29300.0,0.0,380900.0,4.9
2026-05-11,Valle del Cauca,Tienda física,Snacks,Mix de frutos secos,,19,9200.0,0.05,166060.0,4.2
2026-07-24,Atlántico,Tienda física,Cuidado,Jabón artesanal,A. Rojas,5,17300.0,0.0,86500.0,4.1
2025-09-05,Santander,E-commerce,Bebidas,Agua saborizada,M. Torres,10,7800.0,0.15,66300.0,4.9
2026-04-29,Atlántico,E-commerce,Snacks,Mix de frutos secos,D. Mejía,8,11100.0,0.0,88800.0,5.0
2025-09-12,Bogotá,Tienda física,Café,Cápsulas x20,C. Ramírez,13,36900.0,0.1,431730.0,4.9
2025-09-15,Valle del Cauca,Tienda física,Bebidas,Agua saborizada,D. Mejía,9,6500.0,0.1,52650.0,4.7
2026-04-22,Valle del Cauca,Marketplace,Bebidas,Agua saborizada,C. Ramírez,9,6600.0,0.0,59400.0,3.8
2026-03-07,Eje Cafetero,Tienda física,Snacks,Chips de plátano,C. Ramírez,18,9400.0,0.15,143820.0,4.6
2025-09-24,Santander,Tienda física,Snacks,Mix de frutos secos,A. Rojas,14,8700.0,0.05,115710.0,3.7
2026-07-30,Bogotá,E-commerce,Cuidado,Jabón artesanal,S. Vargas,13,26100.0,0.15,288405.0,2.9
2026-01-19,Santander,Distribuidor,Café,Cápsulas x20,D. Mejía,20,29800.0,0.1,536400.0,3.4
2026-01-06,Antioquia,Marketplace,Bebidas,Té frío 500ml,A. Rojas,14,6100.0,0.1,76860.0,4.3
2025-11-10,Valle del Cauca,Marketplace,Bebidas,Agua saborizada,C. Ramírez,17,9000.0,0.15,130050.0,3.1
2026-08-03,Atlántico,Tienda física,Snacks,Barra de cereal,L. Gómez,11,8600.0,0.0,94600.0,3.4
2025-12-25,Atlántico,E-commerce,Cuidado,Jabón artesanal,D. Mejía,9,30900.0,0.15,236385.0,3.2
2025-10-25,Santander,Marketplace,Snacks,Chips de plátano,A. Rojas,26,9400.0,0.0,244400.0,4.5
2025-10-06,Atlántico,Distribuidor,Cuidado,Jabón artesanal,D. Mejía,19,19900.0,0.05,359195.0,3.1
2025-09-09,Eje Cafetero,E-commerce,Bebidas,Agua saborizada,S. Vargas,9,6800.0,0.0,61200.0,3.3
2025-09-14,Valle del Cauca,E-commerce,Snacks,Barra de cereal,L. Gómez,6,9100.0,0.05,51870.0,3.3
2025-08-21,Santander,Marketplace,Cuidado,Crema corporal,C. Ramírez,6,21800.0,0.05,124260.0,3.7
2026-07-02,Atlántico,Tienda física,Bebidas,Agua saborizada,M. Torres,15,6300.0,0.0,94500.0,3.9
2026-01-08,Eje Cafetero,Marketplace,Cuidado,Crema corporal,D. Mejía,17,20200.0,0.0,343400.0,3.8
2026-03-24,Atlántico,Distribuidor,Bebidas,Jugo natural 1L,C. Ramírez,15,6300.0,0.1,85050.0,2.8
2025-11-10,Santander,Tienda física,Snacks,Barra de cereal,S. Vargas,19,11400.0,0.0,216600.0,3.2
2026-02-11,Santander,E-commerce,Cuidado,Crema corporal,J. Peña,14,20700.0,0.05,275310.0,3.6
2026-04-17,Atlántico,Distribuidor,Bebidas,Té frío 500ml,C. Ramírez,7,6100.0,0.15,36295.0,3.0
2026-02-27,Santander,Distribuidor,Cuidado,Shampoo sólido,L. Gómez,5,19300.0,0.05,91675.0,4.4
2026-01-28,Valle del Cauca,Distribuidor,Cuidado,Crema corporal,J. Peña,19,21000.0,0.0,399000.0,2.9
2026-04-10,Atlántico,E-commerce,Café,Café molido 500g,L. Gómez,22,28400.0,0.0,624800.0,2.9
2025-12-23,Valle del Cauca,Tienda física,Snacks,Mix de frutos secos,,13,12100.0,0.1,141570.0,5.0
2026-06-11,Valle del Cauca,Distribuidor,Bebidas,Té frío 500ml,S. Vargas,33,6400.0,0.0,211200.0,4.8
2026-06-11,Antioquia,Marketplace,Café,Cápsulas x20,A. Rojas,18,25600.0,0.0,460800.0,2.9
2025-09-07,Atlántico,E-commerce,Café,Café molido 500g,S. Vargas,14,32600.0,0.05,433580.0,3.4
2025-12-11,Antioquia,E-commerce,Café,Café molido 500g,M. Torres,13,43600.0,0.15,481780.0,3.2
2026-01-23,Eje Cafetero,Distribuidor,Snacks,Mix de frutos secos,M. Torres,8,10300.0,0.0,82400.0,2.9
2026-01-29,Eje Cafetero,Distribuidor,Snacks,Barra de cereal,J. Peña,11,9300.0,0.05,97185.0,4.6
2026-05-04,Atlántico,Marketplace,Snacks,Mix de frutos secos,M. Torres,6,9800.0,0.15,49980.0,4.6
2026-03-22,Santander,Marketplace,Cuidado,Shampoo sólido,L. Gómez,14,17300.0,0.0,242200.0,3.9
2026-03-30,Santander,Marketplace,Snacks,Barra de cereal,L. Gómez,14,8700.0,0.1,109620.0,4.7
2026-01-04,Bogotá,Marketplace,Snacks,Mix de frutos secos,A. Rojas,15,12800.0,0.05,182400.0,4.7
2026-01-20,Santander,Distribuidor,Café,Café en grano 1kg,J. Peña,10,28100.0,0.0,281000.0,4.6
2025-11-22,Eje Cafetero,Distribuidor,Bebidas,Jugo natural 1L,A. Rojas,12,9600.0,0.1,103680.0,4.0
2026-02-08,Eje Cafetero,Distribuidor,Café,Cápsulas x20,,21,28700.0,0.0,602700.0,4.3
2025-10-14,Eje Cafetero,Marketplace,Café,Café en grano 1kg,C. Ramírez,10,30800.0,0.0,308000.0,4.8
2026-01-04,Bogotá,Distribuidor,Snacks,Mix de frutos secos,M. Torres,23,12900.0,0.05,281865.0,3.0
2026-03-14,Atlántico,Marketplace,Cuidado,Shampoo sólido,S. Vargas,12,18200.0,0.0,218400.0,4.6
2026-06-10,Santander,Distribuidor,Snacks,Chips de plátano,J. Peña,15,8600.0,0.0,129000.0,3.9
2026-07-27,Atlántico,E-commerce,Bebidas,Jugo natural 1L,C. Ramírez,19,7700.0,0.0,146300.0,3.7
2026-02-24,Valle del Cauca,Tienda física,Café,Café en grano 1kg,L. Gómez,11,27300.0,0.0,300300.0,4.5
2026-06-13,Atlántico,E-commerce,Cuidado,Shampoo sólido,J. Peña,19,23000.0,0.0,437000.0,2.8
2026-01-20,Antioquia,Marketplace,Snacks,Mix de frutos secos,M. Torres,16,8300.0,0.15,112880.0,4.9
2025-10-30,Valle del Cauca,Distribuidor,Cuidado,Shampoo sólido,J. Peña,12,21300.0,0.05,242820.0,3.6
2025-11-17,Atlántico,Tienda física,Café,Café molido 500g,S. Vargas,10,38700.0,0.0,387000.0,3.4
2025-12-01,Santander,E-commerce,Cuidado,Shampoo sólido,D. Mejía,7,27500.0,0.0,192500.0,3.7
2026-04-01,Bogotá,E-commerce,Cuidado,Crema corporal,S. Vargas,7,27000.0,0.1,170100.0,4.4
2026-08-06,Valle del Cauca,Distribuidor,Café,Cápsulas x20,D. Mejía,15,26700.0,0.0,400500.0,4.2
2025-11-26,Bogotá,Marketplace,Café,Café molido 500g,J. Peña,11,50900.0,0.0,559900.0,4.4
2026-04-23,Atlántico,Tienda física,Snacks,Chips de plátano,S. Vargas,11,8600.0,0.0,94600.0,4.3
2025-09-12,Eje Cafetero,Distribuidor,Café,Café molido 500g,A. Rojas,12,26000.0,0.15,265200.0,2.9
2026-01-07,Eje Cafetero,E-commerce,Bebidas,Té frío 500ml,J. Peña,12,6500.0,0.05,74100.0,4.5
2026-08-03,Santander,E-commerce,Snacks,Mix de frutos secos,L. Gómez,13,9300.0,0.0,120900.0,3.6
2025-08-22,Antioquia,Distribuidor,Snacks,Chips de plátano,L. Gómez,16,9200.0,0.0,147200.0,3.7
2025-11-14,Bogotá,E-commerce,Cuidado,Jabón artesanal,A. Rojas,17,40500.0,0.1,619650.0,3.3
2026-04-21,Bogotá,Marketplace,Snacks,Mix de frutos secos,C. Ramírez,20,11100.0,0.0,222000.0,3.5
2025-11-22,Santander,Tienda física,Café,Café en grano 1kg,C. Ramírez,19,40800.0,0.0,775200.0,3.4
2025-12-13,Santander,Marketplace,Snacks,Mix de frutos secos,M. Torres,7,11000.0,0.0,77000.0,3.2
2026-05-05,Antioquia,E-commerce,Cuidado,Crema corporal,L. Gómez,24,20000.0,0.05,456000.0,
2025-09-11,Valle del Cauca,E-commerce,Cuidado,Shampoo sólido,D. Mejía,15,21000.0,0.1,283500.0,4.3
2026-06-24,Bogotá,Distribuidor,Snacks,Chips de plátano,L. Gómez,11,12700.0,0.15,118745.0,3.8
2026-03-13,Antioquia,Tienda física,Snacks,Mix de frutos secos,C. Ramírez,2,8400.0,0.05,15960.0,4.2
2025-12-11,Valle del Cauca,Marketplace,Café,Café en grano 1kg,C. Ramírez,12,38500.0,0.05,438900.0,2.8
2026-05-01,Antioquia,Marketplace,Snacks,Chips de plátano,L. Gómez,1,9400.0,0.15,7990.0,3.5
2026-06-07,Bogotá,Distribuidor,Bebidas,Jugo natural 1L,D. Mejía,21,8500.0,0.1,160650.0,3.6
2025-10-17,Antioquia,Marketplace,Cuidado,Crema corporal,A. Rojas,22,21300.0,0.0,468600.0,3.5
2026-02-07,Atlántico,Tienda física,Bebidas,Té frío 500ml,A. Rojas,15,6200.0,0.05,88350.0,3.8
2025-12-07,Valle del Cauca,Tienda física,Cuidado,Jabón artesanal,S. Vargas,8,28500.0,0.0,228000.0,4.1
2026-07-25,Valle del Cauca,Distribuidor,Cuidado,Shampoo sólido,C. Ramírez,23,19200.0,0.1,397440.0,4.1
2026-06-19,Eje Cafetero,E-commerce,Snacks,Barra de cereal,S. Vargas,25,11000.0,0.0,275000.0,4.2
2025-08-23,Atlántico,Marketplace,Snacks,Chips de plátano,D. Mejía,14,9700.0,0.15,115430.0,3.0
2025-10-20,Valle del Cauca,E-commerce,Snacks,Barra de cereal,D. Mejía,9,10600.0,0.0,95400.0,4.5
2026-05-21,Valle del Cauca,Marketplace,Bebidas,Jugo natural 1L,A. Rojas,1,7200.0,0.1,6480.0,4.9
2026-04-22,Santander,Tienda física,Bebidas,Jugo natural 1L,S. Vargas,10,7400.0,0.05,70300.0,4.4
2025-10-01,Atlántico,E-commerce,Snacks,Barra de cereal,A. Rojas,7,10800.0,0.0,75600.0,3.1
2025-08-11,Atlántico,E-commerce,Bebidas,Jugo natural 1L,L. Gómez,11,6900.0,0.1,68310.0,3.1
2025-10-08,Eje Cafetero,E-commerce,Café,Café molido 500g,J. Peña,27,29500.0,0.0,796500.0,3.3
2026-02-06,Eje Cafetero,E-commerce,Bebidas,Jugo natural 1L,S. Vargas,20,8200.0,0.05,155800.0,4.4
2026-04-27,Eje Cafetero,E-commerce,Café,Café en grano 1kg,S. Vargas,19,32000.0,0.0,608000.0,3.7
2026-02-27,Bogotá,Marketplace,Bebidas,Jugo natural 1L,D. Mejía,6,7600.0,0.0,45600.0,4.2
2026-05-02,Antioquia,Marketplace,Snacks,Chips de plátano,S. Vargas,17,8200.0,0.1,125460.0,4.4
2026-01-02,Eje Cafetero,Distribuidor,Cuidado,Shampoo sólido,S. Vargas,20,17600.0,0.05,334400.0,4.8
2026-08-01,Antioquia,Tienda física,Cuidado,Crema corporal,L. Gómez,19,18600.0,0.0,353400.0,4.4
2025-12-11,Eje Cafetero,E-commerce,Café,Café en grano 1kg,J. Peña,17,41700.0,0.0,708900.0,4.0
2026-06-10,Valle del Cauca,Distribuidor,Snacks,Mix de frutos secos,C. Ramírez,11,9000.0,0.0,99000.0,3.3
2026-07-31,Bogotá,Marketplace,Bebidas,Agua saborizada,S. Vargas,21,8400.0,0.0,176400.0,4.2
2025-09-19,Valle del Cauca,Marketplace,Café,Café en grano 1kg,C. Ramírez,11,27900.0,0.05,291555.0,3.9
2025-10-02,Antioquia,E-commerce,Cuidado,Jabón artesanal,L. Gómez,11,22700.0,0.0,249700.0,3.5
2025-09-24,Antioquia,Tienda física,Bebidas,Jugo natural 1L,C. Ramírez,11,7500.0,0.1,74250.0,3.9
2025-12-24,Atlántico,Distribuidor,Snacks,Chips de plátano,D. Mejía,15,12400.0,0.0,186000.0,4.8
2025-11-28,Bogotá,Marketplace,Cuidado,Crema corporal,D. Mejía,12,28900.0,0.0,346800.0,3.1
2025-08-31,Bogotá,Marketplace,Snacks,Barra de cereal,J. Peña,11,10200.0,0.1,100980.0,3.0
2026-01-11,Valle del Cauca,Marketplace,Cuidado,Crema corporal,S. Vargas,10,18600.0,0.0,186000.0,3.4
2026-01-18,Antioquia,Marketplace,Bebidas,Agua saborizada,J. Peña,29,7300.0,0.0,211700.0,3.9
2026-01-15,Valle del Cauca,Distribuidor,Café,Café molido 500g,J. Peña,7,29000.0,0.0,203000.0,4.0
2026-03-15,Valle del Cauca,E-commerce,Bebidas,Jugo natural 1L,M. Torres,6,8200.0,0.1,44280.0,3.7
2026-02-04,Antioquia,Tienda física,Cuidado,Shampoo sólido,S. Vargas,16,21800.0,0.05,331360.0,3.5
2026-06-19,Antioquia,Tienda física,Bebidas,Agua saborizada,J. Peña,27,6200.0,0.0,167400.0,4.4
2026-07-23,Santander,Distribuidor,Snacks,Chips de plátano,D. Mejía,14,8300.0,0.0,116200.0,4.1
2026-02-15,Atlántico,E-commerce,Cuidado,Crema corporal,L. Gómez,1,20000.0,0.15,17000.0,3.3
2025-10-04,Antioquia,E-commerce,Bebidas,Jugo natural 1L,J. Peña,6,6400.0,0.0,38400.0,3.7
2026-05-08,Santander,E-commerce,Cuidado,Jabón artesanal,J. Peña,14,23800.0,0.0,333200.0,3.6
2025-10-12,Bogotá,E-commerce,Cuidado,Shampoo sólido,J. Peña,15,28800.0,0.15,367200.0,3.6
2026-01-15,Antioquia,E-commerce,Snacks,Chips de plátano,J. Peña,1,10700.0,0.15,9095.0,4.9
2026-01-29,Eje Cafetero,E-commerce,Bebidas,Agua saborizada,D. Mejía,23,6700.0,0.05,146395.0,3.6
2025-10-29,Atlántico,Marketplace,Snacks,Chips de plátano,M. Torres,20,9900.0,0.15,168300.0,4.5
2026-01-22,Valle del Cauca,Distribuidor,Café,Café molido 500g,A. Rojas,18,28600.0,0.15,437580.0,4.3
2025-08-09,Atlántico,E-commerce,Café,Café en grano 1kg,,15,28200.0,0.0,423000.0,3.6
2025-08-18,Santander,Tienda física,Snacks,Mix de frutos secos,S. Vargas,9,9300.0,0.0,83700.0,4.1
2025-08-30,Eje Cafetero,Marketplace,Cuidado,Jabón artesanal,A. Rojas,9,17800.0,0.0,160200.0,4.6
2026-05-16,Eje Cafetero,Tienda física,Bebidas,Té frío 500ml,C. Ramírez,19,7400.0,0.1,126540.0,3.6
2026-05-21,Bogotá,Distribuidor,Snacks,Barra de cereal,A. Rojas,16,12600.0,0.0,201600.0,4.3
2025-11-22,Atlántico,Marketplace,Bebidas,Té frío 500ml,L. Gómez,26,9200.0,0.15,203320.0,4.3
2025-08-18,Bogotá,E-commerce,Snacks,Mix de frutos secos,D. Mejía,4,11900.0,0.05,45220.0,3.9
2026-07-14,Antioquia,Marketplace,Cuidado,Jabón artesanal,S. Vargas,6,18300.0,0.1,98820.0,4.6
2026-04-26,Antioquia,Marketplace,Bebidas,Té frío 500ml,M. Torres,21,6000.0,0.05,119700.0,4.3
2026-02-01,Valle del Cauca,Marketplace,Café,Café en grano 1kg,M. Torres,9,30100.0,0.05,257355.0,3.0
2026-06-08,Atlántico,E-commerce,Cuidado,Crema corporal,A. Rojas,25,21200.0,0.0,530000.0,4.7
2026-06-16,Antioquia,Tienda física,Bebidas,Jugo natural 1L,S. Vargas,7,6000.0,0.0,42000.0,2.9
2026-01-20,Atlántico,Tienda física,Cuidado,Shampoo sólido,C. Ramírez,8,17700.0,0.15,120360.0,3.0
2026-07-13,Atlántico,E-commerce,Café,Café molido 500g,A. Rojas,20,28500.0,0.15,484500.0,3.1
2026-02-15,Atlántico,E-commerce,Bebidas,Jugo natural 1L,J. Peña,14,6600.0,0.05,87780.0,4.4
2026-06-20,Santander,Distribuidor,Cuidado,Jabón artesanal,M. Torres,19,21800.0,0.0,414200.0,3.6
2026-06-15,Antioquia,Tienda física,Snacks,Barra de cereal,A. Rojas,16,9500.0,0.15,129200.0,3.9
2025-09-27,Eje Cafetero,E-commerce,Cuidado,Crema corporal,M. Torres,2,19100.0,0.0,38200.0,3.3
2025-09-30,Eje Cafetero,Distribuidor,Bebidas,Jugo natural 1L,D. Mejía,24,6600.0,0.15,134640.0,3.9
2026-07-25,Bogotá,Marketplace,Café,Café en grano 1kg,D. Mejía,14,37000.0,0.0,518000.0,3.3
2026-06-27,Eje Cafetero,E-commerce,Cuidado,Crema corporal,A. Rojas,8,22200.0,0.0,177600.0,4.3
2025-09-06,Antioquia,Distribuidor,Cuidado,Jabón artesanal,D. Mejía,16,17500.0,0.15,238000.0,3.2
2026-06-21,Bogotá,Distribuidor,Café,Cápsulas x20,D. Mejía,15,38400.0,0.0,576000.0,4.1
2026-03-24,Eje Cafetero,E-commerce,Snacks,Mix de frutos secos,L. Gómez,15,10600.0,0.1,143100.0,3.9
2025-11-06,Valle del Cauca,Tienda física,Cuidado,Shampoo sólido,L. Gómez,8,23200.0,0.0,185600.0,3.5
2025-12-03,Valle del Cauca,E-commerce,Cuidado,Shampoo sólido,S. Vargas,15,28600.0,0.15,364650.0,3.1
2026-03-12,Valle del Cauca,Distribuidor,Café,Cápsulas x20,A. Rojas,15,26600.0,0.0,399000.0,3.1
2026-08-04,Atlántico,E-commerce,Cuidado,Jabón artesanal,D. Mejía,11,20900.0,0.05,218405.0,3.0
2026-06-01,Antioquia,E-commerce,Snacks,Mix de frutos secos,A. Rojas,10,9800.0,0.1,88200.0,4.8
2025-10-15,Bogotá,Tienda física,Bebidas,Agua saborizada,S. Vargas,12,7800.0,0.15,79560.0,3.1
2026-04-02,Antioquia,Distribuidor,Café,Café en grano 1kg,L. Gómez,7,26400.0,0.15,157080.0,3.4
2025-11-18,Valle del Cauca,Marketplace,Café,Café molido 500g,J. Peña,24,42900.0,0.0,1029600.0,2.9
2026-05-10,Santander,E-commerce,Snacks,Mix de frutos secos,S. Vargas,19,9600.0,0.0,182400.0,4.3
2025-09-01,Atlántico,Marketplace,Café,Café en grano 1kg,M. Torres,1,29400.0,0.0,29400.0,3.6
2025-09-13,Santander,E-commerce,Cuidado,Shampoo sólido,L. Gómez,19,21300.0,0.0,404700.0,4.1
2025-11-19,Valle del Cauca,Distribuidor,Café,Café molido 500g,C. Ramírez,21,35000.0,0.05,698250.0,3.1
2025-09-01,Eje Cafetero,Distribuidor,Café,Cápsulas x20,S. Vargas,9,30500.0,0.0,274500.0,4.3
2025-12-23,Valle del Cauca,E-commerce,Cuidado,Shampoo sólido,S. Vargas,10,31500.0,0.0,315000.0,
2026-08-04,Eje Cafetero,E-commerce,Bebidas,Jugo natural 1L,D. Mejía,11,6900.0,0.05,72105.0,
2025-10-10,Eje Cafetero,Marketplace,Snacks,Chips de plátano,C. Ramírez,2,9700.0,0.1,17460.0,4.3
2026-06-09,Atlántico,Distribuidor,Snacks,Mix de frutos secos,C. Ramírez,19,9800.0,0.05,176890.0,4.3
2026-01-10,Antioquia,Tienda física,Cuidado,Jabón artesanal,M. Torres,8,17700.0,0.1,127440.0,3.2
2025-12-21,Santander,E-commerce,Café,Café molido 500g,M. Torres,11,44600.0,0.15,417010.0,
2026-03-05,Bogotá,Tienda física,Café,Cápsulas x20,C. Ramírez,22,40100.0,0.1,793980.0,3.3
2026-07-02,Valle del Cauca,E-commerce,Snacks,Chips de plátano,D. Mejía,22,9600.0,0.05,200640.0,4.3
2025-12-05,Antioquia,Tienda física,Cuidado,Shampoo sólido,M. Torres,29,23600.0,0.0,684400.0,3.8
2026-03-19,Eje Cafetero,Tienda física,Cuidado,Jabón artesanal,D. Mejía,14,19800.0,0.15,235620.0,3.1
2026-02-03,Antioquia,Marketplace,Café,Café molido 500g,C. Ramírez,11,27500.0,0.0,302500.0,4.8
2026-04-06,Atlántico,Marketplace,Café,Cápsulas x20,C. Ramírez,5,27500.0,0.05,130625.0,3.5
2026-06-06,Eje Cafetero,Tienda física,Café,Cápsulas x20,S. Vargas,20,28500.0,0.0,570000.0,4.8
2025-12-30,Eje Cafetero,Distribuidor,Bebidas,Jugo natural 1L,A. Rojas,18,8200.0,0.0,147600.0,4.0
2026-01-19,Santander,Distribuidor,Snacks,Chips de plátano,C. Ramírez,13,9000.0,0.0,117000.0,4.6
2026-06-17,Bogotá,Tienda física,Bebidas,Agua saborizada,C. Ramírez,10,7800.0,0.0,78000.0,3.7
2025-10-30,Bogotá,Distribuidor,Cuidado,Jabón artesanal,M. Torres,11,25700.0,0.05,268565.0,4.0
2025-09-04,Eje Cafetero,E-commerce,Snacks,Chips de plátano,C. Ramírez,18,10800.0,0.0,194400.0,3.5
2025-11-08,Santander,Distribuidor,Snacks,Chips de plátano,L. Gómez,9,13200.0,0.15,100980.0,3.6
2025-10-06,Valle del Cauca,Tienda física,Bebidas,Jugo natural 1L,D. Mejía,6,6500.0,0.05,37050.0,3.2
2025-09-27,Santander,E-commerce,Café,Café en grano 1kg,A. Rojas,24,29200.0,0.15,595680.0,3.4
2025-11-04,Eje Cafetero,Distribuidor,Cuidado,Shampoo sólido,L. Gómez,10,26000.0,0.0,260000.0,3.1
2026-03-22,Santander,Tienda física,Cuidado,Jabón artesanal,J. Peña,3,20800.0,0.0,62400.0,4.2
2025-09-19,Bogotá,Distribuidor,Bebidas,Agua saborizada,A. Rojas,11,7400.0,0.1,73260.0,3.2
2026-06-16,Atlántico,Marketplace,Café,Café molido 500g,S. Vargas,1,30900.0,0.0,30900.0,4.5
2026-07-20,Valle del Cauca,Distribuidor,Cuidado,Jabón artesanal,S. Vargas,21,19300.0,0.15,344505.0,3.8
2026-06-03,Bogotá,Marketplace,Bebidas,Jugo natural 1L,M. Torres,7,8900.0,0.05,59185.0,4.2
2025-10-18,Atlántico,Distribuidor,Cuidado,Jabón artesanal,M. Torres,15,21800.0,0.0,327000.0,3.6
2025-12-12,Valle del Cauca,Distribuidor,Café,Café en grano 1kg,J. Peña,27,40400.0,0.1,981720.0,4.8
2026-05-14,Atlántico,Tienda física,Cuidado,Crema corporal,C. Ramírez,15,19200.0,0.05,273600.0,3.6
2026-01-16,Eje Cafetero,E-commerce,Snacks,Chips de plátano,C. Ramírez,21,9900.0,0.1,187110.0,3.0
2025-11-01,Atlántico,Tienda física,Cuidado,Shampoo sólido,S. Vargas,1,28200.0,0.1,25380.0,4.1
2025-12-04,Santander,Tienda física,Cuidado,Jabón artesanal,S. Vargas,8,25700.0,0.0,205600.0,5.0
2026-01-03,Valle del Cauca,Marketplace,Bebidas,Agua saborizada,S. Vargas,20,7100.0,0.1,127800.0,
2026-06-02,Atlántico,Distribuidor,Cuidado,Jabón artesanal,C. Ramírez,11,21700.0,0.0,238700.0,3.8
2026-07-25,Eje Cafetero,Distribuidor,Bebidas,Té frío 500ml,M. Torres,17,7100.0,0.05,114665.0,3.6
2025-12-01,Santander,E-commerce,Cuidado,Crema corporal,M. Torres,16,31300.0,0.0,500800.0,4.0
2025-11-13,Santander,E-commerce,Cuidado,Crema corporal,M. Torres,1,28500.0,0.0,28500.0,3.6
2026-05-07,Antioquia,E-commerce,Snacks,Mix de frutos secos,J. Peña,16,10000.0,0.0,160000.0,2.9
2025-11-26,Atlántico,Tienda física,Cuidado,Crema corporal,C. Ramírez,14,25500.0,0.0,357000.0,3.1
2026-02-07,Valle del Cauca,E-commerce,Cuidado,Shampoo sólido,D. Mejía,6,22900.0,0.1,123660.0,3.5
2025-09-04,Bogotá,E-commerce,Snacks,Chips de plátano,M. Torres,10,13400.0,0.0,134000.0,3.1
2026-04-11,Valle del Cauca,Tienda física,Café,Cápsulas x20,A. Rojas,8,27100.0,0.0,216800.0,4.2
2026-04-30,Valle del Cauca,Distribuidor,Café,Café molido 500g,S. Vargas,23,27500.0,0.1,569250.0,3.4
2026-02-05,Atlántico,Tienda física,Snacks,Chips de plátano,A. Rojas,22,9500.0,0.05,198550.0,3.1
2025-11-03,Santander,Tienda física,Snacks,Barra de cereal,A. Rojas,6,13700.0,0.1,73980.0,4.1
2026-06-27,Valle del Cauca,Distribuidor,Bebidas,Jugo natural 1L,D. Mejía,18,7100.0,0.0,127800.0,2.8
2026-07-31,Atlántico,Distribuidor,Cuidado,Shampoo sólido,J. Peña,11,17600.0,0.05,183920.0,4.5
2026-07-31,Santander,Distribuidor,Cuidado,Shampoo sólido,S. Vargas,22,20300.0,0.05,424270.0,3.0
2025-08-14,Valle del Cauca,Tienda física,Cuidado,Crema corporal,J. Peña,20,19200.0,0.05,364800.0,3.6
2026-02-18,Bogotá,E-commerce,Café,Café en grano 1kg,C. Ramírez,13,43900.0,0.1,513630.0,4.4
2026-05-29,Santander,Distribuidor,Café,Cápsulas x20,S. Vargas,4,30800.0,0.1,110880.0,3.8
2026-02-15,Antioquia,E-commerce,Cuidado,Crema corporal,A. Rojas,17,21200.0,0.0,360400.0,4.1
2026-02-21,Antioquia,Tienda física,Bebidas,Jugo natural 1L,J. Peña,22,6400.0,0.15,119680.0,4.2
2025-10-26,Bogotá,Tienda física,Café,Café molido 500g,D. Mejía,15,34500.0,0.1,465750.0,2.9
2025-09-01,Santander,Marketplace,Cuidado,Shampoo sólido,L. Gómez,12,21700.0,0.0,260400.0,4.9
2025-10-07,Eje Cafetero,Marketplace,Café,Café molido 500g,M. Torres,16,30800.0,0.0,492800.0,3.3
2026-06-18,Bogotá,E-commerce,Café,Café molido 500g,S. Vargas,15,39200.0,0.0,588000.0,3.2
2025-08-15,Bogotá,Distribuidor,Bebidas,Agua saborizada,A. Rojas,13,8700.0,0.0,113100.0,4.5
2025-11-26,Eje Cafetero,Tienda física,Cuidado,Shampoo sólido,L. Gómez,11,27900.0,0.0,306900.0,3.2
2026-06-17,Santander,E-commerce,Cuidado,Jabón artesanal,J. Peña,20,20700.0,0.0,414000.0,4.3
2026-03-14,Atlántico,E-commerce,Snacks,Barra de cereal,D. Mejía,10,11200.0,0.05,106400.0,3.7
2026-03-28,Valle del Cauca,Marketplace,Bebidas,Agua saborizada,J. Peña,18,6600.0,0.1,106920.0,
2026-01-03,Santander,Marketplace,Snacks,Mix de frutos secos,S. Vargas,21,9300.0,0.0,195300.0,4.6
2026-03-13,Valle del Cauca,Marketplace,Snacks,Chips de plátano,C. Ramírez,17,8600.0,0.1,131580.0,3.3
2025-11-09,Santander,Distribuidor,Bebidas,Jugo natural 1L,S. Vargas,13,8600.0,0.05,106210.0,4.3
2025-12-03,Antioquia,Marketplace,Snacks,Mix de frutos secos,S. Vargas,7,13100.0,0.0,91700.0,3.8
2026-06-15,Bogotá,Marketplace,Café,Café molido 500g,D. Mejía,21,39200.0,0.0,823200.0,4.8
2025-09-03,Atlántico,E-commerce,Café,Cápsulas x20,L. Gómez,17,34500.0,0.05,557175.0,3.8
2026-04-09,Antioquia,Tienda física,Cuidado,Crema corporal,L. Gómez,11,18000.0,0.05,188100.0,4.9
2026-06-10,Bogotá,Marketplace,Snacks,Barra de cereal,A. Rojas,5,12900.0,0.15,54825.0,
2025-10-05,Atlántico,Marketplace,Bebidas,Jugo natural 1L,L. Gómez,8,7100.0,0.0,56800.0,3.6
2026-02-12,Bogotá,Marketplace,Café,Café molido 500g,D. Mejía,7,37600.0,0.05,250040.0,3.6
2026-02-18,Bogotá,Tienda física,Cuidado,Jabón artesanal,S. Vargas,15,22600.0,0.15,288150.0,3.6
2025-09-26,Bogotá,Marketplace,Café,Cápsulas x20,J. Peña,17,32500.0,0.0,552500.0,2.8
2026-04-02,Bogotá,Distribuidor,Bebidas,Jugo natural 1L,M. Torres,21,7900.0,0.0,165900.0,5.0
2026-01-19,Bogotá,Tienda física,Café,Cápsulas x20,C. Ramírez,2,39800.0,0.05,75620.0,4.8
2026-03-26,Antioquia,Tienda física,Snacks,Barra de cereal,C. Ramírez,7,9500.0,0.0,66500.0,4.6
2026-07-26,Santander,Distribuidor,Bebidas,Jugo natural 1L,L. Gómez,15,7400.0,0.1,99900.0,3.0
2025-09-19,Valle del Cauca,E-commerce,Snacks,Chips de plátano,A. Rojas,9,9200.0,0.0,82800.0,4.2
2025-11-20,Antioquia,Tienda física,Café,Café en grano 1kg,M. Torres,10,40300.0,0.15,342550.0,3.2
2025-12-17,Bogotá,Marketplace,Snacks,Barra de cereal,,4,16700.0,0.1,60120.0,4.1
2026-04-04,Valle del Cauca,E-commerce,Bebidas,Agua saborizada,L. Gómez,20,6800.0,0.0,136000.0,3.8
2026-06-17,Eje Cafetero,Distribuidor,Bebidas,Té frío 500ml,M. Torres,10,6000.0,0.0,60000.0,4.4
2025-09-20,Atlántico,Marketplace,Café,Café molido 500g,S. Vargas,18,30400.0,0.15,465120.0,3.9
2026-03-03,Eje Cafetero,Distribuidor,Cuidado,Shampoo sólido,L. Gómez,14,18600.0,0.05,247380.0,2.8
2025-12-30,Bogotá,Marketplace,Snacks,Chips de plátano,D. Mejía,14,16800.0,0.0,235200.0,4.9
2025-10-11,Antioquia,E-commerce,Bebidas,Agua saborizada,D. Mejía,23,6500.0,0.05,142025.0,4.7
2026-08-03,Antioquia,Tienda física,Snacks,Chips de plátano,C. Ramírez,6,9800.0,0.05,55860.0,5.0
2026-02-20,Bogotá,Tienda física,Snacks,Barra de cereal,M. Torres,15,11500.0,0.0,172500.0,3.8
2025-09-19,Atlántico,E-commerce,Café,Café en grano 1kg,A. Rojas,9,31200.0,0.0,280800.0,2.9
2026-02-01,Valle del Cauca,Distribuidor,Cuidado,Jabón artesanal,J. Peña,4,20500.0,0.0,82000.0,4.1
2026-07-06,Santander,Tienda física,Café,Cápsulas x20,M. Torres,21,26500.0,0.0,556500.0,4.2
2026-05-10,Atlántico,Marketplace,Bebidas,Agua saborizada,M. Torres,24,6800.0,0.05,155040.0,3.0
2026-07-24,Santander,Marketplace,Café,Café en grano 1kg,J. Peña,18,30200.0,0.0,543600.0,5.0
2026-04-05,Eje Cafetero,Distribuidor,Cuidado,Shampoo sólido,S. Vargas,9,17900.0,0.1,144990.0,3.2
2026-05-07,Santander,Tienda física,Snacks,Mix de frutos secos,D. Mejía,8,9000.0,0.05,68400.0,3.2
2026-01-15,Atlántico,Tienda física,Café,Café molido 500g,S. Vargas,3,26200.0,0.15,66810.0,4.5
2026-05-21,Eje Cafetero,Tienda física,Snacks,Mix de frutos secos,M. Torres,13,9800.0,0.15,108290.0,3.2
2025-11-15,Bogotá,E-commerce,Café,Café molido 500g,A. Rojas,6,51800.0,0.15,264180.0,4.6
2026-06-17,Eje Cafetero,Tienda física,Cuidado,Jabón artesanal,M. Torres,7,18600.0,0.15,110670.0,4.0
2026-03-14,Bogotá,E-commerce,Café,Cápsulas x20,L. Gómez,21,34900.0,0.0,732900.0,2.9
2026-03-06,Valle del Cauca,Marketplace,Snacks,Barra de cereal,M. Torres,17,9600.0,0.0,163200.0,4.2
2026-02-27,Atlántico,Marketplace,Cuidado,Jabón artesanal,S. Vargas,11,20800.0,0.0,228800.0,4.6
2026-06-26,Atlántico,Tienda física,Bebidas,Agua saborizada,M. Torres,15,5900.0,0.0,88500.0,4.5
2025-09-27,Bogotá,Tienda física,Cuidado,Crema corporal,C. Ramírez,12,25900.0,0.15,264180.0,4.4
2025-12-12,Valle del Cauca,E-commerce,Bebidas,Té frío 500ml,C. Ramírez,7,9300.0,0.0,65100.0,4.1
2026-04-15,Santander,E-commerce,Snacks,Mix de frutos secos,S. Vargas,12,10800.0,0.05,123120.0,4.3
2025-10-31,Bogotá,Marketplace,Cuidado,Jabón artesanal,S. Vargas,10,26800.0,0.0,268000.0,3.9
2025-10-13,Santander,Marketplace,Café,Café molido 500g,J. Peña,31,25600.0,0.1,714240.0,3.8
2025-09-07,Valle del Cauca,Tienda física,Café,Cápsulas x20,D. Mejía,14,29000.0,0.15,345100.0,4.3
2026-04-02,Bogotá,Tienda física,Cuidado,Jabón artesanal,C. Ramírez,10,23400.0,0.0,234000.0,5.0
2026-05-03,Antioquia,Marketplace,Snacks,Mix de frutos secos,D. Mejía,25,10300.0,0.15,218875.0,3.7
2025-12-21,Eje Cafetero,Tienda física,Bebidas,Agua saborizada,M. Torres,1,9300.0,0.1,8370.0,4.1
2026-06-19,Valle del Cauca,E-commerce,Snacks,Barra de cereal,C. Ramírez,29,11000.0,0.0,319000.0,3.9
2025-09-06,Atlántico,Tienda física,Cuidado,Shampoo sólido,A. Rojas,15,18200.0,0.0,273000.0,4.0
2026-06-05,Eje Cafetero,E-commerce,Bebidas,Agua saborizada,M. Torres,15,6500.0,0.0,97500.0,3.0
2026-05-29,Santander,Tienda física,Snacks,Chips de plátano,M. Torres,8,9200.0,0.05,69920.0,4.0
2026-05-21,Eje Cafetero,Distribuidor,Snacks,Barra de cereal,C. Ramírez,13,9000.0,0.15,99450.0,2.9
2026-03-11,Eje Cafetero,E-commerce,Cuidado,Crema corporal,D. Mejía,17,22600.0,0.0,384200.0,4.6
2026-03-08,Atlántico,Marketplace,Cuidado,Crema corporal,D. Mejía,17,20600.0,0.15,297670.0,4.0
2026-07-15,Bogotá,Marketplace,Café,Cápsulas x20,J. Peña,5,33400.0,0.15,141950.0,3.6
2026-06-02,Valle del Cauca,Marketplace,Snacks,Mix de frutos secos,C. Ramírez,13,8700.0,0.0,113100.0,4.6
2026-02-01,Eje Cafetero,E-commerce,Cuidado,Crema corporal,M. Torres,13,19900.0,0.0,258700.0,4.0
2025-10-06,Bogotá,Distribuidor,Café,Café en grano 1kg,M. Torres,11,36000.0,0.0,396000.0,4.1
2025-08-28,Bogotá,Distribuidor,Café,Cápsulas x20,D. Mejía,22,36800.0,0.0,809600.0,3.0
2025-12-27,Antioquia,Tienda física,Bebidas,Agua saborizada,M. Torres,13,9400.0,0.05,116090.0,3.8
2025-11-14,Bogotá,Distribuidor,Cuidado,Shampoo sólido,A. Rojas,12,31600.0,0.05,360240.0,4.6
2026-01-14,Atlántico,Tienda física,Cuidado,Crema corporal,D. Mejía,1,17500.0,0.15,14875.0,4.6
2026-02-28,Bogotá,Distribuidor,Snacks,Chips de plátano,L. Gómez,15,10200.0,0.1,137700.0,4.7
2026-05-18,Eje Cafetero,Tienda física,Bebidas,Agua saborizada,C. Ramírez,17,6500.0,0.1,99450.0,4.7
2026-06-07,Valle del Cauca,E-commerce,Bebidas,Jugo natural 1L,D. Mejía,5,7000.0,0.0,35000.0,3.0
2026-05-18,Bogotá,Distribuidor,Café,Café molido 500g,C. Ramírez,21,33200.0,0.0,697200.0,2.8
2026-07-11,Eje Cafetero,Tienda física,Bebidas,Agua saborizada,C. Ramírez,19,7000.0,0.1,119700.0,4.3
2025-11-28,Santander,Marketplace,Café,Café en grano 1kg,J. Peña,25,36200.0,0.0,905000.0,4.0
2026-08-05,Eje Cafetero,E-commerce,Cuidado,Shampoo sólido,D. Mejía,8,21400.0,0.0,171200.0,3.3
2025-12-20,Santander,Distribuidor,Bebidas,Agua saborizada,D. Mejía,3,9200.0,0.05,26220.0,3.1
2025-10-22,Eje Cafetero,Marketplace,Café,Café en grano 1kg,D. Mejía,14,26300.0,0.05,349790.0,3.7
2026-05-04,Valle del Cauca,E-commerce,Café,Café molido 500g,J. Peña,20,32100.0,0.15,545700.0,3.3
2026-01-07,Valle del Cauca,Distribuidor,Café,Café en grano 1kg,S. Vargas,9,27000.0,0.1,218700.0,3.5
2026-02-05,Eje Cafetero,E-commerce,Cuidado,Shampoo sólido,M. Torres,23,21000.0,0.0,483000.0,2.8
2025-10-18,Atlántico,Distribuidor,Café,Café molido 500g,S. Vargas,11,27100.0,0.1,268290.0,4.7
2025-08-21,Santander,Tienda física,Café,Café en grano 1kg,J. Peña,18,27600.0,0.05,471960.0,3.0
2026-04-02,Eje Cafetero,Distribuidor,Café,Café molido 500g,J. Peña,14,28600.0,0.05,380380.0,3.3
2026-08-01,Bogotá,E-commerce,Snacks,Mix de frutos secos,C. Ramírez,14,12900.0,0.1,162540.0,3.2
2026-06-29,Santander,Marketplace,Snacks,Barra de cereal,M. Torres,8,8900.0,0.0,71200.0,
2026-04-02,Atlántico,Marketplace,Cuidado,Jabón artesanal,J. Peña,21,17100.0,0.15,305235.0,3.5
2026-07-18,Atlántico,E-commerce,Cuidado,Shampoo sólido,S. Vargas,13,23500.0,0.05,290225.0,3.4
2025-12-05,Eje Cafetero,Tienda física,Bebidas,Agua saborizada,L. Gómez,29,9900.0,0.15,244035.0,3.2
2026-03-14,Bogotá,Marketplace,Bebidas,Jugo natural 1L,C. Ramírez,19,8600.0,0.05,155230.0,4.0
2026-03-13,Bogotá,Marketplace,Café,Cápsulas x20,S. Vargas,18,31500.0,0.15,481950.0,3.9
2025-08-29,Valle del Cauca,Distribuidor,Snacks,Mix de frutos secos,A. Rojas,24,9500.0,0.0,228000.0,3.3
2026-05-23,Valle del Cauca,Marketplace,Café,Cápsulas x20,L. Gómez,12,30100.0,0.0,361200.0,4.3
2025-09-24,Santander,Tienda física,Café,Café molido 500g,M. Torres,15,27200.0,0.0,408000.0,4.7
2026-02-12,Atlántico,E-commerce,Café,Cápsulas x20,C. Ramírez,9,28600.0,0.0,257400.0,3.9
2026-06-28,Eje Cafetero,Distribuidor,Snacks,Barra de cereal,J. Peña,23,9300.0,0.1,192510.0,5.0
2025-12-14,Bogotá,Tienda física,Bebidas,Té frío 500ml,A. Rojas,9,12300.0,0.15,94095.0,4.1
2026-04-12,Antioquia,E-commerce,Bebidas,Té frío 500ml,C. Ramírez,19,6500.0,0.0,123500.0,4.8
2026-02-14,Eje Cafetero,Tienda física,Bebidas,Té frío 500ml,,19,6000.0,0.0,114000.0,4.5
2025-09-01,Bogotá,Marketplace,Bebidas,Agua saborizada,J. Peña,21,7600.0,0.1,143640.0,3.4
2026-02-21,Antioquia,E-commerce,Bebidas,Agua saborizada,M. Torres,1,6800.0,0.15,5780.0,2.9
2026-05-29,Santander,Distribuidor,Bebidas,Té frío 500ml,S. Vargas,10,6600.0,0.0,66000.0,3.0
2026-07-31,Santander,Marketplace,Café,Café en grano 1kg,A. Rojas,19,25600.0,0.05,462080.0,3.3
2026-07-07,Valle del Cauca,E-commerce,Bebidas,Agua saborizada,C. Ramírez,14,7200.0,0.15,85680.0,3.5
2026-01-14,Atlántico,E-commerce,Café,Café molido 500g,L. Gómez,15,28900.0,0.15,368475.0,4.9
2026-03-25,Santander,Marketplace,Cuidado,Shampoo sólido,M. Torres,11,21200.0,0.15,198220.0,4.7
2025-10-25,Eje Cafetero,Tienda física,Café,Cápsulas x20,L. Gómez,12,26900.0,0.05,306660.0,3.5
2026-01-11,Santander,E-commerce,Bebidas,Jugo natural 1L,C. Ramírez,30,7900.0,0.0,237000.0,4.9
2026-02-25,Antioquia,Distribuidor,Cuidado,Crema corporal,D. Mejía,14,18000.0,0.0,252000.0,3.8
2026-06-17,Antioquia,Tienda física,Cuidado,Crema corporal,D. Mejía,13,20600.0,0.05,254410.0,4.3
2026-06-27,Santander,Marketplace,Café,Café molido 500g,J. Peña,6,28100.0,0.05,160170.0,5.0
2025-08-21,Valle del Cauca,Distribuidor,Café,Café en grano 1kg,J. Peña,11,27800.0,0.0,305800.0,3.4
2026-05-03,Antioquia,Marketplace,Cuidado,Jabón artesanal,L. Gómez,4,19400.0,0.05,73720.0,3.9
2025-11-12,Antioquia,Tienda física,Cuidado,Shampoo sólido,L. Gómez,3,24800.0,0.15,63240.0,4.2
2026-03-21,Valle del Cauca,Marketplace,Café,Café en grano 1kg,D. Mejía,24,30400.0,0.0,729600.0,3.1
2026-03-15,Santander,Distribuidor,Cuidado,Shampoo sólido,M. Torres,1,20200.0,0.0,20200.0,3.8
2025-08-22,Atlántico,E-commerce,Bebidas,Jugo natural 1L,M. Torres,12,7100.0,0.05,80940.0,4.8
2025-09-09,Valle del Cauca,Tienda física,Café,Café en grano 1kg,L. Gómez,8,27200.0,0.0,217600.0,3.0
2025-08-26,Santander,E-commerce,Bebidas,Jugo natural 1L,C. Ramírez,15,7900.0,0.0,118500.0,3.2
2025-11-23,Eje Cafetero,Tienda física,Snacks,Chips de plátano,S. Vargas,19,13200.0,0.1,225720.0,4.9
2026-05-30,Bogotá,E-commerce,Café,Café en grano 1kg,A. Rojas,14,37100.0,0.0,519400.0,3.5
2026-03-12,Atlántico,Tienda física,Café,Café en grano 1kg,L. Gómez,13,25400.0,0.1,297180.0,3.3
2026-03-16,Santander,Marketplace,Café,Café molido 500g,A. Rojas,17,25500.0,0.1,390150.0,4.9
2026-06-23,Santander,Tienda física,Cuidado,Shampoo sólido,A. Rojas,6,20800.0,0.0,124800.0,4.7
2026-07-10,Eje Cafetero,Tienda física,Café,Café en grano 1kg,C. Ramírez,8,27600.0,0.05,209760.0,3.3
2025-12-24,Atlántico,Distribuidor,Cuidado,Jabón artesanal,D. Mejía,19,24400.0,0.15,394060.0,3.2
2025-11-27,Bogotá,Tienda física,Cuidado,Jabón artesanal,D. Mejía,11,32700.0,0.1,323730.0,5.0
2026-06-07,Santander,Marketplace,Snacks,Chips de plátano,M. Torres,12,9300.0,0.0,111600.0,3.6
2025-10-19,Santander,E-commerce,Cuidado,Crema corporal,D. Mejía,8,21000.0,0.15,142800.0,3.1
2026-03-15,Eje Cafetero,Distribuidor,Bebidas,Té frío 500ml,C. Ramírez,8,6900.0,0.0,55200.0,3.3
2026-01-17,Atlántico,Distribuidor,Cuidado,Shampoo sólido,C. Ramírez,19,18300.0,0.0,347700.0,3.8
2026-04-09,Santander,Marketplace,Cuidado,Jabón artesanal,M. Torres,17,17700.0,0.1,270810.0,3.6
2025-11-20,Eje Cafetero,Tienda física,Bebidas,Agua saborizada,A. Rojas,33,8000.0,0.15,224400.0,3.9
2025-11-25,Eje Cafetero,Distribuidor,Cuidado,Crema corporal,C. Ramírez,16,24900.0,0.15,338640.0,3.6
2026-01-12,Valle del Cauca,Marketplace,Bebidas,Té frío 500ml,D. Mejía,15,6100.0,0.0,91500.0,4.4
2025-11-21,Antioquia,Tienda física,Cuidado,Shampoo sólido,M. Torres,21,24400.0,0.0,512400.0,3.4
2026-07-14,Antioquia,E-commerce,Snacks,Mix de frutos secos,D. Mejía,1,10700.0,0.05,10165.0,3.4
2025-12-08,Antioquia,Marketplace,Bebidas,Agua saborizada,C. Ramírez,19,8100.0,0.0,153900.0,4.0
2025-08-15,Atlántico,Distribuidor,Café,Café en grano 1kg,C. Ramírez,13,26800.0,0.0,348400.0,2.9
2026-03-10,Antioquia,Marketplace,Snacks,Chips de plátano,M. Torres,14,8200.0,0.05,109060.0,4.5
2026-03-31,Santander,Distribuidor,Snacks,Mix de frutos secos,C. Ramírez,21,8500.0,0.15,151725.0,4.6
2025-09-16,Atlántico,Distribuidor,Bebidas,Té frío 500ml,D. Mejía,17,6700.0,0.0,113900.0,3.0
2025-11-14,Bogotá,Tienda física,Café,Cápsulas x20,J. Peña,15,50900.0,0.1,687150.0,4.8
2026-06-11,Santander,E-commerce,Bebidas,Agua saborizada,M. Torres,13,6900.0,0.05,85215.0,3.9
2026-01-27,Valle del Cauca,Tienda física,Bebidas,Jugo natural 1L,,26,7300.0,0.1,170820.0,4.1
2026-07-28,Atlántico,Tienda física,Cuidado,Shampoo sólido,C. Ramírez,1,19400.0,0.15,16490.0,4.5
2026-06-25,Santander,Tienda física,Café,Café en grano 1kg,L. Gómez,16,25500.0,0.1,367200.0,3.0
2026-02-17,Santander,Tienda física,Bebidas,Agua saborizada,M. Torres,6,6100.0,0.1,32940.0,4.1
2026-07-03,Atlántico,E-commerce,Café,Cápsulas x20,A. Rojas,15,32100.0,0.0,481500.0,4.1
2025-09-03,Antioquia,Distribuidor,Café,Café en grano 1kg,M. Torres,10,30100.0,0.0,301000.0,4.8
2026-02-13,Valle del Cauca,Distribuidor,Bebidas,Agua saborizada,C. Ramírez,20,6600.0,0.15,112200.0,3.0
2025-08-12,Eje Cafetero,E-commerce,Café,Cápsulas x20,L. Gómez,17,32300.0,0.0,549100.0,3.5
2025-10-28,Bogotá,Tienda física,Café,Cápsulas x20,A. Rojas,8,33000.0,0.05,250800.0,3.4
2025-09-22,Atlántico,E-commerce,Snacks,Barra de cereal,S. Vargas,13,9100.0,0.1,106470.0,4.3
2026-03-15,Antioquia,E-commerce,Bebidas,Té frío 500ml,D. Mejía,14,6500.0,0.15,77350.0,3.2
2025-09-02,Antioquia,Distribuidor,Cuidado,Shampoo sólido,,1,17900.0,0.15,15215.0,3.1
2026-06-28,Atlántico,Distribuidor,Cuidado,Shampoo sólido,J. Peña,18,17600.0,0.15,269280.0,2.9
2025-09-08,Santander,Distribuidor,Cuidado,Crema corporal,C. Ramírez,16,21100.0,0.05,320720.0,4.5
2026-02-13,Bogotá,Marketplace,Cuidado,Shampoo sólido,M. Torres,22,21900.0,0.15,409530.0,3.1
2025-10-01,Antioquia,Marketplace,Café,Cápsulas x20,S. Vargas,21,28400.0,0.0,596400.0,3.9
2026-06-14,Valle del Cauca,E-commerce,Cuidado,Jabón artesanal,C. Ramírez,7,19600.0,0.0,137200.0,3.3
2026-06-10,Santander,E-commerce,Café,Cápsulas x20,S. Vargas,14,27900.0,0.1,351540.0,3.5
2025-11-10,Atlántico,Marketplace,Snacks,Mix de frutos secos,M. Torres,13,11000.0,0.15,121550.0,4.0
2026-05-01,Bogotá,Tienda física,Cuidado,Jabón artesanal,A. Rojas,16,24600.0,0.0,393600.0,3.8
2026-05-02,Bogotá,Distribuidor,Bebidas,Té frío 500ml,L. Gómez,31,7800.0,0.0,241800.0,3.9
2025-10-29,Santander,Marketplace,Snacks,Chips de plátano,L. Gómez,23,9200.0,0.0,211600.0,4.1
2025-11-27,Santander,E-commerce,Bebidas,Té frío 500ml,L. Gómez,7,10800.0,0.05,71820.0,4.3
2026-04-24,Santander,Distribuidor,Cuidado,Crema corporal,,7,17600.0,0.05,117040.0,4.5
2025-10-06,Atlántico,Marketplace,Snacks,Chips de plátano,A. Rojas,17,10200.0,0.05,164730.0,2.9
2025-11-19,Valle del Cauca,Tienda física,Bebidas,Jugo natural 1L,A. Rojas,17,8900.0,0.0,151300.0,3.6
2026-04-26,Eje Cafetero,E-commerce,Cuidado,Jabón artesanal,S. Vargas,6,20800.0,0.0,124800.0,2.8
2025-10-04,Atlántico,E-commerce,Café,Cápsulas x20,M. Torres,12,28700.0,0.05,327180.0,3.7
2025-10-31,Santander,Tienda física,Café,Café molido 500g,S. Vargas,15,27400.0,0.05,390450.0,3.3
2026-02-19,Santander,E-commerce,Snacks,Chips de plátano,J. Peña,8,9500.0,0.0,76000.0,3.2
2026-06-09,Santander,Distribuidor,Snacks,Barra de cereal,L. Gómez,1,8200.0,0.0,8200.0,3.5
2025-11-16,Valle del Cauca,Tienda física,Café,Café en grano 1kg,S. Vargas,11,39500.0,0.1,391050.0,4.9
2026-05-30,Bogotá,Distribuidor,Café,Café molido 500g,L. Gómez,5,38200.0,0.05,181450.0,3.3
2026-02-18,Eje Cafetero,Marketplace,Snacks,Mix de frutos secos,D. Mejía,6,9500.0,0.15,48450.0,4.8
2025-11-30,Atlántico,E-commerce,Snacks,Barra de cereal,C. Ramírez,12,15300.0,0.05,174420.0,4.0
2025-12-28,Valle del Cauca,Marketplace,Snacks,Barra de cereal,M. Torres,11,11100.0,0.05,115995.0,4.2
2026-03-04,Santander,E-commerce,Cuidado,Shampoo sólido,J. Peña,8,19000.0,0.0,152000.0,4.1
2026-05-21,Eje Cafetero,Tienda física,Café,Café en grano 1kg,,3,31700.0,0.0,95100.0,4.9
2026-01-25,Antioquia,Marketplace,Bebidas,Jugo natural 1L,M. Torres,20,6600.0,0.15,112200.0,3.4
2026-02-11,Antioquia,E-commerce,Café,Cápsulas x20,M. Torres,9,31100.0,0.05,265905.0,3.1
2025-09-18,Santander,E-commerce,Snacks,Barra de cereal,J. Peña,14,10500.0,0.15,124950.0,4.7
2026-04-06,Bogotá,E-commerce,Snacks,Chips de plátano,S. Vargas,18,11800.0,0.0,212400.0,
2025-09-23,Atlántico,Tienda física,Bebidas,Agua saborizada,A. Rojas,1,7500.0,0.1,6750.0,2.9
2025-08-15,Santander,Tienda física,Snacks,Chips de plátano,M. Torres,20,8900.0,0.0,178000.0,4.2
2025-12-27,Santander,E-commerce,Snacks,Barra de cereal,J. Peña,10,13800.0,0.15,117300.0,4.9
2026-05-28,Atlántico,Distribuidor,Bebidas,Té frío 500ml,J. Peña,26,7400.0,0.0,192400.0,4.7
2025-08-25,Eje Cafetero,Distribuidor,Café,Café en grano 1kg,A. Rojas,8,27500.0,0.1,198000.0,4.0
2026-03-20,Bogotá,E-commerce,Bebidas,Té frío 500ml,J. Peña,16,9300.0,0.15,126480.0,4.9
2025-12-27,Santander,E-commerce,Cuidado,Shampoo sólido,S. Vargas,25,28800.0,0.15,612000.0,3.6
2026-05-21,Eje Cafetero,Tienda física,Snacks,Mix de frutos secos,,12,8900.0,0.0,106800.0,3.8
2025-10-04,Eje Cafetero,Tienda física,Snacks,Chips de plátano,S. Vargas,14,9400.0,0.15,111860.0,4.0
2026-05-17,Antioquia,Marketplace,Snacks,Mix de frutos secos,S. Vargas,17,9600.0,0.15,138720.0,4.5
2026-07-09,Antioquia,Tienda física,Snacks,Chips de plátano,D. Mejía,23,9200.0,0.1,190440.0,3.7
2026-06-25,Valle del Cauca,Marketplace,Snacks,Barra de cereal,,22,10000.0,0.0,220000.0,4.1
2026-03-18,Valle del Cauca,E-commerce,Cuidado,Shampoo sólido,L. Gómez,12,22500.0,0.0,270000.0,2.9
2026-05-09,Valle del Cauca,Marketplace,Snacks,Mix de frutos secos,M. Torres,20,8700.0,0.05,165300.0,2.8
2026-02-21,Santander,E-commerce,Café,Café molido 500g,L. Gómez,11,29500.0,0.05,308275.0,2.9
2026-03-30,Atlántico,Marketplace,Bebidas,Jugo natural 1L,S. Vargas,4,6700.0,0.05,25460.0,4.5
2026-07-19,Atlántico,Marketplace,Cuidado,Jabón artesanal,A. Rojas,10,17900.0,0.0,179000.0,3.1
2026-04-21,Bogotá,Marketplace,Bebidas,Jugo natural 1L,L. Gómez,16,8100.0,0.15,110160.0,3.9
2025-10-15,Valle del Cauca,E-commerce,Café,Café en grano 1kg,M. Torres,23,34600.0,0.0,795800.0,3.9
2026-07-08,Atlántico,Distribuidor,Snacks,Barra de cereal,L. Gómez,18,9700.0,0.1,157140.0,3.1
2026-03-23,Antioquia,E-commerce,Cuidado,Crema corporal,J. Peña,19,21800.0,0.0,414200.0,3.8
2025-10-31,Bogotá,Tienda física,Snacks,Chips de plátano,D. Mejía,7,10600.0,0.0,74200.0,4.4
2026-04-12,Valle del Cauca,E-commerce,Cuidado,Jabón artesanal,D. Mejía,13,22700.0,0.1,265590.0,4.1
2026-07-16,Santander,Marketplace,Cuidado,Jabón artesanal,A. Rojas,13,21800.0,0.1,255060.0,
2026-06-13,Bogotá,E-commerce,Snacks,Mix de frutos secos,A. Rojas,20,12200.0,0.0,244000.0,4.2
2025-10-01,Valle del Cauca,E-commerce,Bebidas,Jugo natural 1L,J. Peña,13,7000.0,0.1,81900.0,2.9
2026-07-23,Eje Cafetero,Distribuidor,Bebidas,Té frío 500ml,D. Mejía,10,5900.0,0.0,59000.0,4.1
2026-03-31,Bogotá,E-commerce,Snacks,Mix de frutos secos,C. Ramírez,13,11200.0,0.0,145600.0,4.7
2026-02-13,Valle del Cauca,E-commerce,Cuidado,Shampoo sólido,J. Peña,1,22800.0,0.05,21660.0,3.0
2025-12-05,Bogotá,Marketplace,Cuidado,Crema corporal,L. Gómez,16,33000.0,0.05,501600.0,
2026-05-18,Atlántico,Tienda física,Bebidas,Agua saborizada,S. Vargas,11,6600.0,0.0,72600.0,4.6
2026-01-09,Santander,E-commerce,Bebidas,Agua saborizada,L. Gómez,2,6700.0,0.0,13400.0,3.2
2025-08-15,Valle del Cauca,Marketplace,Bebidas,Jugo natural 1L,J. Peña,24,6100.0,0.0,146400.0,4.3
2026-01-24,Antioquia,Distribuidor,Snacks,Chips de plátano,D. Mejía,12,8200.0,0.05,93480.0,3.8
2026-06-07,Atlántico,E-commerce,Café,Café molido 500g,D. Mejía,4,30500.0,0.0,122000.0,3.5
2026-01-28,Eje Cafetero,Tienda física,Cuidado,Shampoo sólido,S. Vargas,8,20000.0,0.0,160000.0,4.8
2026-01-28,Santander,Distribuidor,Bebidas,Agua saborizada,L. Gómez,15,5900.0,0.0,88500.0,4.4
2026-01-13,Atlántico,E-commerce,Cuidado,Shampoo sólido,C. Ramírez,10,19500.0,0.0,195000.0,4.7
2025-12-13,Valle del Cauca,Tienda física,Bebidas,Té frío 500ml,J. Peña,11,8400.0,0.15,78540.0,3.3
2026-07-17,Atlántico,Distribuidor,Bebidas,Agua saborizada,C. Ramírez,13,5900.0,0.1,69030.0,4.7
2026-01-17,Santander,E-commerce,Café,Café molido 500g,D. Mejía,9,33700.0,0.0,303300.0,4.5
2026-08-04,Valle del Cauca,Tienda física,Café,Café molido 500g,M. Torres,19,25700.0,0.0,488300.0,3.5
2026-07-13,Santander,Tienda física,Snacks,Mix de frutos secos,J. Peña,22,10100.0,0.0,222200.0,4.2
2026-05-24,Atlántico,Tienda física,Café,Café molido 500g,M. Torres,17,27000.0,0.0,459000.0,3.6
2026-03-03,Valle del Cauca,Distribuidor,Café,Café en grano 1kg,L. Gómez,11,29200.0,0.0,321200.0,5.0
2025-11-09,Antioquia,Tienda física,Café,Cápsulas x20,D. Mejía,17,37000.0,0.0,629000.0,5.0
2026-02-26,Santander,Tienda física,Bebidas,Agua saborizada,A. Rojas,21,7200.0,0.05,143640.0,3.5
2025-09-05,Antioquia,E-commerce,Cuidado,Crema corporal,C. Ramírez,24,21800.0,0.0,523200.0,4.1
2025-10-31,Atlántico,Distribuidor,Snacks,Chips de plátano,D. Mejía,2,8300.0,0.0,16600.0,3.8
2025-11-24,Atlántico,Marketplace,Snacks,Barra de cereal,C. Ramírez,7,10900.0,0.1,68670.0,3.5
2025-09-18,Antioquia,Marketplace,Café,Café molido 500g,S. Vargas,18,30300.0,0.1,490860.0,
2026-01-15,Atlántico,Tienda física,Café,Café en grano 1kg,J. Peña,21,26800.0,0.0,562800.0,
2025-09-20,Valle del Cauca,Tienda física,Bebidas,Jugo natural 1L,A. Rojas,10,7400.0,0.1,66600.0,4.4
2025-09-23,Atlántico,Distribuidor,Bebidas,Té frío 500ml,A. Rojas,7,7300.0,0.0,51100.0,3.4
2026-03-28,Antioquia,Distribuidor,Café,Café molido 500g,D. Mejía,20,30900.0,0.0,618000.0,4.8
2026-04-11,Atlántico,Tienda física,Snacks,Barra de cereal,L. Gómez,29,10000.0,0.0,290000.0,4.7
2026-05-04,Antioquia,Marketplace,Bebidas,Agua saborizada,A. Rojas,25,7100.0,0.0,177500.0,4.9
2025-10-11,Eje Cafetero,Distribuidor,Cuidado,Crema corporal,J. Peña,4,18100.0,0.0,72400.0,4.5
2026-01-18,Santander,Tienda física,Café,Cápsulas x20,A. Rojas,17,29400.0,0.0,499800.0,4.6
2025-09-28,Valle del Cauca,Tienda física,Bebidas,Agua saborizada,M. Torres,28,7000.0,0.0,196000.0,4.7
2025-09-12,Atlántico,Tienda física,Café,Café en grano 1kg,S. Vargas,5,26800.0,0.0,134000.0,4.6
2025-12-08,Valle del Cauca,Tienda física,Snacks,Chips de plátano,M. Torres,9,12900.0,0.0,116100.0,4.8
2026-07-05,Atlántico,E-commerce,Snacks,Barra de cereal,A. Rojas,7,9300.0,0.15,55335.0,2.9
2026-08-06,Atlántico,Tienda física,Café,Café molido 500g,A. Rojas,11,31800.0,0.0,349800.0,4.6
2025-09-23,Valle del Cauca,Distribuidor,Café,Café en grano 1kg,M. Torres,18,28600.0,0.15,437580.0,4.2
2026-01-25,Eje Cafetero,Tienda física,Cuidado,Shampoo sólido,J. Peña,17,18900.0,0.0,321300.0,
2026-03-07,Eje Cafetero,Distribuidor,Cuidado,Jabón artesanal,C. Ramírez,12,18000.0,0.15,183600.0,4.9
2026-04-12,Bogotá,E-commerce,Cuidado,Crema corporal,J. Peña,15,28200.0,0.05,401850.0,3.4
2026-04-25,Santander,Marketplace,Café,Café molido 500g,L. Gómez,18,26300.0,0.0,473400.0,4.6
2026-07-27,Eje Cafetero,E-commerce,Café,Café molido 500g,A. Rojas,10,33800.0,0.0,338000.0,4.3
2025-09-10,Santander,Marketplace,Snacks,Chips de plátano,D. Mejía,7,10200.0,0.0,71400.0,2.8
2026-01-26,Eje Cafetero,E-commerce,Café,Café molido 500g,A. Rojas,9,34000.0,0.15,260100.0,3.2
2025-08-08,Atlántico,Tienda física,Cuidado,Shampoo sólido,J. Peña,26,19600.0,0.0,509600.0,2.9
2026-08-05,Atlántico,E-commerce,Café,Café molido 500g,A. Rojas,7,32700.0,0.0,228900.0,3.3
2026-01-18,Bogotá,E-commerce,Cuidado,Shampoo sólido,L. Gómez,6,26200.0,0.1,141480.0,3.5
2026-03-09,Eje Cafetero,Marketplace,Snacks,Chips de plátano,A. Rojas,11,9500.0,0.05,99275.0,4.6
2026-02-21,Antioquia,E-commerce,Café,Cápsulas x20,S. Vargas,11,32800.0,0.15,306680.0,4.8
2025-10-24,Atlántico,Tienda física,Snacks,Mix de frutos secos,J. Peña,6,9500.0,0.15,48450.0,3.7
2026-03-03,Antioquia,Marketplace,Bebidas,Agua saborizada,S. Vargas,8,7300.0,0.0,58400.0,2.9
2025-11-09,Bogotá,Marketplace,Snacks,Chips de plátano,A. Rojas,11,17200.0,0.0,189200.0,3.3
2026-04-29,Antioquia,Distribuidor,Café,Café molido 500g,M. Torres,9,25500.0,0.0,229500.0,4.7
2026-03-09,Santander,Tienda física,Bebidas,Té frío 500ml,C. Ramírez,11,5900.0,0.1,58410.0,2.8
2026-06-20,Antioquia,E-commerce,Bebidas,Té frío 500ml,D. Mejía,20,7500.0,0.0,150000.0,4.1
2026-06-28,Atlántico,Tienda física,Snacks,Mix de frutos secos,A. Rojas,20,9300.0,0.0,186000.0,2.9
2026-03-06,Bogotá,Marketplace,Bebidas,Té frío 500ml,S. Vargas,18,7600.0,0.05,129960.0,3.2
2026-07-20,Valle del Cauca,Tienda física,Snacks,Chips de plátano,S. Vargas,27,9300.0,0.15,213435.0,3.3
2026-05-04,Bogotá,E-commerce,Snacks,Mix de frutos secos,C. Ramírez,11,13900.0,0.05,145255.0,5.0
2026-06-04,Valle del Cauca,Marketplace,Cuidado,Jabón artesanal,D. Mejía,26,19500.0,0.15,430950.0,2.9
2025-08-27,Antioquia,Distribuidor,Snacks,Barra de cereal,S. Vargas,1,9700.0,0.0,9700.0,3.3
2026-04-01,Bogotá,E-commerce,Café,Café en grano 1kg,M. Torres,18,35200.0,0.1,570240.0,3.6
2026-02-15,Antioquia,Tienda física,Café,Café en grano 1kg,C. Ramírez,10,27700.0,0.15,235450.0,4.9
2026-02-05,Eje Cafetero,Distribuidor,Snacks,Barra de cereal,A. Rojas,6,8500.0,0.0,51000.0,4.2
2025-09-29,Bogotá,Tienda física,Café,Café en grano 1kg,L. Gómez,13,39000.0,0.0,507000.0,4.8
2026-04-01,Eje Cafetero,Distribuidor,Cuidado,Jabón artesanal,L. Gómez,2,18100.0,0.0,36200.0,2.8
2025-08-26,Santander,Distribuidor,Café,Café molido 500g,A. Rojas,6,28000.0,0.0,168000.0,4.6
2026-05-10,Santander,E-commerce,Cuidado,Shampoo sólido,J. Peña,19,23400.0,0.15,377910.0,2.8
2025-12-13,Atlántico,E-commerce,Cuidado,Crema corporal,L. Gómez,17,30500.0,0.0,518500.0,4.7
2026-05-22,Bogotá,Distribuidor,Café,Cápsulas x20,J. Peña,15,39000.0,0.1,526500.0,3.1
2025-09-19,Bogotá,Distribuidor,Café,Café en grano 1kg,S. Vargas,1,33500.0,0.05,31825.0,4.5
2026-04-16,Santander,Distribuidor,Snacks,Chips de plátano,C. Ramírez,5,8300.0,0.0,41500.0,4.0
2026-04-05,Antioquia,Distribuidor,Snacks,Barra de cereal,M. Torres,19,8600.0,0.05,155230.0,3.6
2025-09-02,Atlántico,Tienda física,Cuidado,Shampoo sólido,J. Peña,9,21000.0,0.0,189000.0,4.3
2026-06-23,Bogotá,Marketplace,Cuidado,Shampoo sólido,D. Mejía,6,24100.0,0.0,144600.0,4.1
2025-10-01,Valle del Cauca,Marketplace,Bebidas,Té frío 500ml,M. Torres,8,6700.0,0.15,45560.0,3.8
2026-06-10,Atlántico,Tienda física,Snacks,Mix de frutos secos,M. Torres,10,9500.0,0.0,95000.0,3.5
2026-06-13,Valle del Cauca,Marketplace,Cuidado,Shampoo sólido,S. Vargas,8,20600.0,0.1,148320.0,
2026-06-03,Atlántico,Marketplace,Café,Café en grano 1kg,S. Vargas,14,25900.0,0.05,344470.0,4.9
2026-01-12,Antioquia,Tienda física,Café,Cápsulas x20,M. Torres,19,30600.0,0.1,523260.0,2.9
2025-10-24,Eje Cafetero,Tienda física,Snacks,Mix de frutos secos,L. Gómez,8,8500.0,0.1,61200.0,4.6
2026-01-19,Atlántico,Marketplace,Snacks,Barra de cereal,A. Rojas,13,10100.0,0.15,111605.0,2.9
2026-05-14,Valle del Cauca,E-commerce,Bebidas,Té frío 500ml,L. Gómez,11,7400.0,0.05,77330.0,4.7
2025-10-28,Eje Cafetero,Marketplace,Snacks,Barra de cereal,M. Torres,11,8100.0,0.15,75735.0,3.0
2026-05-04,Antioquia,Distribuidor,Cuidado,Crema corporal,J. Peña,20,19600.0,0.05,372400.0,3.7
2026-06-12,Valle del Cauca,Marketplace,Café,Cápsulas x20,M. Torres,27,29900.0,0.15,686205.0,3.9
2026-07-17,Antioquia,Marketplace,Bebidas,Agua saborizada,J. Peña,7,6900.0,0.0,48300.0,3.1
2026-03-09,Valle del Cauca,E-commerce,Snacks,Barra de cereal,D. Mejía,20,9700.0,0.0,194000.0,3.3
2026-02-07,Eje Cafetero,Tienda física,Bebidas,Jugo natural 1L,A. Rojas,18,6000.0,0.15,91800.0,2.9
2025-09-15,Santander,E-commerce,Café,Café molido 500g,J. Peña,25,30000.0,0.15,637500.0,4.9
2025-12-18,Santander,Distribuidor,Cuidado,Crema corporal,M. Torres,14,26700.0,0.1,336420.0,4.7
2026-07-18,Bogotá,Tienda física,Cuidado,Jabón artesanal,L. Gómez,25,21700.0,0.1,488250.0,3.6
2026-07-28,Bogotá,Marketplace,Cuidado,Shampoo sólido,S. Vargas,6,25400.0,0.05,144780.0,3.0
2026-03-23,Atlántico,Tienda física,Café,Café molido 500g,J. Peña,21,30900.0,0.1,584010.0,3.4
2026-06-28,Atlántico,E-commerce,Bebidas,Té frío 500ml,D. Mejía,14,7600.0,0.0,106400.0,4.8
2026-01-19,Bogotá,Marketplace,Cuidado,Crema corporal,D. Mejía,16,21500.0,0.1,309600.0,4.5
2026-03-17,Eje Cafetero,Distribuidor,Bebidas,Té frío 500ml,A. Rojas,6,6900.0,0.15,35190.0,4.7
2025-10-01,Atlántico,Distribuidor,Cuidado,Shampoo sólido,D. Mejía,21,21600.0,0.15,385560.0,2.8
2025-12-15,Eje Cafetero,Tienda física,Snacks,Mix de frutos secos,A. Rojas,29,13500.0,0.15,332775.0,2.8
2025-12-04,Antioquia,Tienda física,Cuidado,Crema corporal,L. Gómez,10,29500.0,0.0,295000.0,4.4
2025-09-29,Santander,Tienda física,Snacks,Barra de cereal,S. Vargas,16,8200.0,0.0,131200.0,4.0
2025-08-11,Atlántico,Marketplace,Cuidado,Jabón artesanal,A. Rojas,1,20600.0,0.05,19570.0,3.3
2025-10-20,Eje Cafetero,Marketplace,Café,Café molido 500g,M. Torres,14,26200.0,0.0,366800.0,
2026-07-11,Eje Cafetero,Tienda física,Café,Café molido 500g,A. Rojas,12,27400.0,0.1,295920.0,3.9
2025-10-08,Bogotá,Marketplace,Bebidas,Jugo natural 1L,L. Gómez,21,8900.0,0.1,168210.0,4.0
2026-03-27,Antioquia,Tienda física,Snacks,Barra de cereal,A. Rojas,14,9200.0,0.0,128800.0,3.7
2026-04-27,Bogotá,E-commerce,Cuidado,Shampoo sólido,C. Ramírez,19,25600.0,0.15,413440.0,4.3
2025-12-28,Bogotá,Tienda física,Café,Café en grano 1kg,A. Rojas,13,45000.0,0.0,585000.0,3.6
2026-03-17,Atlántico,E-commerce,Cuidado,Shampoo sólido,J. Peña,6,19300.0,0.0,115800.0,3.4
2026-02-04,Atlántico,Tienda física,Snacks,Mix de frutos secos,C. Ramírez,15,8500.0,0.0,127500.0,3.0
2025-11-28,Valle del Cauca,E-commerce,Bebidas,Té frío 500ml,J. Peña,18,8800.0,0.0,158400.0,3.1
